-- MySQL dump 10.13  Distrib 8.0.43, for Linux (x86_64)
--
-- Host: localhost    Database: cslogbook_prod
-- ------------------------------------------------------
-- Server version	8.0.43

/*!40101 SET @OLD_CHARACTER_SET_CLIENT=@@CHARACTER_SET_CLIENT */;
/*!40101 SET @OLD_CHARACTER_SET_RESULTS=@@CHARACTER_SET_RESULTS */;
/*!40101 SET @OLD_COLLATION_CONNECTION=@@COLLATION_CONNECTION */;
/*!50503 SET NAMES utf8mb4 */;
/*!40103 SET @OLD_TIME_ZONE=@@TIME_ZONE */;
/*!40103 SET TIME_ZONE='+00:00' */;
/*!40014 SET @OLD_UNIQUE_CHECKS=@@UNIQUE_CHECKS, UNIQUE_CHECKS=0 */;
/*!40014 SET @OLD_FOREIGN_KEY_CHECKS=@@FOREIGN_KEY_CHECKS, FOREIGN_KEY_CHECKS=0 */;
/*!40101 SET @OLD_SQL_MODE=@@SQL_MODE, SQL_MODE='NO_AUTO_VALUE_ON_ZERO' */;
/*!40111 SET @OLD_SQL_NOTES=@@SQL_NOTES, SQL_NOTES=0 */;

--
-- Table structure for table `SequelizeMeta`
--

DROP TABLE IF EXISTS `SequelizeMeta`;
/*!40101 SET @saved_cs_client     = @@character_set_client */;
/*!50503 SET character_set_client = utf8mb4 */;
CREATE TABLE `SequelizeMeta` (
  `name` varchar(255) CHARACTER SET utf8mb3 COLLATE utf8mb3_unicode_ci NOT NULL,
  PRIMARY KEY (`name`),
  UNIQUE KEY `name` (`name`)
) ENGINE=InnoDB DEFAULT CHARSET=utf8mb3 COLLATE=utf8mb3_unicode_ci;
/*!40101 SET character_set_client = @saved_cs_client */;

--
-- Dumping data for table `SequelizeMeta`
--

LOCK TABLES `SequelizeMeta` WRITE;
/*!40000 ALTER TABLE `SequelizeMeta` DISABLE KEYS */;
INSERT INTO `SequelizeMeta` VALUES ('20250101000000-add-teacher-sub-roles.js'),('20250101000001-convert-admin-to-teacher-support.js'),('20250323181346-create-fixed-timeline-tables.js'),('20250422045919-create-curriculums.js'),('20250422050808-add-short-name-to-curriculums.js'),('20250423040003-add_credits_to_curriculums.js'),('20250423042620-update_credits_allow_null.js'),('20250423044630-add_max_credits_to_curriculums.js'),('20250424213208-create_academics_table.js'),('20250428080602-add_active_curriculum_id_to_academics.js'),('20250429000000-create-timeline-steps.js'),('20250429083033-add-student-year-to-students.js'),('20250508000000-create-approval-tokens.js'),('20250511000000-create-internship-logbook-reflection.js'),('20250513000001-create-workflow-step-definitions.js'),('20250513084144-create-student-workflow-activities.js'),('20250514095914-add-curriculum-id-to-students.js'),('20250516192908-add-pending-approval-to-internship-status.js'),('20250516201713-add-pending-approval-to-overall-workflow-status.js'),('20250518090949-add-is-current-to-academics.js'),('20250518120000-remove-academicYear-semester-from-students.js'),('20250518121000-add-academicYear-semester-to-internship-logbooks.js'),('20250518122000-create-student-academic-histories.js'),('20250518130000-remove-studentYear-from-students.js'),('20250518143859-change-supervisor-id-to-string-in-approval-tokens.js'),('20250518155741-add-supervisor-approval-timestamps-to-internship-logbooks.js'),('20250518160605-change-supervisor-approved-to-integer.js'),('20250518162933-change-supervisor-id-to-string-in-approval-tokens.js'),('20250522062110-create-internship-evaluations.js'),('20250522082745-add-document-id-to-approval-tokens.js'),('20250522083456-add-email-to-approval-tokens.js'),('20250522111432-add-status-used.js'),('20250527120000-add-supervisor-evaluated-to-document-status.js'),('20250528101043-create-notification-settings.js'),('20250528120518-create-notification-settings-fixed.js'),('20250528131608-fix-foreignkey-constraint.js'),('20250613091722-add-classroom-phone-to-students.js'),('20250613121611-add-internshippos-contact-name-pos-to-internshipdocuments.js'),('20250615142055-add-category-acceptance-in-documents.js'),('20250615214418-add-download_status-in-documents.js'),('20250706074957-create-internship-certificate-requests.js'),('20250824090000-add-advanced-evaluation-fields.js'),('20250824093000-drop-old-evaluation-columns.js'),('20250824094000-remove-overall-grade-column.js'),('20250824103000-add-academic-year-semester-to-internship-documents.js'),('20250825094500-create-password-reset-tokens.js'),('20250825110000-add-temp-new-password-hash.js'),('20250828090000-alter-important-deadlines-add-flags-and-policy.js'),('20250828094500-alter-documents-add-late-and-deadline-link.js'),('20250828103000-add-deadline-at-to-important-deadlines.js'),('20250828140000-add-window-period-to-important-deadlines.js'),('20250829100000-add-deadline-extended-structures.js'),('20250829120000-merge-relatedWorkflow-into-relatedTo.js'),('20250919090000-create-project-milestones.js'),('20250919090100-create-project-artifacts.js'),('20250919090200-create-project-events.js'),('20250919093000-add-project-lifecycle-fields.js'),('20250919094500-alter-project-documents-allow-null-draft-fields.js'),('20250919120000-add-proposal-detail-fields.js'),('20250919123000-create-project-tracks.js'),('20250923093000-add-exam-result-fields-to-project-documents.js'),('20250923110000-create-upload-history.js'),('20250925120000-add-details-column-upload-history.js'),('20250928090000-add-meeting-log-approvals.js'),('20250928103000-add-topic-exam-access-to-teachers.js'),('20250928112000-update-student-workflow-status-enums.js'),('20250928121500-update-student-project-status-enum.js'),('20250929110000-create-project-defense-requests.js'),('20250930113000-add-project1-defense-schedule.js'),('20251001090000-update-project1-workflow-steps.js'),('20251001120000-add-can-export-project1.js'),('20251002100000-update-project1-team-ready-label.js'),('20251003100000-add-approvals-and-verification-to-project-defense-requests.js'),('20251003120000-create-project-exam-results.js'),('20251004120000-add-phase-to-meetings.js'),('20251004143000-create-project-test-requests.js'),('20251004161000-alter-project-test-requests-optional-file.js'),('20251005103000-fix-project-advisor-foreign-keys.js'),('20251102100000-create-project-workflow-states.js'),('20251102204230-add-late-submission-tracking.js'),('20251103100000-add-project-computed-status-fields.js'),('20251103110000-create-project-status-overview-view.js'),('20251104235248-add-cancelled-status-to-documents.js'),('20251104235750-add-cancelled-status-to-workflow.js'),('20251105040000-add-meeting-to-notification-settings-enum.js'),('20251105074200-add-late-submission-to-defense-and-test-requests.js'),('20251105155116-add-co-advisor-to-project-test-requests.js'),('20251105170838-,add-cancelled-status-to-projects.js');
/*!40000 ALTER TABLE `SequelizeMeta` ENABLE KEYS */;
UNLOCK TABLES;

--
-- Table structure for table `academics`
--

DROP TABLE IF EXISTS `academics`;
/*!40101 SET @saved_cs_client     = @@character_set_client */;
/*!50503 SET character_set_client = utf8mb4 */;
CREATE TABLE `academics` (
  `id` int NOT NULL AUTO_INCREMENT,
  `academic_year` int DEFAULT NULL,
  `current_semester` int DEFAULT NULL,
  `semester1_range` json DEFAULT NULL,
  `semester2_range` json DEFAULT NULL,
  `semester3_range` json DEFAULT NULL,
  `internship_registration` json DEFAULT NULL,
  `project_registration` json DEFAULT NULL,
  `internship_semesters` json DEFAULT NULL,
  `project_semesters` json DEFAULT NULL,
  `created_at` datetime NOT NULL DEFAULT CURRENT_TIMESTAMP,
  `updated_at` datetime NOT NULL DEFAULT CURRENT_TIMESTAMP,
  `active_curriculum_id` int DEFAULT NULL,
  `is_current` tinyint(1) NOT NULL DEFAULT '0',
  PRIMARY KEY (`id`),
  KEY `academics_active_curriculum_id_foreign_idx` (`active_curriculum_id`),
  CONSTRAINT `academics_active_curriculum_id_foreign_idx` FOREIGN KEY (`active_curriculum_id`) REFERENCES `curriculums` (`curriculum_id`) ON DELETE SET NULL ON UPDATE CASCADE
) ENGINE=InnoDB AUTO_INCREMENT=3 DEFAULT CHARSET=utf8mb4 COLLATE=utf8mb4_unicode_ci;
/*!40101 SET character_set_client = @saved_cs_client */;

--
-- Dumping data for table `academics`
--

LOCK TABLES `academics` WRITE;
/*!40000 ALTER TABLE `academics` DISABLE KEYS */;
INSERT INTO `academics` VALUES (2,2568,2,'{\"end\": \"2025-10-12\", \"start\": \"2025-05-26\"}','{\"end\": \"2026-03-29\", \"start\": \"2025-11-24\"}','{\"end\": \"2026-05-31\", \"start\": \"2026-04-20\"}','{\"endDate\": \"2026-03-20\", \"startDate\": \"2026-01-01\"}','{\"endDate\": \"2025-10-12\", \"startDate\": \"2025-05-26\"}','[2]','[1, 2]','2025-10-06 03:26:30','2025-11-24 00:05:00',44,1);
/*!40000 ALTER TABLE `academics` ENABLE KEYS */;
UNLOCK TABLES;

--
-- Table structure for table `admins`
--

DROP TABLE IF EXISTS `admins`;
/*!40101 SET @saved_cs_client     = @@character_set_client */;
/*!50503 SET character_set_client = utf8mb4 */;
CREATE TABLE `admins` (
  `admin_id` int NOT NULL AUTO_INCREMENT,
  `user_id` int NOT NULL,
  `admin_code` varchar(10) NOT NULL,
  `responsibilities` text,
  `contact_extension` varchar(20) DEFAULT NULL,
  `created_at` timestamp NULL DEFAULT CURRENT_TIMESTAMP,
  `updated_at` timestamp NULL DEFAULT CURRENT_TIMESTAMP ON UPDATE CURRENT_TIMESTAMP,
  PRIMARY KEY (`admin_id`),
  UNIQUE KEY `admin_code` (`admin_code`),
  KEY `user_id` (`user_id`),
  CONSTRAINT `admins_ibfk_1` FOREIGN KEY (`user_id`) REFERENCES `users` (`user_id`) ON DELETE CASCADE
) ENGINE=InnoDB DEFAULT CHARSET=utf8mb4 COLLATE=utf8mb4_0900_ai_ci;
/*!40101 SET character_set_client = @saved_cs_client */;

--
-- Dumping data for table `admins`
--

LOCK TABLES `admins` WRITE;
/*!40000 ALTER TABLE `admins` DISABLE KEYS */;
/*!40000 ALTER TABLE `admins` ENABLE KEYS */;
UNLOCK TABLES;

--
-- Table structure for table `approval_tokens`
--

DROP TABLE IF EXISTS `approval_tokens`;
/*!40101 SET @saved_cs_client     = @@character_set_client */;
/*!50503 SET character_set_client = utf8mb4 */;
CREATE TABLE `approval_tokens` (
  `token_id` int NOT NULL AUTO_INCREMENT,
  `token` varchar(255) CHARACTER SET utf8mb4 COLLATE utf8mb4_unicode_ci NOT NULL,
  `log_id` varchar(255) CHARACTER SET utf8mb4 COLLATE utf8mb4_unicode_ci NOT NULL,
  `supervisor_id` varchar(255) CHARACTER SET utf8mb4 COLLATE utf8mb4_unicode_ci DEFAULT NULL,
  `student_id` varchar(20) CHARACTER SET utf8mb4 COLLATE utf8mb4_unicode_ci NOT NULL,
  `type` enum('single','weekly','monthly','full','supervisor_evaluation') CHARACTER SET utf8mb4 COLLATE utf8mb4_unicode_ci NOT NULL DEFAULT 'single',
  `status` enum('pending','approved','rejected','used') CHARACTER SET utf8mb4 COLLATE utf8mb4_unicode_ci NOT NULL DEFAULT 'pending',
  `expires_at` datetime NOT NULL,
  `comment` text CHARACTER SET utf8mb4 COLLATE utf8mb4_unicode_ci,
  `created_at` datetime NOT NULL DEFAULT CURRENT_TIMESTAMP,
  `updated_at` datetime NOT NULL DEFAULT CURRENT_TIMESTAMP,
  `document_id` int DEFAULT NULL,
  `email` varchar(255) CHARACTER SET utf8mb4 COLLATE utf8mb4_unicode_ci DEFAULT NULL,
  PRIMARY KEY (`token_id`),
  UNIQUE KEY `token` (`token`),
  KEY `approval_tokens_token` (`token`),
  KEY `approval_tokens_student_id` (`student_id`),
  KEY `approval_tokens_supervisor_id` (`supervisor_id`),
  KEY `approval_tokens_status` (`status`),
  KEY `approval_tokens_document_id_foreign_idx` (`document_id`),
  CONSTRAINT `approval_tokens_document_id_foreign_idx` FOREIGN KEY (`document_id`) REFERENCES `documents` (`document_id`) ON DELETE SET NULL ON UPDATE CASCADE
) ENGINE=InnoDB AUTO_INCREMENT=235 DEFAULT CHARSET=utf8mb4 COLLATE=utf8mb4_unicode_ci;
/*!40101 SET character_set_client = @saved_cs_client */;

--
-- Dumping data for table `approval_tokens`
--

LOCK TABLES `approval_tokens` WRITE;
/*!40000 ALTER TABLE `approval_tokens` DISABLE KEYS */;
INSERT INTO `approval_tokens` VALUES (219,'0f85ea19d0d9a51630b03b8f5b07cacc46bfe5935eb343646f7ef972079c2958','483','chinnakrit150@gmail.com','1006','weekly','pending','2025-11-09 01:33:35',NULL,'2025-11-02 01:33:35','2025-11-02 01:33:35',NULL,NULL),(220,'ecdb00f617699ca515a42c18350ede54423c6377caae70523741c0c1cf3fa86b','483','chinnakrit150@gmail.com','1006','weekly','pending','2025-11-09 01:33:35',NULL,'2025-11-02 01:33:35','2025-11-02 01:33:35',NULL,NULL),(221,'3629d40a17442ededf7c038c3a2d9c7deeac8b81082440f06d37e2c23ade6d26','483','chinnakrit150@gmail.com','1006','weekly','pending','2025-11-09 01:38:25',NULL,'2025-11-02 01:38:25','2025-11-02 01:38:25',NULL,NULL),(222,'6e10ca0af47c35a990ddee176b4b90de4618c0bcc6f3f81b32bb2b5b43456656','483','chinnakrit150@gmail.com','1006','weekly','pending','2025-11-09 01:38:25',NULL,'2025-11-02 01:38:25','2025-11-02 01:38:25',NULL,NULL),(223,'7ac9b992a0abd3456b770d866d009166e165a9c83acd7268e78c679b46c7ad42','483','chinnakrit150@gmail.com','1006','weekly','approved','2025-11-09 01:41:51',NULL,'2025-11-02 01:41:51','2025-11-02 01:42:17',NULL,NULL),(224,'00292b8ac3e677b9e027aaccb3c143f1cad59ca32c8214971f463cbfe1e3d2ed','483','chinnakrit150@gmail.com','1006','weekly','pending','2025-11-09 01:41:51',NULL,'2025-11-02 01:41:51','2025-11-02 01:41:51',NULL,NULL),(225,'7fa22cc282546b9eebd69cc8d8994d14c261fb9f1fc6d9f93e6b3786b3034db2','145','ผู้ควบคุมงาน','1362','supervisor_evaluation','pending','2025-11-09 17:07:50',NULL,'2025-11-02 17:07:50','2025-11-02 17:10:40',145,'kchaos1150@gmail.com'),(226,'cfe606bbc3a09eb87729cefc97d340c6ca2ff34af5ebd388951256b467d38c54','149','ผู้ควบคุมงาน7','1366','supervisor_evaluation','used','2025-11-09 17:29:34',NULL,'2025-11-02 17:29:34','2025-11-02 17:30:41',149,'kchaos1150@gmail.com'),(227,'8bd0d9be70a4e4a22a37d29588ae82660f72bc28b238f42d1301ae2b4cae794d','717,718,719,720,721,722,723,724,725,726,727,728,729,730,731,732,733,734,735,736,737,738,739,740,741,742,743,744,745,746,747,748,749,750,751,752,753,754,755,756,757,758,759,760,761,762,763,764,765,766,767,768','k-chaos12@hotmail.com','1007','full','pending','2025-11-09 20:23:26',NULL,'2025-11-02 20:23:26','2025-11-02 20:23:26',NULL,NULL),(228,'72e887f57670977ba41782a008208e8a37bcd84dd03f4a59318b0fa1e33a01f9','717,718,719,720,721,722,723,724,725,726,727,728,729,730,731,732,733,734,735,736,737,738,739,740,741,742,743,744,745,746,747,748,749,750,751,752,753,754,755,756,757,758,759,760,761,762,763,764,765,766,767,768','k-chaos12@hotmail.com','1007','full','pending','2025-11-09 20:23:26',NULL,'2025-11-02 20:23:26','2025-11-02 20:23:26',NULL,NULL),(229,'293fa68efe903b767c67f264502adfa178960109e3e0d192eff0127c7d1bbc63','717,718,719,720,721,722,723,724,725,726,727,728,729,730,731,732,733,734,735,736,737,738,739,740,741,742,743,744,745,746,747,748,749,750,751,752,753,754,755,756,757,758,759,760,761,762,763,764,765,766,767,768','kchaos1150@gmail.com','1007','full','pending','2025-11-09 20:25:11',NULL,'2025-11-02 20:25:11','2025-11-02 20:25:11',NULL,NULL),(230,'673c80f36b55b0e20b5fe7b78380465a4ac669aeb1ab02038c905a3c29289fc4','717,718,719,720,721,722,723,724,725,726,727,728,729,730,731,732,733,734,735,736,737,738,739,740,741,742,743,744,745,746,747,748,749,750,751,752,753,754,755,756,757,758,759,760,761,762,763,764,765,766,767,768','kchaos1150@gmail.com','1007','full','pending','2025-11-09 20:25:11',NULL,'2025-11-02 20:25:11','2025-11-02 20:25:11',NULL,NULL),(233,'2a2ecf85b9e645f118379a24be28e88afbb20c25a09eb7d8ae1c3592811d7f08','777,778,779,780,781','kchaos1150@gmail.com','1006','weekly','pending','2025-11-12 02:04:56',NULL,'2025-11-05 02:04:56','2025-11-05 02:04:56',NULL,NULL),(234,'cfe07957ff3c9c5ecbd023647909e797bab6447e1170fa2b7505900a7e18ac18','777,778,779,780,781','kchaos1150@gmail.com','1006','weekly','pending','2025-11-12 02:04:56',NULL,'2025-11-05 02:04:56','2025-11-05 02:04:56',NULL,NULL);
/*!40000 ALTER TABLE `approval_tokens` ENABLE KEYS */;
UNLOCK TABLES;

--
-- Table structure for table `curriculums`
--

DROP TABLE IF EXISTS `curriculums`;
/*!40101 SET @saved_cs_client     = @@character_set_client */;
/*!50503 SET character_set_client = utf8mb4 */;
CREATE TABLE `curriculums` (
  `curriculum_id` int NOT NULL AUTO_INCREMENT,
  `code` varchar(10) CHARACTER SET utf8mb4 COLLATE utf8mb4_unicode_ci NOT NULL,
  `name` varchar(255) CHARACTER SET utf8mb4 COLLATE utf8mb4_unicode_ci NOT NULL,
  `short_name` varchar(100) CHARACTER SET utf8mb4 COLLATE utf8mb4_unicode_ci DEFAULT NULL,
  `start_year` int NOT NULL,
  `end_year` int DEFAULT NULL,
  `active` tinyint(1) DEFAULT '1',
  `created_at` datetime NOT NULL DEFAULT CURRENT_TIMESTAMP,
  `updated_at` datetime NOT NULL DEFAULT CURRENT_TIMESTAMP,
  `total_credits` int DEFAULT NULL,
  `major_credits` int DEFAULT NULL,
  `max_credits` int DEFAULT NULL,
  `internship_base_credits` int DEFAULT NULL,
  `project_base_credits` int DEFAULT NULL,
  `project_major_base_credits` int DEFAULT NULL,
  PRIMARY KEY (`curriculum_id`),
  UNIQUE KEY `code` (`code`)
) ENGINE=InnoDB AUTO_INCREMENT=46 DEFAULT CHARSET=utf8mb4 COLLATE=utf8mb4_unicode_ci;
/*!40101 SET character_set_client = @saved_cs_client */;

--
-- Dumping data for table `curriculums`
--

LOCK TABLES `curriculums` WRITE;
/*!40000 ALTER TABLE `curriculums` DISABLE KEYS */;
INSERT INTO `curriculums` VALUES (44,'64046034','หลักสูตรวิทยาศาสตรบัณฑิต สาขาวิชาวิทยาการคอมพิวเตอร์ (หลักสูตรปรับปรุง พ.ศ. 2564)','CS64',2564,2568,1,'2025-10-06 03:01:24','2025-10-28 08:51:22',NULL,NULL,128,81,95,57),(45,'59040644','หลักสูตรวิทยาศาสตรบัณฑิต สาขาวิชาวิทยาการคอมพิวเตอร์ (หลักสูตรปรับปรุง พ.ศ. 2559)','CS59',2559,2563,0,'2025-10-15 09:28:34','2025-10-28 08:51:22',NULL,NULL,135,85,102,57);
/*!40000 ALTER TABLE `curriculums` ENABLE KEYS */;
UNLOCK TABLES;

--
-- Table structure for table `deadline_workflow_mappings`
--

DROP TABLE IF EXISTS `deadline_workflow_mappings`;
/*!40101 SET @saved_cs_client     = @@character_set_client */;
/*!50503 SET character_set_client = utf8mb4 */;
CREATE TABLE `deadline_workflow_mappings` (
  `id` int NOT NULL AUTO_INCREMENT,
  `important_deadline_id` int NOT NULL,
  `workflow_type` enum('internship','project1','project2') NOT NULL,
  `step_key` varchar(255) DEFAULT NULL,
  `document_subtype` varchar(100) DEFAULT NULL,
  `auto_assign` enum('on_create','on_submit','on_approve','on_generate') NOT NULL DEFAULT 'on_submit',
  `active` tinyint(1) NOT NULL DEFAULT '1',
  `created_at` datetime NOT NULL DEFAULT CURRENT_TIMESTAMP,
  `updated_at` datetime NOT NULL DEFAULT CURRENT_TIMESTAMP,
  PRIMARY KEY (`id`),
  UNIQUE KEY `uq_deadline_mapping_combo` (`workflow_type`,`step_key`,`document_subtype`),
  KEY `deadline_workflow_mappings_important_deadline_id` (`important_deadline_id`),
  KEY `deadline_workflow_mappings_workflow_type` (`workflow_type`),
  CONSTRAINT `deadline_workflow_mappings_ibfk_1` FOREIGN KEY (`important_deadline_id`) REFERENCES `important_deadlines` (`id`) ON DELETE CASCADE
) ENGINE=InnoDB AUTO_INCREMENT=8 DEFAULT CHARSET=utf8mb4 COLLATE=utf8mb4_0900_ai_ci;
/*!40101 SET character_set_client = @saved_cs_client */;

--
-- Dumping data for table `deadline_workflow_mappings`
--

LOCK TABLES `deadline_workflow_mappings` WRITE;
/*!40000 ALTER TABLE `deadline_workflow_mappings` DISABLE KEYS */;
INSERT INTO `deadline_workflow_mappings` VALUES (1,74,'project2',NULL,'THESIS_DEFENSE_REQUEST','on_submit',1,'2025-11-05 15:41:14','2025-11-05 15:41:14'),(2,75,'project1',NULL,'PROJECT1_DEFENSE_REQUEST','on_submit',1,'2025-11-05 15:44:28','2025-11-05 15:44:28'),(3,76,'project1',NULL,'PROJECT1_PROPOSAL','on_submit',1,'2025-11-05 16:17:42','2025-11-05 16:17:42'),(4,77,'project1',NULL,'PROJECT1_PROPOSAL','on_submit',1,'2025-12-04 13:38:03','2025-12-04 13:38:03'),(5,81,'project1',NULL,'PROJECT1_DEFENSE_REQUEST','on_submit',1,'2025-12-04 13:43:03','2025-12-04 13:43:03'),(6,84,'project2',NULL,'PROJECT_SYSTEM_TEST_REQUEST','on_submit',1,'2025-12-04 13:47:55','2025-12-04 13:47:55'),(7,85,'project2',NULL,'THESIS_DEFENSE_REQUEST','on_submit',1,'2025-12-04 13:49:29','2025-12-04 13:49:29');
/*!40000 ALTER TABLE `deadline_workflow_mappings` ENABLE KEYS */;
UNLOCK TABLES;

--
-- Table structure for table `document_logs`
--

DROP TABLE IF EXISTS `document_logs`;
/*!40101 SET @saved_cs_client     = @@character_set_client */;
/*!50503 SET character_set_client = utf8mb4 */;
CREATE TABLE `document_logs` (
  `log_id` int NOT NULL AUTO_INCREMENT,
  `document_id` int NOT NULL,
  `user_id` int DEFAULT NULL,
  `action_type` enum('create','update','delete','approve','reject') NOT NULL,
  `previous_status` varchar(50) DEFAULT NULL,
  `new_status` varchar(50) DEFAULT NULL,
  `comment` text,
  `created_at` timestamp NULL DEFAULT CURRENT_TIMESTAMP,
  PRIMARY KEY (`log_id`),
  KEY `fk_doclog_user` (`user_id`),
  KEY `idx_doclog_document` (`document_id`),
  KEY `idx_doclog_action` (`action_type`),
  CONSTRAINT `fk_doclog_document` FOREIGN KEY (`document_id`) REFERENCES `documents` (`document_id`) ON DELETE CASCADE,
  CONSTRAINT `fk_doclog_user` FOREIGN KEY (`user_id`) REFERENCES `users` (`user_id`) ON DELETE SET NULL
) ENGINE=InnoDB AUTO_INCREMENT=117 DEFAULT CHARSET=utf8mb4 COLLATE=utf8mb4_0900_ai_ci;
/*!40101 SET character_set_client = @saved_cs_client */;

--
-- Dumping data for table `document_logs`
--

LOCK TABLES `document_logs` WRITE;
/*!40000 ALTER TABLE `document_logs` DISABLE KEYS */;
INSERT INTO `document_logs` VALUES (51,126,726,'update','pending','pending','ตรวจสอบโดยเจ้าหน้าที่ภาควิชา','2025-10-30 12:28:56'),(52,126,725,'approve','pending','approved','อนุมัติโดยหัวหน้าภาค','2025-10-30 12:30:49'),(53,127,726,'update','pending','pending','ตรวจสอบโดยเจ้าหน้าที่ภาควิชา (Acceptance Letter)','2025-10-30 12:42:11'),(54,127,725,'approve','pending','approved','อนุมัติหนังสือตอบรับการฝึกงาน','2025-10-30 12:42:29'),(59,131,726,'update','pending','pending','ตรวจสอบโดยเจ้าหน้าที่ภาควิชา','2025-10-30 14:05:00'),(60,131,725,'approve','pending','approved','อนุมัติโดยหัวหน้าภาค','2025-10-30 14:05:30'),(61,133,726,'update','pending','pending','ตรวจสอบโดยเจ้าหน้าที่ภาควิชา (Acceptance Letter)','2025-10-30 14:12:18'),(62,133,725,'approve','pending','approved','อนุมัติหนังสือตอบรับการฝึกงาน','2025-10-30 14:12:40'),(63,134,726,'update','pending','pending','ตรวจสอบโดยเจ้าหน้าที่ภาควิชา','2025-10-30 15:11:16'),(64,134,725,'approve','pending','approved','อนุมัติโดยหัวหน้าภาค','2025-10-30 15:11:46'),(65,135,726,'update','pending','pending','ตรวจสอบโดยเจ้าหน้าที่ภาควิชา (Acceptance Letter)','2025-10-30 15:15:54'),(66,135,725,'approve','pending','approved','อนุมัติหนังสือตอบรับการฝึกงาน','2025-10-30 15:16:02'),(73,140,727,'update','pending','pending','ตรวจสอบโดยเจ้าหน้าที่ภาควิชา','2025-11-01 08:08:46'),(74,141,727,'update','pending','pending','ตรวจสอบโดยเจ้าหน้าที่ภาควิชา','2025-11-01 08:14:26'),(75,141,725,'approve','pending','approved','อนุมัติโดยหัวหน้าภาค','2025-11-01 08:47:40'),(76,136,727,'update','pending','pending','ตรวจสอบโดยเจ้าหน้าที่ภาควิชา','2025-11-01 09:09:53'),(77,141,725,'approve','pending','approved','อนุมัติโดยหัวหน้าภาค','2025-11-01 09:37:39'),(78,142,727,'update','pending','pending','ตรวจสอบโดยเจ้าหน้าที่ภาควิชา (Acceptance Letter)','2025-11-01 09:41:38'),(79,143,727,'update','pending','pending','ตรวจสอบโดยเจ้าหน้าที่ภาควิชา','2025-11-01 10:53:11'),(80,143,725,'approve','pending','approved','อนุมัติโดยหัวหน้าภาค','2025-11-01 10:53:23'),(81,144,727,'update','pending','pending','ตรวจสอบโดยเจ้าหน้าที่ภาควิชา (Acceptance Letter)','2025-11-01 10:54:36'),(82,144,725,'approve','pending','approved','อนุมัติหนังสือตอบรับการฝึกงาน','2025-11-01 10:58:07'),(83,145,727,'update','pending','pending','ตรวจสอบโดยเจ้าหน้าที่ภาควิชา','2025-11-01 11:14:41'),(84,145,725,'approve','pending','approved','อนุมัติโดยหัวหน้าภาค','2025-11-01 11:14:49'),(85,146,727,'update','pending','pending','ตรวจสอบโดยเจ้าหน้าที่ภาควิชา (Acceptance Letter)','2025-11-01 11:21:52'),(86,146,725,'approve','pending','approved','อนุมัติหนังสือตอบรับการฝึกงาน','2025-11-01 11:22:10'),(87,147,727,'update','pending','pending','ตรวจสอบโดยเจ้าหน้าที่ภาควิชา','2025-11-01 12:22:10'),(88,147,725,'approve','pending','approved','อนุมัติโดยหัวหน้าภาค','2025-11-01 12:22:18'),(89,148,727,'update','pending','pending','ตรวจสอบโดยเจ้าหน้าที่ภาควิชา (Acceptance Letter)','2025-11-01 12:22:49'),(90,148,725,'approve','pending','approved','อนุมัติหนังสือตอบรับการฝึกงาน','2025-11-01 12:22:56'),(91,149,727,'update','pending','pending','ตรวจสอบโดยเจ้าหน้าที่ภาควิชา','2025-11-01 12:59:51'),(92,149,725,'approve','pending','approved','อนุมัติโดยหัวหน้าภาค','2025-11-01 13:00:01'),(93,150,727,'update','pending','pending','ตรวจสอบโดยเจ้าหน้าที่ภาควิชา (Acceptance Letter)','2025-11-01 13:00:34'),(94,150,725,'approve','pending','approved','อนุมัติหนังสือตอบรับการฝึกงาน','2025-11-01 13:00:40'),(95,151,726,'update','pending','pending','ตรวจสอบโดยเจ้าหน้าที่ภาควิชา','2025-11-01 20:20:05'),(96,151,725,'approve','pending','approved','อนุมัติโดยหัวหน้าภาค','2025-11-01 20:22:33'),(97,153,726,'update','pending','pending','ตรวจสอบโดยเจ้าหน้าที่ภาควิชา (Acceptance Letter)','2025-11-01 20:27:56'),(98,153,725,'approve','pending','approved','อนุมัติหนังสือตอบรับการฝึกงาน','2025-11-01 20:28:41'),(103,158,727,'update','pending','pending','ตรวจสอบโดยเจ้าหน้าที่ภาควิชา','2025-11-04 08:56:57'),(104,158,725,'approve','pending','approved','อนุมัติโดยหัวหน้าภาค','2025-11-04 08:58:48'),(105,159,727,'update','pending','pending','ตรวจสอบโดยเจ้าหน้าที่ภาควิชา (Acceptance Letter)','2025-11-04 09:25:51'),(106,159,725,'approve','pending','approved','อนุมัติหนังสือตอบรับการฝึกงาน','2025-11-04 09:26:30'),(107,161,727,'update','pending','pending','ตรวจสอบโดยเจ้าหน้าที่ภาควิชา','2025-11-05 15:27:58'),(108,161,725,'approve','pending','approved','อนุมัติโดยหัวหน้าภาค','2025-11-05 15:28:28'),(109,162,727,'update','pending','pending','ตรวจสอบโดยเจ้าหน้าที่ภาควิชา (Acceptance Letter)','2025-11-05 15:29:11'),(110,162,725,'approve','pending','approved','อนุมัติหนังสือตอบรับการฝึกงาน','2025-11-05 15:29:25'),(111,163,727,'update','pending','pending','ตรวจสอบโดยเจ้าหน้าที่ภาควิชา','2025-11-05 15:35:56'),(112,163,725,'approve','pending','approved','อนุมัติโดยหัวหน้าภาค','2025-11-05 15:36:02'),(113,164,727,'update','pending','pending','ตรวจสอบโดยเจ้าหน้าที่ภาควิชา (Acceptance Letter)','2025-11-05 15:37:11'),(114,164,725,'approve','pending','approved','อนุมัติหนังสือตอบรับการฝึกงาน','2025-11-05 15:37:20'),(115,165,726,'update','pending','pending','ตรวจสอบโดยเจ้าหน้าที่ภาควิชา','2025-11-06 03:58:44'),(116,165,725,'approve','pending','approved','อนุมัติโดยหัวหน้าภาค','2025-11-06 04:00:16');
/*!40000 ALTER TABLE `document_logs` ENABLE KEYS */;
UNLOCK TABLES;

--
-- Table structure for table `documents`
--

DROP TABLE IF EXISTS `documents`;
/*!40101 SET @saved_cs_client     = @@character_set_client */;
/*!50503 SET character_set_client = utf8mb4 */;
CREATE TABLE `documents` (
  `document_id` int NOT NULL AUTO_INCREMENT,
  `user_id` int NOT NULL,
  `document_type` enum('INTERNSHIP','PROJECT') NOT NULL,
  `category` enum('proposal','progress','final','acceptance') NOT NULL,
  `document_name` varchar(255) NOT NULL,
  `file_path` varchar(255) DEFAULT NULL,
  `status` enum('draft','pending','approved','rejected','supervisor_evaluated','acceptance_approved','referral_ready','referral_downloaded','completed','cancelled') DEFAULT 'draft',
  `reviewer_id` int DEFAULT NULL,
  `review_date` timestamp NULL DEFAULT NULL,
  `review_comment` text,
  `created_at` timestamp NULL DEFAULT CURRENT_TIMESTAMP,
  `updated_at` timestamp NULL DEFAULT CURRENT_TIMESTAMP ON UPDATE CURRENT_TIMESTAMP,
  `due_date` datetime DEFAULT NULL,
  `file_size` int DEFAULT NULL,
  `mime_type` varchar(50) DEFAULT NULL,
  `download_status` enum('not_downloaded','downloaded') DEFAULT 'not_downloaded' COMMENT 'สถานะการดาวน์โหลดเอกสาร เช่น หนังสือส่งตัว หรือเอกสารอื่นๆ ที่สร้างแบบ real-time',
  `downloaded_at` datetime DEFAULT NULL COMMENT 'วันที่และเวลาที่ดาวน์โหลดล่าสุด',
  `download_count` int DEFAULT '0' COMMENT 'จำนวนครั้งที่ได้มีการดาวน์โหลดเอกสาร',
  `important_deadline_id` int DEFAULT NULL,
  `submitted_at` datetime DEFAULT NULL,
  `is_late` tinyint(1) NOT NULL DEFAULT '0',
  `late_minutes` int DEFAULT NULL,
  `late_reason` text,
  `submitted_late` tinyint(1) NOT NULL DEFAULT '0' COMMENT 'ส่งงานหลังเวลากำหนดหรือไม่',
  `submission_delay_minutes` int DEFAULT NULL COMMENT 'จำนวนนาทีที่ส่งช้า (null = ส่งทันหรือไม่ได้ track)',
  PRIMARY KEY (`document_id`),
  KEY `user_id` (`user_id`),
  KEY `reviewer_id` (`reviewer_id`),
  KEY `idx_document_status` (`status`),
  KEY `idx_document_type` (`document_type`),
  KEY `idx_document_created` (`created_at`),
  KEY `idx_documents_download_status` (`download_status`),
  KEY `idx_documents_type_download_status` (`document_type`,`download_status`),
  KEY `idx_documents_downloaded_at` (`downloaded_at`),
  KEY `documents_important_deadline_id_is_late` (`important_deadline_id`,`is_late`),
  KEY `idx_documents_submitted_late` (`submitted_late`),
  KEY `idx_documents_deadline_id` (`important_deadline_id`),
  CONSTRAINT `documents_ibfk_1` FOREIGN KEY (`user_id`) REFERENCES `users` (`user_id`) ON DELETE CASCADE,
  CONSTRAINT `documents_ibfk_2` FOREIGN KEY (`reviewer_id`) REFERENCES `users` (`user_id`) ON DELETE SET NULL
) ENGINE=InnoDB AUTO_INCREMENT=166 DEFAULT CHARSET=utf8mb4 COLLATE=utf8mb4_0900_ai_ci;
/*!40101 SET character_set_client = @saved_cs_client */;

--
-- Dumping data for table `documents`
--

LOCK TABLES `documents` WRITE;
/*!40000 ALTER TABLE `documents` DISABLE KEYS */;
INSERT INTO `documents` VALUES (126,1273,'INTERNSHIP','proposal','CS05','/app/uploads/internship/transcript/transcript-1273-1761827102838.pdf','approved',725,'2025-10-30 12:30:49',NULL,'2025-10-30 12:25:02','2025-10-30 12:30:49',NULL,15407,'application/pdf','not_downloaded',NULL,0,NULL,NULL,0,NULL,NULL,0,NULL),(127,1273,'INTERNSHIP','acceptance','ACCEPTANCE_LETTER','/app/uploads/internship/acceptance-letter/acceptance-letter-1273-1761827893086.pdf','approved',725,'2025-10-30 12:42:29',NULL,'2025-10-30 12:38:13','2025-10-30 12:45:10',NULL,14717,'application/pdf','downloaded','2025-10-30 19:45:10',1,NULL,NULL,0,NULL,NULL,0,NULL),(130,1098,'INTERNSHIP','proposal','CS05','/app/uploads/internship/transcript/transcript-1098-1761832069619.pdf','rejected',726,'2025-10-30 13:49:38','กรุณาส่งไฟล์ transcript ใหม่','2025-10-30 13:47:49','2025-10-30 13:49:38',NULL,378952,'application/pdf','not_downloaded',NULL,0,NULL,NULL,0,NULL,NULL,0,NULL),(131,1098,'INTERNSHIP','proposal','CS05','/app/uploads/internship/transcript/transcript-1098-1761833002428.pdf','approved',725,'2025-10-30 14:05:30',NULL,'2025-10-30 14:03:22','2025-10-30 14:05:30',NULL,1565122,'application/pdf','not_downloaded',NULL,0,NULL,NULL,0,NULL,NULL,0,NULL),(132,1098,'INTERNSHIP','acceptance','ACCEPTANCE_LETTER','/app/uploads/internship/acceptance-letter/acceptance-letter-1098-1761833301207.pdf','rejected',726,'2025-10-30 14:09:22','อัปโหลดไฟล์หนังสือตอบรับใหม่','2025-10-30 14:08:21','2025-10-30 14:09:22',NULL,226217,'application/pdf','not_downloaded',NULL,0,NULL,NULL,0,NULL,NULL,0,NULL),(133,1098,'INTERNSHIP','acceptance','ACCEPTANCE_LETTER','/app/uploads/internship/acceptance-letter/acceptance-letter-1098-1761833520536.pdf','approved',725,'2025-10-30 14:12:40',NULL,'2025-10-30 14:12:00','2025-10-30 14:12:40',NULL,247509,'application/pdf','not_downloaded',NULL,0,NULL,NULL,0,NULL,NULL,0,NULL),(134,1256,'INTERNSHIP','proposal','CS05','/app/uploads/internship/transcript/transcript-1256-1761837012772.pdf','approved',725,'2025-10-30 15:11:46',NULL,'2025-10-30 15:10:12','2025-10-30 15:11:46',NULL,15407,'application/pdf','not_downloaded',NULL,0,NULL,NULL,0,NULL,NULL,0,NULL),(135,1256,'INTERNSHIP','acceptance','ACCEPTANCE_LETTER','/app/uploads/internship/acceptance-letter/acceptance-letter-1256-1761837326658.pdf','approved',725,'2025-10-30 15:16:02',NULL,'2025-10-30 15:15:26','2025-10-30 15:16:30',NULL,247509,'application/pdf','downloaded','2025-10-30 22:16:30',1,NULL,NULL,0,NULL,NULL,0,NULL),(136,1432,'INTERNSHIP','proposal','CS05','/app/uploads/internship/transcript/transcript-1432-1761982263589.pdf','pending',NULL,NULL,NULL,'2025-11-01 07:31:03','2025-11-01 09:35:36',NULL,15407,'application/pdf','not_downloaded',NULL,0,NULL,NULL,0,NULL,NULL,0,NULL),(140,1437,'INTERNSHIP','proposal','CS05','/app/uploads/internship/transcript/transcript-1437-1761984498306.pdf','pending',727,'2025-11-01 08:08:46',NULL,'2025-11-01 08:08:18','2025-11-01 08:08:46',NULL,15407,'application/pdf','not_downloaded',NULL,0,NULL,NULL,0,NULL,NULL,0,NULL),(141,1438,'INTERNSHIP','proposal','CS05','/app/uploads/internship/transcript/transcript-1438-1761984851510.pdf','approved',725,'2025-11-01 09:37:39',NULL,'2025-11-01 08:14:11','2025-11-01 09:37:39',NULL,15407,'application/pdf','not_downloaded',NULL,0,NULL,NULL,0,NULL,NULL,0,NULL),(142,1438,'INTERNSHIP','acceptance','ACCEPTANCE_LETTER','/app/uploads/internship/acceptance-letter/acceptance-letter-1438-1761990051009.pdf','pending',727,'2025-11-01 09:41:38',NULL,'2025-11-01 09:40:51','2025-11-01 09:41:38',NULL,247509,'application/pdf','not_downloaded',NULL,0,NULL,NULL,0,NULL,NULL,0,NULL),(143,1435,'INTERNSHIP','proposal','CS05','/app/uploads/internship/transcript/transcript-1435-1761994367721.pdf','approved',725,'2025-11-01 10:53:23',NULL,'2025-11-01 10:52:47','2025-11-01 10:53:23',NULL,15407,'application/pdf','not_downloaded',NULL,0,NULL,NULL,0,NULL,NULL,0,NULL),(144,1435,'INTERNSHIP','acceptance','ACCEPTANCE_LETTER','/app/uploads/internship/acceptance-letter/acceptance-letter-1435-1761994457170.pdf','approved',725,'2025-11-01 10:58:07',NULL,'2025-11-01 10:54:17','2025-11-01 10:58:21',NULL,247509,'application/pdf','downloaded','2025-11-01 17:58:21',1,NULL,NULL,0,NULL,NULL,0,NULL),(145,1436,'INTERNSHIP','proposal','CS05','/app/uploads/internship/transcript/transcript-1436-1761995663429.pdf','approved',725,'2025-11-01 11:14:49',NULL,'2025-11-01 11:14:23','2025-11-01 11:14:49',NULL,15407,'application/pdf','not_downloaded',NULL,0,NULL,NULL,0,NULL,NULL,0,NULL),(146,1436,'INTERNSHIP','acceptance','ACCEPTANCE_LETTER','/app/uploads/internship/acceptance-letter/acceptance-letter-1436-1761996101290.pdf','approved',725,'2025-11-01 11:22:10',NULL,'2025-11-01 11:21:41','2025-11-01 11:22:18',NULL,247509,'application/pdf','downloaded','2025-11-01 18:22:18',1,NULL,NULL,0,NULL,NULL,0,NULL),(147,1439,'INTERNSHIP','proposal','CS05','/app/uploads/internship/transcript/transcript-1439-1761999718591.pdf','approved',725,'2025-11-01 12:22:18',NULL,'2025-11-01 12:21:58','2025-11-01 12:22:18',NULL,15407,'application/pdf','not_downloaded',NULL,0,NULL,NULL,0,NULL,NULL,0,NULL),(148,1439,'INTERNSHIP','acceptance','ACCEPTANCE_LETTER','/app/uploads/internship/acceptance-letter/acceptance-letter-1439-1761999758089.pdf','approved',725,'2025-11-01 12:22:56',NULL,'2025-11-01 12:22:38','2025-11-01 12:23:05',NULL,247509,'application/pdf','downloaded','2025-11-01 19:23:05',1,NULL,NULL,0,NULL,NULL,0,NULL),(149,1440,'INTERNSHIP','proposal','CS05','/app/uploads/internship/transcript/transcript-1440-1762001982127.pdf','approved',725,'2025-11-01 13:00:01',NULL,'2025-11-01 12:59:42','2025-11-01 13:00:01',NULL,15407,'application/pdf','not_downloaded',NULL,0,NULL,NULL,0,NULL,NULL,0,NULL),(150,1440,'INTERNSHIP','acceptance','ACCEPTANCE_LETTER','/app/uploads/internship/acceptance-letter/acceptance-letter-1440-1762002023771.pdf','approved',725,'2025-11-01 13:00:40',NULL,'2025-11-01 13:00:23','2025-11-01 13:00:47',NULL,247509,'application/pdf','downloaded','2025-11-01 20:00:47',1,NULL,NULL,0,NULL,NULL,0,NULL),(151,1080,'INTERNSHIP','proposal','CS05','/app/uploads/internship/transcript/transcript-1080-1762028259804.pdf','approved',725,'2025-11-01 20:22:33',NULL,'2025-11-01 20:17:39','2025-11-01 20:22:33',NULL,15407,'application/pdf','not_downloaded',NULL,0,NULL,NULL,0,NULL,NULL,0,NULL),(152,1080,'INTERNSHIP','acceptance','ACCEPTANCE_LETTER','/app/uploads/internship/acceptance-letter/acceptance-letter-1080-1762028598755.pdf','rejected',726,'2025-11-01 20:24:15','รูปแบบไฟล์ที่ส่งมาไม่ถูกต้อง กรุณาอัปโหลดใหม่','2025-11-01 20:23:18','2025-11-01 20:24:15',NULL,266105,'application/pdf','not_downloaded',NULL,0,NULL,NULL,0,NULL,NULL,0,NULL),(153,1080,'INTERNSHIP','acceptance','ACCEPTANCE_LETTER','/app/uploads/internship/acceptance-letter/acceptance-letter-1080-1762028859190.pdf','approved',725,'2025-11-01 20:28:41',NULL,'2025-11-01 20:27:39','2025-11-01 20:29:09',NULL,247509,'application/pdf','downloaded','2025-11-02 03:29:09',1,NULL,NULL,0,NULL,NULL,0,NULL),(156,1452,'PROJECT','final','Final Thesis Offline - ทดสอบกรณีคู่โปรเจคข้ามชั้นปี',NULL,'pending',727,'2025-11-03 18:14:33',NULL,'2025-11-03 18:14:33','2025-11-03 18:14:33',NULL,NULL,NULL,'not_downloaded',NULL,0,NULL,'2025-11-04 01:14:33',0,NULL,NULL,0,NULL),(157,1452,'INTERNSHIP','proposal','CS05','/app/uploads/internship/transcript/transcript-1452-1762201899648.pdf','rejected',727,'2025-11-05 09:32:37','เอกสารไม่ถูกต้อง','2025-11-03 20:31:39','2025-11-05 09:32:37',NULL,1794946,'application/pdf','not_downloaded',NULL,0,NULL,NULL,0,NULL,NULL,0,NULL),(158,1081,'INTERNSHIP','proposal','CS05','/app/uploads/internship/transcript/transcript-1081-1762246440549.pdf','approved',725,'2025-11-04 08:58:48',NULL,'2025-11-04 08:54:00','2025-11-04 08:58:48',NULL,15407,'application/pdf','not_downloaded',NULL,0,NULL,'2025-11-04 15:54:00',0,NULL,NULL,0,NULL),(159,1081,'INTERNSHIP','acceptance','ACCEPTANCE_LETTER','/app/uploads/internship/acceptance-letter/acceptance-letter-1081-1762248314115.pdf','approved',725,'2025-11-04 09:26:30',NULL,'2025-11-04 09:25:14','2025-11-04 09:26:42',NULL,247509,'application/pdf','downloaded','2025-11-04 16:26:42',1,NULL,NULL,0,NULL,NULL,0,NULL),(160,1452,'PROJECT','final','Final Thesis Offline - ทดสอบ กรณีคู่โปรเจคข้ามชั้นปี',NULL,'approved',727,'2025-11-05 10:22:09',NULL,'2025-11-05 10:22:09','2025-11-05 10:22:09',NULL,NULL,NULL,'not_downloaded',NULL,0,NULL,'2025-11-05 17:22:09',0,NULL,NULL,0,NULL),(161,1457,'INTERNSHIP','proposal','CS05','/app/uploads/internship/transcript/transcript-1457-1762356469881.pdf','cancelled',725,'2025-11-05 15:28:28',NULL,'2025-11-05 15:27:49','2025-11-05 15:34:08',NULL,15407,'application/pdf','not_downloaded',NULL,0,NULL,'2025-11-05 22:27:49',0,NULL,NULL,0,NULL),(162,1457,'INTERNSHIP','acceptance','ACCEPTANCE_LETTER','/app/uploads/internship/acceptance-letter/acceptance-letter-1457-1762356544158.pdf','cancelled',725,'2025-11-05 15:29:25',NULL,'2025-11-05 15:29:04','2025-11-05 15:34:08',NULL,247509,'application/pdf','downloaded','2025-11-05 22:29:33',1,NULL,NULL,0,NULL,NULL,0,NULL),(163,1457,'INTERNSHIP','proposal','CS05','/app/uploads/internship/transcript/transcript-1457-1762356945892.pdf','cancelled',725,'2025-11-05 15:36:02',NULL,'2025-11-05 15:35:45','2025-11-05 15:39:26',NULL,15407,'application/pdf','not_downloaded',NULL,0,NULL,'2025-11-05 22:35:45',0,NULL,NULL,0,NULL),(164,1457,'INTERNSHIP','acceptance','ACCEPTANCE_LETTER','/app/uploads/internship/acceptance-letter/acceptance-letter-1457-1762357006624.pdf','cancelled',725,'2025-11-05 15:37:20',NULL,'2025-11-05 15:36:46','2025-11-05 15:39:26',NULL,247509,'application/pdf','downloaded','2025-11-05 22:37:37',1,NULL,NULL,0,NULL,NULL,0,NULL),(165,1441,'INTERNSHIP','proposal','CS05','/app/uploads/internship/transcript/transcript-1441-1762401483830.pdf','approved',725,'2025-11-06 04:00:16',NULL,'2025-11-06 03:58:03','2025-11-06 04:00:16',NULL,15407,'application/pdf','not_downloaded',NULL,0,NULL,'2025-11-06 10:58:03',0,NULL,NULL,0,NULL);
/*!40000 ALTER TABLE `documents` ENABLE KEYS */;
UNLOCK TABLES;

--
-- Table structure for table `important_deadline_audit_logs`
--

DROP TABLE IF EXISTS `important_deadline_audit_logs`;
/*!40101 SET @saved_cs_client     = @@character_set_client */;
/*!50503 SET character_set_client = utf8mb4 */;
CREATE TABLE `important_deadline_audit_logs` (
  `id` int NOT NULL AUTO_INCREMENT,
  `important_deadline_id` int NOT NULL,
  `action` enum('CREATE','UPDATE','DELETE','PUBLISH','UNPUBLISH') NOT NULL,
  `changed_by` int DEFAULT NULL,
  `diff` json DEFAULT NULL,
  `created_at` datetime NOT NULL DEFAULT CURRENT_TIMESTAMP,
  PRIMARY KEY (`id`),
  KEY `important_deadline_audit_logs_important_deadline_id` (`important_deadline_id`),
  KEY `important_deadline_audit_logs_action` (`action`),
  CONSTRAINT `important_deadline_audit_logs_ibfk_1` FOREIGN KEY (`important_deadline_id`) REFERENCES `important_deadlines` (`id`) ON DELETE CASCADE
) ENGINE=InnoDB DEFAULT CHARSET=utf8mb4 COLLATE=utf8mb4_0900_ai_ci;
/*!40101 SET character_set_client = @saved_cs_client */;

--
-- Dumping data for table `important_deadline_audit_logs`
--

LOCK TABLES `important_deadline_audit_logs` WRITE;
/*!40000 ALTER TABLE `important_deadline_audit_logs` DISABLE KEYS */;
/*!40000 ALTER TABLE `important_deadline_audit_logs` ENABLE KEYS */;
UNLOCK TABLES;

--
-- Table structure for table `important_deadlines`
--

DROP TABLE IF EXISTS `important_deadlines`;
/*!40101 SET @saved_cs_client     = @@character_set_client */;
/*!50503 SET character_set_client = utf8mb4 */;
CREATE TABLE `important_deadlines` (
  `id` int NOT NULL AUTO_INCREMENT,
  `name` varchar(255) CHARACTER SET utf8mb4 COLLATE utf8mb4_unicode_ci NOT NULL,
  `date` date NOT NULL,
  `related_to` enum('project','project1','project2','internship','general') CHARACTER SET utf8mb4 COLLATE utf8mb4_unicode_ci DEFAULT 'general',
  `academic_year` varchar(10) CHARACTER SET utf8mb4 COLLATE utf8mb4_unicode_ci NOT NULL,
  `semester` int NOT NULL,
  `is_global` tinyint(1) DEFAULT '1',
  `created_at` datetime DEFAULT CURRENT_TIMESTAMP,
  `updated_at` datetime DEFAULT CURRENT_TIMESTAMP ON UPDATE CURRENT_TIMESTAMP,
  `description` text CHARACTER SET utf8mb4 COLLATE utf8mb4_unicode_ci,
  `is_critical` tinyint(1) NOT NULL DEFAULT '0',
  `notified` tinyint(1) NOT NULL DEFAULT '0',
  `critical_notified` tinyint(1) NOT NULL DEFAULT '0',
  `accepting_submissions` tinyint(1) NOT NULL DEFAULT '1',
  `allow_late` tinyint(1) NOT NULL DEFAULT '1',
  `lock_after_deadline` tinyint(1) NOT NULL DEFAULT '0',
  `grace_period_minutes` int DEFAULT NULL,
  `deadline_at` datetime DEFAULT NULL,
  `timezone` varchar(64) CHARACTER SET utf8mb4 COLLATE utf8mb4_unicode_ci NOT NULL DEFAULT 'Asia/Bangkok',
  `window_start_at` datetime DEFAULT NULL,
  `window_end_at` datetime DEFAULT NULL,
  `all_day` tinyint(1) NOT NULL DEFAULT '0',
  `deadline_type` enum('SUBMISSION','ANNOUNCEMENT','MANUAL','MILESTONE') CHARACTER SET utf8mb4 COLLATE utf8mb4_unicode_ci NOT NULL DEFAULT 'SUBMISSION',
  `is_published` tinyint(1) NOT NULL DEFAULT '0',
  `publish_at` datetime DEFAULT NULL,
  `visibility_scope` enum('ALL','INTERNSHIP_ONLY','PROJECT_ONLY','CUSTOM') CHARACTER SET utf8mb4 COLLATE utf8mb4_unicode_ci NOT NULL DEFAULT 'ALL',
  PRIMARY KEY (`id`),
  KEY `important_deadlines_academic_year_semester_related_to` (`academic_year`,`semester`,`related_to`),
  KEY `important_deadlines_date_is_critical` (`date`,`is_critical`),
  KEY `important_deadlines_notified_critical_notified` (`notified`,`critical_notified`),
  KEY `important_deadlines_deadline_at` (`deadline_at`)
) ENGINE=InnoDB AUTO_INCREMENT=89 DEFAULT CHARSET=utf8mb4 COLLATE=utf8mb4_unicode_ci;
/*!40101 SET character_set_client = @saved_cs_client */;

--
-- Dumping data for table `important_deadlines`
--

LOCK TABLES `important_deadlines` WRITE;
/*!40000 ALTER TABLE `important_deadlines` DISABLE KEYS */;
INSERT INTO `important_deadlines` VALUES (65,'วันสอบหัวข้อโครงานพิเศษ','2025-07-17','general','2568',1,1,'2025-10-22 14:24:41','2025-10-22 14:24:41',NULL,0,0,0,0,0,0,NULL,'2025-07-17 23:59:59','Asia/Bangkok',NULL,NULL,0,'ANNOUNCEMENT',1,NULL,'ALL'),(66,'วันสุดท้ายของการปรับปรุงเอกสารข้อเสนอโครงงานพิเศษ','2025-07-31','project1','2568',1,1,'2025-10-22 14:27:43','2025-11-03 04:23:21',NULL,0,0,0,0,0,0,NULL,'2025-07-31 23:59:59','Asia/Bangkok',NULL,NULL,0,'ANNOUNCEMENT',1,NULL,'ALL'),(67,'วันสุดท้ายของการยื่นเอกสารขอทดสอบโครงงานพิเศษ 30 วัน (เฉพาะการยื่นขอสอบปริญญานิพนธ์)','2025-10-03','project2','2568',1,1,'2025-10-22 14:34:29','2025-11-05 16:21:57',NULL,0,0,0,1,0,1,1440,'2025-10-03 15:59:00','Asia/Bangkok',NULL,NULL,0,'SUBMISSION',0,NULL,'ALL'),(69,'การสอบโครงงานพิเศษ 1 และสอบป้องกันปริญญานิพนธ์','2025-11-07','general','2568',1,1,'2025-10-22 14:41:52','2025-11-01 11:56:51',NULL,0,1,0,0,0,0,NULL,'2025-11-07 23:59:59','Asia/Bangkok','2025-11-05 00:00:00','2025-11-07 23:59:59',0,'ANNOUNCEMENT',1,NULL,'ALL'),(70,'วันสุดท้ายของการส่งเอกสารปรับปรุงขอบเขตโครงงานพิเศษจากคณะกรรมการฯ (เฉพาะสอบโครงานพิเศษ 1)','2025-11-14','project1','2568',1,1,'2025-10-22 15:00:14','2025-11-08 01:35:38',NULL,0,1,0,1,1,1,1440,'2025-11-14 23:59:59','Asia/Bangkok',NULL,NULL,0,'SUBMISSION',1,NULL,'ALL'),(71,'วันสุดท้ายของการแก้ไขเนื้อหาเล่มปริญานิพนธ์ จากคณะกรรมการฯ','2025-11-17','project2','2568',1,1,'2025-10-22 15:05:34','2025-11-11 01:35:38',NULL,0,1,0,0,0,0,NULL,'2025-11-17 23:59:59','Asia/Bangkok',NULL,NULL,0,'ANNOUNCEMENT',1,NULL,'ALL'),(72,'ประกาศรายชื่อหัวข้อโครงงานพิเศษที่ได้รับอนุมัติจากภาควิชาฯ','2025-07-18','general','2568',1,1,'2025-10-22 15:08:54','2025-10-22 15:08:54',NULL,0,0,0,0,0,0,NULL,'2025-07-18 23:59:59','Asia/Bangkok',NULL,NULL,0,'ANNOUNCEMENT',1,NULL,'ALL'),(73,'วันสุดท้ายของการแก้ไขรูปเล่มปริญญานิพนธ์ จากภาควิชาฯ','2025-11-28','general','2568',1,1,'2025-10-22 15:11:15','2025-11-22 01:35:38',NULL,0,1,0,0,0,0,NULL,'2025-11-28 23:59:59','Asia/Bangkok',NULL,NULL,0,'ANNOUNCEMENT',1,NULL,'ALL'),(74,'วันสุดท้ายของการส่งคำร้องขอสอบปริญญานิพนธ์ (คพ.03)','2025-10-31','project2','2568',1,1,'2025-11-05 15:41:14','2025-11-05 16:22:01',NULL,0,0,0,1,0,1,60,'2025-10-31 15:59:00','Asia/Bangkok',NULL,NULL,0,'SUBMISSION',0,NULL,'ALL'),(75,'วันสุดท้ายของการส่งคำร้องขอสอบโครงงานพิเศษ 1 (คพ.02)','2025-10-31','project1','2568',1,1,'2025-11-05 15:44:28','2025-11-05 16:22:04',NULL,0,0,0,1,0,0,1440,'2025-10-31 15:59:00','Asia/Bangkok',NULL,NULL,0,'SUBMISSION',0,NULL,'ALL'),(76,'วันสุดท้ายของการส่งหัวข้อโครงงานพิเศษ 1','2025-07-12','project1','2568',1,1,'2025-11-05 16:17:42','2025-11-05 16:21:51',NULL,0,0,0,1,0,0,4320,'2025-07-12 23:59:59','Asia/Bangkok',NULL,NULL,0,'SUBMISSION',0,NULL,'ALL'),(77,'วันสุดท้ายของการส่งหัวข้อโครงงานพิเศษ 1','2025-12-04','project1','2568',2,1,'2025-12-04 13:38:03','2025-12-04 21:35:44',NULL,0,1,0,1,1,0,4320,'2025-12-04 23:59:59','Asia/Bangkok',NULL,NULL,0,'SUBMISSION',1,NULL,'ALL'),(78,'วันสอบหัวข้อโครงงานพิเศษ','2025-12-11','project1','2568',2,1,'2025-12-04 13:39:18','2025-12-04 13:39:18',NULL,0,0,0,0,0,0,NULL,'2025-12-11 23:59:59','Asia/Bangkok',NULL,NULL,0,'ANNOUNCEMENT',1,NULL,'ALL'),(79,'ประกาสรายชื่อหัวข้อโครงงานพิเศษ','2025-12-12','project1','2568',2,1,'2025-12-04 13:40:09','2025-12-04 13:40:09',NULL,0,0,0,0,0,0,NULL,'2025-12-12 23:59:59','Asia/Bangkok',NULL,NULL,0,'ANNOUNCEMENT',1,NULL,'ALL'),(80,'วันสุดท้ายของการปรับปรุงเอกสารข้อเสนอโครงงานพิเศษ','2025-12-25','project1','2568',2,1,'2025-12-04 13:41:36','2025-12-04 13:41:36',NULL,0,0,0,0,0,0,NULL,'2025-12-25 23:59:59','Asia/Bangkok',NULL,NULL,0,'ANNOUNCEMENT',1,NULL,'ALL'),(81,'วันสุดท้ายของการส่งคำร้องขอสอบโครงงานพิเศษ 1 (คพ.02)','2026-04-17','project1','2568',2,1,'2025-12-04 13:43:03','2025-12-04 13:43:03',NULL,0,0,0,1,1,0,2880,'2026-04-17 23:59:59','Asia/Bangkok',NULL,NULL,0,'SUBMISSION',1,NULL,'ALL'),(82,'วันสอบโครงงานพิเศษ1','2026-04-22','general','2568',2,1,'2025-12-04 13:43:42','2025-12-04 13:43:42',NULL,0,0,0,0,0,0,NULL,'2026-04-22 23:59:59','Asia/Bangkok','2026-04-20 00:00:00','2026-04-22 23:59:59',1,'ANNOUNCEMENT',1,NULL,'ALL'),(83,'วันสุดท้ายของการส่งเอกสารปรับปรุงขอบเขตโครงงานพิเศษจากคณะกรรมการสอบ','2026-05-06','project1','2568',2,1,'2025-12-04 13:44:59','2025-12-04 13:44:59',NULL,0,0,0,0,0,0,NULL,'2026-05-06 23:59:59','Asia/Bangkok',NULL,NULL,0,'ANNOUNCEMENT',1,NULL,'ALL'),(84,'วันสุดท้ายของการยื่นเอกสารขอทดสอบระบบโครงงานพิเศษ','2026-03-13','project2','2568',2,1,'2025-12-04 13:47:55','2025-12-04 13:47:55',NULL,0,0,0,1,1,0,1440,'2026-03-13 23:59:59','Asia/Bangkok',NULL,NULL,0,'SUBMISSION',1,NULL,'ALL'),(85,'วันสุดท้ายของการส่งคำร้องขอสอบปริญญานิพนธ์ (คพ.03)','2026-04-17','project2','2568',2,1,'2025-12-04 13:49:29','2025-12-04 13:49:29',NULL,0,0,0,1,1,0,2880,'2026-04-17 23:59:59','Asia/Bangkok',NULL,NULL,0,'SUBMISSION',1,NULL,'ALL'),(86,'วันสอบป้องกันปริญญานิพนธ์','2026-04-22','project2','2568',2,1,'2025-12-04 13:50:31','2025-12-04 13:50:31',NULL,0,0,0,0,0,0,NULL,'2026-04-22 23:59:59','Asia/Bangkok','2026-04-20 00:00:00','2026-04-22 23:59:59',1,'ANNOUNCEMENT',1,NULL,'ALL'),(87,'วันสุดท้ายของการแก้ไขเนื้อหาเล่มปริญญานิพนธ์ จากอาจารย์ที่ปรึกษา','2026-04-27','project2','2568',2,1,'2025-12-04 13:56:13','2025-12-04 13:56:13',NULL,0,0,0,0,0,0,NULL,'2026-04-27 23:59:59','Asia/Bangkok',NULL,NULL,0,'ANNOUNCEMENT',1,NULL,'ALL'),(88,'วันสุดท้ายของการแก้ไขรูปเล่มปริญญานิพนธ์ จากภาควิชาฯ','2026-05-08','project2','2568',2,1,'2025-12-04 13:57:17','2025-12-04 13:57:17',NULL,0,0,0,0,0,0,NULL,'2026-05-08 23:59:59','Asia/Bangkok',NULL,NULL,0,'ANNOUNCEMENT',1,NULL,'ALL');
/*!40000 ALTER TABLE `important_deadlines` ENABLE KEYS */;
UNLOCK TABLES;

--
-- Table structure for table `internship_certificate_requests`
--

DROP TABLE IF EXISTS `internship_certificate_requests`;
/*!40101 SET @saved_cs_client     = @@character_set_client */;
/*!50503 SET character_set_client = utf8mb4 */;
CREATE TABLE `internship_certificate_requests` (
  `id` int NOT NULL AUTO_INCREMENT,
  `student_id` varchar(20) CHARACTER SET utf8mb4 COLLATE utf8mb4_unicode_ci NOT NULL COMMENT 'รหัสนักศึกษา',
  `internship_id` int NOT NULL COMMENT 'รหัสการฝึกงาน',
  `document_id` int NOT NULL COMMENT 'รหัสเอกสาร CS05',
  `request_date` datetime NOT NULL COMMENT 'วันที่ขอหนังสือรับรอง',
  `status` enum('pending','approved','rejected') CHARACTER SET utf8mb4 COLLATE utf8mb4_unicode_ci DEFAULT 'pending' COMMENT 'สถานะคำขอ',
  `total_hours` decimal(5,2) NOT NULL COMMENT 'จำนวนชั่วโมงฝึกงานทั้งหมด',
  `evaluation_status` varchar(50) CHARACTER SET utf8mb4 COLLATE utf8mb4_unicode_ci NOT NULL COMMENT 'สถานะการประเมินจากพี่เลี้ยง',
  `summary_status` varchar(50) CHARACTER SET utf8mb4 COLLATE utf8mb4_unicode_ci NOT NULL COMMENT 'สถานะการส่งรายงานสรุปผล',
  `requested_by` int NOT NULL COMMENT 'ผู้ขอหนังสือรับรอง (userId)',
  `processed_at` datetime DEFAULT NULL COMMENT 'วันที่ดำเนินการโดยเจ้าหน้าที่',
  `processed_by` int DEFAULT NULL COMMENT 'เจ้าหน้าที่ที่ดำเนินการ (userId)',
  `certificate_number` varchar(50) CHARACTER SET utf8mb4 COLLATE utf8mb4_unicode_ci DEFAULT NULL COMMENT 'หมายเลขหนังสือรับรอง',
  `downloaded_at` datetime DEFAULT NULL COMMENT 'วันที่ดาวน์โหลดครั้งแรก',
  `download_count` int DEFAULT '0' COMMENT 'จำนวนครั้งที่ดาวน์โหลด',
  `remarks` text CHARACTER SET utf8mb4 COLLATE utf8mb4_unicode_ci COMMENT 'หมายเหตุเพิ่มเติม',
  `created_at` timestamp NOT NULL DEFAULT CURRENT_TIMESTAMP,
  `updated_at` timestamp NOT NULL DEFAULT CURRENT_TIMESTAMP ON UPDATE CURRENT_TIMESTAMP,
  PRIMARY KEY (`id`),
  UNIQUE KEY `unique_student_internship_certificate` (`student_id`,`internship_id`),
  KEY `idx_certificate_status` (`status`),
  KEY `idx_certificate_request_date` (`request_date`),
  KEY `fk_certificate_document` (`document_id`),
  KEY `idx_certificate_student_id` (`student_id`),
  KEY `fk_certificate_requested_by` (`requested_by`),
  KEY `fk_certificate_processed_by` (`processed_by`),
  CONSTRAINT `fk_certificate_document` FOREIGN KEY (`document_id`) REFERENCES `documents` (`document_id`) ON DELETE CASCADE ON UPDATE CASCADE,
  CONSTRAINT `fk_certificate_processed_by` FOREIGN KEY (`processed_by`) REFERENCES `users` (`user_id`) ON DELETE SET NULL ON UPDATE CASCADE,
  CONSTRAINT `fk_certificate_requested_by` FOREIGN KEY (`requested_by`) REFERENCES `users` (`user_id`) ON DELETE CASCADE ON UPDATE CASCADE
) ENGINE=InnoDB AUTO_INCREMENT=24 DEFAULT CHARSET=utf8mb4 COLLATE=utf8mb4_unicode_ci COMMENT='ตารางเก็บคำขอหนังสือรับรองการฝึกงาน';
/*!40101 SET character_set_client = @saved_cs_client */;

--
-- Dumping data for table `internship_certificate_requests`
--

LOCK TABLES `internship_certificate_requests` WRITE;
/*!40000 ALTER TABLE `internship_certificate_requests` DISABLE KEYS */;
INSERT INTO `internship_certificate_requests` VALUES (23,'1366',80,149,'2025-11-02 17:31:41','approved',315.00,'completed','submitted',1440,'2025-11-02 17:33:00',727,'ว 2568/11/8453',NULL,0,NULL,'2025-11-02 10:31:41','2025-11-02 10:33:00');
/*!40000 ALTER TABLE `internship_certificate_requests` ENABLE KEYS */;
UNLOCK TABLES;

--
-- Table structure for table `internship_documents`
--

DROP TABLE IF EXISTS `internship_documents`;
/*!40101 SET @saved_cs_client     = @@character_set_client */;
/*!50503 SET character_set_client = utf8mb4 */;
CREATE TABLE `internship_documents` (
  `internship_id` int NOT NULL AUTO_INCREMENT,
  `document_id` int NOT NULL,
  `company_name` varchar(255) NOT NULL,
  `company_address` text NOT NULL,
  `internship_position` varchar(100) DEFAULT NULL,
  `contact_person_name` varchar(100) DEFAULT NULL,
  `contact_person_position` varchar(100) DEFAULT NULL,
  `supervisor_name` varchar(100) DEFAULT NULL,
  `supervisor_position` varchar(100) DEFAULT NULL,
  `supervisor_phone` varchar(20) DEFAULT NULL,
  `supervisor_email` varchar(100) DEFAULT NULL,
  `start_date` date NOT NULL,
  `end_date` date NOT NULL,
  `academic_year` int DEFAULT NULL COMMENT 'ปีการศึกษา (พ.ศ.) ที่เอกสารฝึกงานนี้ถูกสร้าง (snapshot)',
  `semester` tinyint DEFAULT NULL COMMENT 'ภาคเรียน (1,2,3) ที่เอกสารฝึกงานนี้ถูกสร้าง (snapshot)',
  `created_at` timestamp NULL DEFAULT CURRENT_TIMESTAMP,
  `updated_at` timestamp NULL DEFAULT CURRENT_TIMESTAMP ON UPDATE CURRENT_TIMESTAMP,
  PRIMARY KEY (`internship_id`),
  UNIQUE KEY `document_id` (`document_id`),
  KEY `idx_internship_period_company` (`academic_year`,`semester`,`company_name`),
  CONSTRAINT `internship_documents_ibfk_1` FOREIGN KEY (`document_id`) REFERENCES `documents` (`document_id`) ON DELETE CASCADE
) ENGINE=InnoDB AUTO_INCREMENT=88 DEFAULT CHARSET=utf8mb4 COLLATE=utf8mb4_0900_ai_ci;
/*!40101 SET character_set_client = @saved_cs_client */;

--
-- Dumping data for table `internship_documents`
--

LOCK TABLES `internship_documents` WRITE;
/*!40000 ALTER TABLE `internship_documents` DISABLE KEYS */;
INSERT INTO `internship_documents` VALUES (67,126,'tata consultancy services','1818 ถ. เพชรบุรี แขวงมักกะสัน เขตราชเทวี กรุงเทพมหานคร 10400','QA','นายศุภนัฒ เจริญมาก','HR',NULL,NULL,NULL,NULL,'2025-04-10','2025-06-16',2568,1,'2025-10-30 12:25:02','2025-10-30 12:25:02'),(69,130,'Deverhood HT','สถานที่ประกอบการในกรุงเทพ','','นายหัวหน้า','ฝ่าย HR',NULL,NULL,NULL,NULL,'2025-10-01','2025-11-30',2568,1,'2025-10-30 13:47:49','2025-10-30 13:47:49'),(70,131,'Deverhood HT','สถานที่ฝึกงานในกรุงเทพ','frontend','นายหัวหน้า','หัวหน้าฝ่าย HR',NULL,NULL,NULL,NULL,'2025-10-01','2025-11-30',2568,1,'2025-10-30 14:03:22','2025-10-30 14:03:22'),(71,134,'igenco','สะพานควาย ประติพัธ','developer','ใจดี รวดเร็ว','Tester','วิ่งเร็ว วิ่งช้า','','0871234578','roongsit@gmail.com','2025-08-01','2025-09-30',2568,1,'2025-10-30 15:10:12','2025-10-30 15:18:37'),(72,136,'CS software','สถานที่ประกอบการในกรุงเทพ','developer','คุณมีนา','HR',NULL,NULL,NULL,NULL,'2025-04-01','2025-05-12',2568,2,'2025-11-01 07:31:03','2025-11-02 09:27:37'),(75,140,'บริษัท ซอฟท์ดีเทส จำกัด','สถานที่ประกอบการในกรุงเทพ','IT support','คุณกัลยา','HR',NULL,NULL,NULL,NULL,'2025-04-01','2025-05-30',2568,2,'2025-11-01 08:08:18','2025-11-02 10:43:02'),(76,141,'บริษัท เทสซอฟท์แวร์ จำกัด','สถานที่ประกอบการในกรุงเทพ','Tester','คุณเมษา','ผู้จัดการฝ่ายบุคคล',NULL,NULL,NULL,NULL,'2025-04-21','2025-06-20',2568,2,'2025-11-01 08:14:11','2025-11-02 12:04:05'),(77,143,'Test Co.,Ltd.','สถานที่ประกอบการในกรุงเทพ','Full stack','คุณเอกชัย','ผู้จัดการฝ่ายบุคคุล','ผู้ควบคุมงาน','ตำแหน่งผู้ควบคุมงาน','0987654321','kchaos1150@gmail.com','2025-04-07','2025-05-30',2568,2,'2025-11-01 10:52:47','2025-11-02 10:45:19'),(78,145,'บริษัท ทดสอบ จำกัด','สถานที่ประกอบการในกรุงเทพ','Mobile Developer','คุณขวัญแก้ว','ผู้จัดการฝ่ายบุคคล','ผู้ควบคุมงาน','junior developer','0912345678','kchaos1150@gmail.com','2025-04-07','2025-05-30',2568,2,'2025-11-01 11:14:23','2025-11-02 10:05:23'),(79,147,'บริษัท วาย เอส ไอ เอส จำกัด','สถานที่ประกอบการในกรุงเทพ','Website Developer Intern','คุณใจดี','HR','ผู้ควบคุมงาน','Developer','0987652222','kchaos1150@gmail.com','2025-04-20','2025-06-20',2568,2,'2025-11-01 12:21:58','2025-11-02 12:00:52'),(80,149,'บริษัท พัฒนาซอฟต์เทค จำกัด','สถานที่ประกอบการในกรุงเทพ','Tester','คุณพลอย','HR','ผู้ควบคุมงาน7','ตำแหน่งผู้ควบคุมงาน 7','0987654321','kchaos1150@gmail.com','2025-04-21','2025-06-06',2568,2,'2025-11-01 12:59:42','2025-11-02 10:27:12'),(81,151,'deverhoodHT','สถานประกอบการเทคโนโลยีในกรุงเทพมหานคร','Frontend Developer','พัณชิตาณณ์','HR','นิวัตตต','Leader DevOps','0999999999','kchaos1150@gmail.com','2024-04-22','2024-07-01',2568,2,'2025-11-01 20:17:39','2025-11-05 12:09:36'),(83,157,'ทดสอบ','สถานประกอบการในกรุงเทพ','Dev','คุณใจดี','Hr',NULL,NULL,NULL,NULL,'2025-04-01','2025-06-06',2568,2,'2025-11-03 20:31:39','2025-11-03 20:31:39'),(84,158,'ซอฟท์เดบู','328, 3 ถ. ลาดหญ้า แขวงคลองสาน คลองสาน กรุงเทพมหานคร 10600','Tester','พัชภรณ์ กลมรัตน์','HR',NULL,NULL,NULL,NULL,'2025-04-01','2025-06-20',2568,2,'2025-11-04 08:54:00','2025-11-04 08:54:00'),(85,161,'ทดสอบ เทคโนโลยี','สถานประกอบการในกรุงเทพ','UX/UI','คุณบี','HR','ผู้ควบคุมงาน','UX/UI','0934357945','kchaos1150@gmail.com','2025-11-05','2025-12-19',2568,1,'2025-11-05 15:27:49','2025-11-05 15:30:26'),(86,163,'ชื่อบริษัท/หน่วยงาน','สถานที่ตั้งในกรุงเทพ','UX/UI','คุณบี','HR','ชื่อผู้ควบคุมงาน','ตำแหน่งผู้ควบคุมงาน','0934357945','kchaos1150@gmail.com','2025-11-05','2025-12-19',2568,1,'2025-11-05 15:35:45','2025-11-05 15:38:40'),(87,165,'cs จำกัด','สถานประกอบการ','Front end Developer','ผู้จัดการฝ่ายบุคคล','ผู้จัดการ',NULL,NULL,NULL,NULL,'2026-04-01','2026-05-29',2568,1,'2025-11-06 03:58:03','2025-11-06 03:58:03');
/*!40000 ALTER TABLE `internship_documents` ENABLE KEYS */;
UNLOCK TABLES;

--
-- Table structure for table `internship_evaluations`
--

DROP TABLE IF EXISTS `internship_evaluations`;
/*!40101 SET @saved_cs_client     = @@character_set_client */;
/*!50503 SET character_set_client = utf8mb4 */;
CREATE TABLE `internship_evaluations` (
  `evaluation_id` int NOT NULL AUTO_INCREMENT,
  `approval_token_id` int DEFAULT NULL,
  `internship_id` int NOT NULL,
  `student_id` int NOT NULL,
  `evaluator_name` varchar(255) DEFAULT NULL,
  `evaluation_date` datetime NOT NULL,
  `overall_score` decimal(5,2) DEFAULT NULL,
  `strengths` text,
  `weaknesses_to_improve` text,
  `additional_comments` text,
  `status` varchar(50) NOT NULL DEFAULT 'submitted_by_supervisor',
  `evaluated_by_supervisor_at` datetime DEFAULT NULL,
  `created_at` datetime NOT NULL DEFAULT CURRENT_TIMESTAMP,
  `updated_at` datetime NOT NULL DEFAULT CURRENT_TIMESTAMP ON UPDATE CURRENT_TIMESTAMP,
  `evaluation_items` text,
  `discipline_score` int DEFAULT NULL,
  `behavior_score` int DEFAULT NULL,
  `performance_score` int DEFAULT NULL,
  `method_score` int DEFAULT NULL,
  `relation_score` int DEFAULT NULL,
  `supervisor_pass_decision` tinyint(1) DEFAULT NULL,
  `pass_fail` varchar(10) DEFAULT NULL,
  `pass_evaluated_at` datetime DEFAULT NULL,
  PRIMARY KEY (`evaluation_id`),
  KEY `approval_token_id` (`approval_token_id`),
  KEY `internship_id` (`internship_id`),
  KEY `student_id` (`student_id`),
  CONSTRAINT `internship_evaluations_ibfk_1` FOREIGN KEY (`approval_token_id`) REFERENCES `approval_tokens` (`token_id`) ON DELETE SET NULL ON UPDATE CASCADE,
  CONSTRAINT `internship_evaluations_ibfk_2` FOREIGN KEY (`internship_id`) REFERENCES `internship_documents` (`internship_id`) ON DELETE CASCADE ON UPDATE CASCADE,
  CONSTRAINT `internship_evaluations_ibfk_3` FOREIGN KEY (`student_id`) REFERENCES `students` (`student_id`) ON DELETE CASCADE ON UPDATE CASCADE
) ENGINE=InnoDB AUTO_INCREMENT=30 DEFAULT CHARSET=utf8mb4 COLLATE=utf8mb4_0900_ai_ci;
/*!40101 SET character_set_client = @saved_cs_client */;

--
-- Dumping data for table `internship_evaluations`
--

LOCK TABLES `internship_evaluations` WRITE;
/*!40000 ALTER TABLE `internship_evaluations` DISABLE KEYS */;
INSERT INTO `internship_evaluations` VALUES (28,NULL,78,1362,'ผู้ควบคุมงาน','2025-11-02 17:10:40',92.00,'ขยัน','ไม่มี',NULL,'completed','2025-11-02 17:10:40','2025-11-02 17:10:40','2025-11-02 17:10:40','[{\"category\":\"discipline\",\"item\":\"discipline_1\",\"score\":5},{\"category\":\"discipline\",\"item\":\"discipline_2\",\"score\":5},{\"category\":\"discipline\",\"item\":\"discipline_3\",\"score\":5},{\"category\":\"discipline\",\"item\":\"discipline_4\",\"score\":5},{\"category\":\"behavior\",\"item\":\"behavior_1\",\"score\":5},{\"category\":\"behavior\",\"item\":\"behavior_2\",\"score\":5},{\"category\":\"behavior\",\"item\":\"behavior_3\",\"score\":5},{\"category\":\"behavior\",\"item\":\"behavior_4\",\"score\":5},{\"category\":\"performance\",\"item\":\"performance_1\",\"score\":5},{\"category\":\"performance\",\"item\":\"performance_2\",\"score\":5},{\"category\":\"performance\",\"item\":\"performance_3\",\"score\":5},{\"category\":\"performance\",\"item\":\"performance_4\",\"score\":1},{\"category\":\"method\",\"item\":\"method_1\",\"score\":5},{\"category\":\"method\",\"item\":\"method_2\",\"score\":4},{\"category\":\"method\",\"item\":\"method_3\",\"score\":5},{\"category\":\"method\",\"item\":\"method_4\",\"score\":5},{\"category\":\"relation\",\"item\":\"relation_1\",\"score\":3},{\"category\":\"relation\",\"item\":\"relation_2\",\"score\":5},{\"category\":\"relation\",\"item\":\"relation_3\",\"score\":4},{\"category\":\"relation\",\"item\":\"relation_4\",\"score\":5}]',20,20,16,19,17,1,'pass','2025-11-02 17:10:40'),(29,NULL,80,1366,'ผู้ควบคุมงาน7','2025-11-02 17:30:41',100.00,'อดทน ตรงต่อเวลา','-',NULL,'completed','2025-11-02 17:30:41','2025-11-02 17:30:41','2025-11-02 17:30:41','[{\"category\":\"discipline\",\"item\":\"discipline_1\",\"score\":5},{\"category\":\"discipline\",\"item\":\"discipline_2\",\"score\":5},{\"category\":\"discipline\",\"item\":\"discipline_3\",\"score\":5},{\"category\":\"discipline\",\"item\":\"discipline_4\",\"score\":5},{\"category\":\"behavior\",\"item\":\"behavior_1\",\"score\":5},{\"category\":\"behavior\",\"item\":\"behavior_2\",\"score\":5},{\"category\":\"behavior\",\"item\":\"behavior_3\",\"score\":5},{\"category\":\"behavior\",\"item\":\"behavior_4\",\"score\":5},{\"category\":\"performance\",\"item\":\"performance_1\",\"score\":5},{\"category\":\"performance\",\"item\":\"performance_2\",\"score\":5},{\"category\":\"performance\",\"item\":\"performance_3\",\"score\":5},{\"category\":\"performance\",\"item\":\"performance_4\",\"score\":5},{\"category\":\"method\",\"item\":\"method_1\",\"score\":5},{\"category\":\"method\",\"item\":\"method_2\",\"score\":5},{\"category\":\"method\",\"item\":\"method_3\",\"score\":5},{\"category\":\"method\",\"item\":\"method_4\",\"score\":5},{\"category\":\"relation\",\"item\":\"relation_1\",\"score\":5},{\"category\":\"relation\",\"item\":\"relation_2\",\"score\":5},{\"category\":\"relation\",\"item\":\"relation_3\",\"score\":5},{\"category\":\"relation\",\"item\":\"relation_4\",\"score\":5}]',20,20,20,20,20,1,'pass','2025-11-02 17:30:41');
/*!40000 ALTER TABLE `internship_evaluations` ENABLE KEYS */;
UNLOCK TABLES;

--
-- Table structure for table `internship_logbook_attachments`
--

DROP TABLE IF EXISTS `internship_logbook_attachments`;
/*!40101 SET @saved_cs_client     = @@character_set_client */;
/*!50503 SET character_set_client = utf8mb4 */;
CREATE TABLE `internship_logbook_attachments` (
  `attachment_id` int NOT NULL AUTO_INCREMENT,
  `log_id` int NOT NULL,
  `file_name` varchar(255) NOT NULL,
  `file_path` varchar(255) NOT NULL,
  `file_type` varchar(100) NOT NULL,
  `file_size` int NOT NULL,
  `upload_date` timestamp NULL DEFAULT CURRENT_TIMESTAMP,
  PRIMARY KEY (`attachment_id`),
  KEY `fk_attachment_logbook` (`log_id`),
  KEY `idx_upload_date` (`upload_date`),
  CONSTRAINT `fk_attachment_logbook` FOREIGN KEY (`log_id`) REFERENCES `internship_logbooks` (`log_id`) ON DELETE CASCADE
) ENGINE=InnoDB DEFAULT CHARSET=utf8mb4 COLLATE=utf8mb4_0900_ai_ci;
/*!40101 SET character_set_client = @saved_cs_client */;

--
-- Dumping data for table `internship_logbook_attachments`
--

LOCK TABLES `internship_logbook_attachments` WRITE;
/*!40000 ALTER TABLE `internship_logbook_attachments` DISABLE KEYS */;
/*!40000 ALTER TABLE `internship_logbook_attachments` ENABLE KEYS */;
UNLOCK TABLES;

--
-- Table structure for table `internship_logbook_reflections`
--

DROP TABLE IF EXISTS `internship_logbook_reflections`;
/*!40101 SET @saved_cs_client     = @@character_set_client */;
/*!50503 SET character_set_client = utf8mb4 */;
CREATE TABLE `internship_logbook_reflections` (
  `id` int NOT NULL AUTO_INCREMENT,
  `internship_id` int NOT NULL,
  `student_id` int NOT NULL,
  `learning_outcome` text NOT NULL,
  `key_learnings` text NOT NULL,
  `future_application` text NOT NULL,
  `improvements` text,
  `created_at` datetime NOT NULL DEFAULT CURRENT_TIMESTAMP,
  `updated_at` datetime NOT NULL DEFAULT CURRENT_TIMESTAMP,
  PRIMARY KEY (`id`),
  UNIQUE KEY `idx_unique_student_internship_reflection` (`internship_id`,`student_id`),
  KEY `internship_logbook_reflections_internship_id` (`internship_id`),
  KEY `internship_logbook_reflections_student_id` (`student_id`),
  CONSTRAINT `internship_logbook_reflections_ibfk_1` FOREIGN KEY (`internship_id`) REFERENCES `internship_documents` (`internship_id`) ON DELETE CASCADE ON UPDATE CASCADE,
  CONSTRAINT `internship_logbook_reflections_ibfk_2` FOREIGN KEY (`student_id`) REFERENCES `students` (`student_id`) ON DELETE CASCADE ON UPDATE CASCADE
) ENGINE=InnoDB AUTO_INCREMENT=5 DEFAULT CHARSET=utf8mb4 COLLATE=utf8mb4_0900_ai_ci;
/*!40101 SET character_set_client = @saved_cs_client */;

--
-- Dumping data for table `internship_logbook_reflections`
--

LOCK TABLES `internship_logbook_reflections` WRITE;
/*!40000 ALTER TABLE `internship_logbook_reflections` DISABLE KEYS */;
/*!40000 ALTER TABLE `internship_logbook_reflections` ENABLE KEYS */;
UNLOCK TABLES;

--
-- Table structure for table `internship_logbook_revisions`
--

DROP TABLE IF EXISTS `internship_logbook_revisions`;
/*!40101 SET @saved_cs_client     = @@character_set_client */;
/*!50503 SET character_set_client = utf8mb4 */;
CREATE TABLE `internship_logbook_revisions` (
  `revision_id` int NOT NULL AUTO_INCREMENT,
  `log_id` int NOT NULL,
  `work_description` text NOT NULL,
  `learning_outcome` text NOT NULL,
  `problems` text,
  `solutions` text,
  `revised_by` int NOT NULL,
  `revision_date` timestamp NULL DEFAULT CURRENT_TIMESTAMP,
  PRIMARY KEY (`revision_id`),
  KEY `fk_revision_logbook` (`log_id`),
  KEY `fk_revision_user` (`revised_by`),
  KEY `idx_revision_date` (`revision_date`),
  CONSTRAINT `fk_revision_logbook` FOREIGN KEY (`log_id`) REFERENCES `internship_logbooks` (`log_id`) ON DELETE CASCADE,
  CONSTRAINT `fk_revision_user` FOREIGN KEY (`revised_by`) REFERENCES `users` (`user_id`)
) ENGINE=InnoDB DEFAULT CHARSET=utf8mb4 COLLATE=utf8mb4_0900_ai_ci;
/*!40101 SET character_set_client = @saved_cs_client */;

--
-- Dumping data for table `internship_logbook_revisions`
--

LOCK TABLES `internship_logbook_revisions` WRITE;
/*!40000 ALTER TABLE `internship_logbook_revisions` DISABLE KEYS */;
/*!40000 ALTER TABLE `internship_logbook_revisions` ENABLE KEYS */;
UNLOCK TABLES;

--
-- Table structure for table `internship_logbooks`
--

DROP TABLE IF EXISTS `internship_logbooks`;
/*!40101 SET @saved_cs_client     = @@character_set_client */;
/*!50503 SET character_set_client = utf8mb4 */;
CREATE TABLE `internship_logbooks` (
  `log_id` int NOT NULL AUTO_INCREMENT,
  `internship_id` int NOT NULL,
  `student_id` int NOT NULL,
  `work_date` date NOT NULL,
  `log_title` varchar(255) NOT NULL,
  `work_description` text NOT NULL,
  `learning_outcome` text NOT NULL,
  `problems` text,
  `solutions` text,
  `work_hours` decimal(4,2) NOT NULL,
  `supervisor_comment` text,
  `supervisor_approved` int NOT NULL DEFAULT '0',
  `advisor_comment` text,
  `advisor_approved` tinyint(1) DEFAULT '0',
  `created_at` timestamp NULL DEFAULT CURRENT_TIMESTAMP,
  `updated_at` timestamp NULL DEFAULT CURRENT_TIMESTAMP ON UPDATE CURRENT_TIMESTAMP,
  `time_in` varchar(5) DEFAULT NULL,
  `time_out` varchar(5) DEFAULT NULL,
  `supervisor_approved_at` datetime DEFAULT NULL,
  `supervisor_rejected_at` datetime DEFAULT NULL,
  `academic_year` int NOT NULL DEFAULT '2568' COMMENT 'ปีการศึกษาที่ logbook นี้ถูกบันทึก',
  `semester` int NOT NULL DEFAULT '1' COMMENT 'ภาคเรียนที่ logbook นี้ถูกบันทึก (1, 2, 3)',
  PRIMARY KEY (`log_id`),
  KEY `fk_logbook_internship` (`internship_id`),
  KEY `fk_logbook_student` (`student_id`),
  KEY `idx_work_date` (`work_date`),
  KEY `idx_approval_status` (`supervisor_approved`,`advisor_approved`),
  CONSTRAINT `fk_logbook_internship` FOREIGN KEY (`internship_id`) REFERENCES `internship_documents` (`internship_id`) ON DELETE CASCADE,
  CONSTRAINT `fk_logbook_student` FOREIGN KEY (`student_id`) REFERENCES `students` (`student_id`) ON DELETE CASCADE
) ENGINE=InnoDB AUTO_INCREMENT=782 DEFAULT CHARSET=utf8mb4 COLLATE=utf8mb4_0900_ai_ci;
/*!40101 SET character_set_client = @saved_cs_client */;

--
-- Dumping data for table `internship_logbooks`
--

LOCK TABLES `internship_logbooks` WRITE;
/*!40000 ALTER TABLE `internship_logbooks` DISABLE KEYS */;
INSERT INTO `internship_logbooks` VALUES (549,77,1361,'2025-04-07','CRUD','เพิ่ม funttion Create ','PHP','','',9.00,NULL,0,NULL,0,'2025-11-01 11:02:25','2025-11-01 11:02:25','08:00','17:00',NULL,NULL,2568,1),(550,77,1361,'2025-04-08','CRUD','เพิ่ม funttion Read','PHP node js','','',9.00,NULL,0,NULL,0,'2025-11-01 11:03:23','2025-11-01 11:03:23','08:00','17:00',NULL,NULL,2568,1),(551,77,1361,'2025-04-09','CRUD','เพิ่ม funttion Update (อัปเดต)','react และ API','','',9.00,NULL,0,NULL,0,'2025-11-01 11:04:52','2025-11-01 11:04:52','08:00','17:00',NULL,NULL,2568,1),(552,77,1361,'2025-04-10','CRUP','เพิ่ม funttion  Delete (ลบ)','Node js','','',9.00,NULL,0,NULL,0,'2025-11-01 11:06:53','2025-11-01 11:06:53','08:00','17:00',NULL,NULL,2568,1),(553,77,1361,'2025-04-11','new components','สร้าง components ใหม่','react ','','',9.00,NULL,0,NULL,0,'2025-11-01 11:09:05','2025-11-01 11:09:05','08:00','17:00',NULL,NULL,2568,1),(554,78,1362,'2025-04-07','ศึกษาการพัฒนาแอปพลิเคชันมือถือด้วย Flutter','ติดตั้งและตั้งค่าเครื่องมือพัฒนา (Flutter SDK, Android Studio, Visual Studio Code)\nศึกษาโครงสร้างโปรเจกต์ของ Flutter\nทดลองสร้างโปรเจกต์ตัวอย่าง (Hello World App)\nเรียนรู้พื้นฐานการใช้ Widget และการจัด Layout','เข้าใจหลักการทำงานของ Flutter และโครงสร้างไฟล์ภายในโปรเจกต์\nเรียนรู้การ Run แอปผ่าน Emulator และอุปกรณ์จริง','','',9.00,NULL,1,NULL,0,'2025-11-01 11:26:12','2025-11-01 11:58:29','08:00','17:00',NULL,NULL,2568,1),(555,78,1362,'2025-04-08','ศึกษาการพัฒนาแอปพลิเคชันมือถือด้วย Flutter','ติดตั้งและตั้งค่าเครื่องมือพัฒนา (Flutter SDK, Android Studio, Visual Studio Code)','เข้าใจหลักการทำงานของ Flutter และโครงสร้างไฟล์ภายในโปรเจกต์',NULL,NULL,9.00,NULL,1,NULL,0,'2025-11-01 11:26:12','2025-11-01 12:01:51','08:00','17:00',NULL,NULL,2568,1),(556,78,1362,'2025-04-09','เขียน Unit Test และทำ Code Review ฟังก์ชัน API','เขียน Test Case ครอบคลุมการทำงานของ API และเข้าร่วม Code Review เพื่อรับ Feedback','เข้าใจแนวทางการทำ Unit Testing เพื่อรับประกันคุณภาพของโค้ด',NULL,NULL,9.00,NULL,1,NULL,0,'2025-11-01 11:26:12','2025-11-01 12:01:51','08:00','17:00',NULL,NULL,2568,1),(557,78,1362,'2025-04-10','พัฒนาระบบการค้นหาข้อมูลด้วย Full-Text Search',' implement ฟังก์ชันการค้นหาแบบอิสระโดยใช้ PostgreSQL full-text search และทดสอบประสิทธิภาพการ Indexing','สามารถประยุกต์ใช้เทคนิค Full-Text Search เพื่อเพิ่มความเร็วและความแม่นยำในการค้นหาข้อมูลขนาดใหญ่',NULL,NULL,9.00,NULL,1,NULL,0,'2025-11-01 12:16:02','2025-11-01 12:16:02','08:00','17:00',NULL,NULL,2568,1),(558,78,1362,'2025-04-11','แก้ไข Bug และปรับปรุง UI/UX ของหน้า Dashboard','ทำการ Debug และแก้ไขข้อผิดพลาดในการแสดงผลกราฟบน Dashboard และปรับ Layout ให้รองรับ Mobile View','ได้รับทักษะในการทำ Cross-Browser Testing และการปรับปรุง User Experience ตามหลักการ Responsive Design',NULL,NULL,9.00,NULL,1,NULL,0,'2025-11-01 12:16:02','2025-11-01 12:16:02','08:00','17:00',NULL,NULL,2568,1),(559,78,1362,'2025-04-14','ออกแบบและพัฒนา RESTful API สำหรับโมดูลสมาชิก','ออกแบบ Endpoints สำหรับ CRUD สมาชิก และ implement การจัดการ Token (JWT) สำหรับ Authentication','เข้าใจหลักการออกแบบ API ตามมาตรฐาน REST และการจัดการ Security พื้นฐาน (JWT)',NULL,NULL,9.00,NULL,1,NULL,0,'2025-11-01 12:16:02','2025-11-01 12:16:02','08:00','17:00',NULL,NULL,2568,1),(560,78,1362,'2025-04-15','ติดตั้งและคอนฟิก Docker Swarm/Kubernetes Cluster เบื้องต้น','ทดลองตั้งค่า Cluster ขนาดเล็กเพื่อรัน Container หลายตัว และเรียนรู้การทำ Load Balancing ระหว่าง Service','ได้รับความรู้เบื้องต้นด้าน Container Orchestration และการทำ Microservices Deployment',NULL,NULL,9.00,NULL,1,NULL,0,'2025-11-01 12:16:02','2025-11-01 12:16:02','08:00','17:00',NULL,NULL,2568,1),(561,78,1362,'2025-04-16','วิเคราะห์ประสิทธิภาพของ Query และเพิ่ม Database Index','ใช้เครื่องมือ Monitor Database เพื่อหา Query ที่ช้า และทำการเพิ่ม Index เพื่อลด Execution Time','สามารถวิเคราะห์ Execution Plan และ Optimize Database Performance ในสถานการณ์จริง',NULL,NULL,9.00,NULL,1,NULL,0,'2025-11-01 12:16:02','2025-11-01 12:16:02','08:00','17:00',NULL,NULL,2568,1),(562,78,1362,'2025-04-17','จัดทำเอกสารคู่มือการใช้งานระบบสำหรับผู้ใช้ (User Manual)','เขียนขั้นตอนการใช้งานระบบตั้งแต่ต้นจนจบ พร้อมภาพประกอบสำหรับ User End-point','ฝึกฝนทักษะการสื่อสารและแปลงข้อมูลทางเทคนิคให้เป็นคู่มือที่เข้าใจง่ายสำหรับคนทั่วไป',NULL,NULL,9.00,NULL,1,NULL,0,'2025-11-01 12:16:02','2025-11-01 12:16:02','08:00','17:00',NULL,NULL,2568,1),(563,78,1362,'2025-04-18','เข้าร่วม Code Review และปรับปรุงคุณภาพโค้ด','ตรวจสอบ Pull Request ของเพื่อนร่วมทีม และทำการ Refactor โค้ดในส่วนที่ได้รับผิดชอบให้เป็น Clean Code','เห็นความสำคัญของ Code Convention และแนวคิดการเขียนโค้ดที่สามารถบำรุงรักษาได้ (Maintainable Code)',NULL,NULL,9.00,NULL,1,NULL,0,'2025-11-01 12:16:02','2025-11-01 12:16:02','08:00','17:00',NULL,NULL,2568,1),(564,78,1362,'2025-04-21','พัฒนาฟังก์ชันการ Upload และจัดการไฟล์ไปยัง Cloud Storage',' implement API สำหรับรับไฟล์ และเชื่อมต่อกับ Amazon S3 เพื่อจัดเก็บข้อมูล Binary','เรียนรู้การทำงานร่วมกับ Cloud Storage Service และการจัดการไฟล์อัพโหลดอย่างปลอดภัย',NULL,NULL,9.00,NULL,1,NULL,0,'2025-11-01 12:16:02','2025-11-01 12:16:02','08:00','17:00',NULL,NULL,2568,1),(565,78,1362,'2025-04-22','ทดลองทำ Automated Unit Testing สำหรับ Service Logic','เขียน Unit Test ด้วย Framework (เช่น Jest/JUnit) เพื่อครอบคลุม Business Logic ที่สำคัญ','เข้าใจแนวทางการทำ Testing Development (TDD) และการรับประกันคุณภาพของโค้ดในระดับ Function',NULL,NULL,9.00,NULL,1,NULL,0,'2025-11-01 12:16:02','2025-11-01 12:16:02','08:00','17:00',NULL,NULL,2568,1),(566,78,1362,'2025-04-23','ปรับปรุงระบบ Notification และ Email Queue','ย้ายการส่ง Email ไปยัง Queue (เช่น RabbitMQ/Kafka) เพื่อลด Latency ในการตอบสนองของ API','ได้รับความรู้ในการใช้ Message Queue เพื่อจัดการ Asynchronous Tasks และเพิ่มความเร็วในการตอบกลับ',NULL,NULL,9.00,NULL,1,NULL,0,'2025-11-01 12:16:02','2025-11-01 12:16:02','08:00','17:00',NULL,NULL,2568,1),(567,78,1362,'2025-04-24','เข้าร่วม Scrum Daily Standup Meeting และวางแผน Sprint','รายงานความคืบหน้าของงาน, ปัญหาที่พบ, และช่วยทีมในการประเมิน Effort ของ Task ใหม่ใน Sprint ถัดไป','ฝึกฝนการสื่อสารและการวางแผนงานในกรอบเวลาที่จำกัดตามหลักการ Agile/Scrum',NULL,NULL,9.00,NULL,1,NULL,0,'2025-11-01 12:16:02','2025-11-01 12:16:02','08:00','17:00',NULL,NULL,2568,1),(568,78,1362,'2025-04-25','ศึกษาและทดลองใช้เครื่องมือ Logging (ELK Stack)','ติดตั้ง Logstash และ Kibana เพื่อรวมศูนย์ Log จากหลายๆ Service และวิเคราะห์ปัญหาที่เกิดขึ้น','สามารถทำการรวมศูนย์และวิเคราะห์ Log เพื่อช่วยในการ Debugging และ Monitoring ระบบ',NULL,NULL,9.00,NULL,1,NULL,0,'2025-11-01 12:16:02','2025-11-01 12:16:02','08:00','17:00',NULL,NULL,2568,1),(569,78,1362,'2025-04-28','พัฒนา Component สำหรับการแสดงผลแผนที่ (Map)',' implement แผนที่ (เช่น Google Maps/Leaflet) เพื่อแสดงตำแหน่งของข้อมูลตามที่ผู้ใช้กำหนด','ได้รับทักษะในการใช้ Library ภายนอก และการจัดการ Geo-spatial Data ใน Frontend',NULL,NULL,9.00,NULL,1,NULL,0,'2025-11-01 12:16:02','2025-11-01 12:16:02','08:00','17:00',NULL,NULL,2568,1),(570,78,1362,'2025-04-29','ทำการ Stress Testing API ด้วย Postman Runner','จำลองการเรียกใช้งาน API พร้อมกันหลายๆ ครั้งเพื่อตรวจสอบความสามารถในการรองรับ Traffic สูงสุด','เข้าใจแนวคิดของการ Load Testing และการระบุจุดอ่อนของ API เมื่อมีผู้ใช้จำนวนมาก',NULL,NULL,9.00,NULL,1,NULL,0,'2025-11-01 12:16:02','2025-11-01 12:16:02','08:00','17:00',NULL,NULL,2568,1),(571,78,1362,'2025-04-30','ปรับปรุง Error Handling และ Response Message','แก้ไขโค้ดเพื่อส่ง HTTP Status Code และ Error Message ที่ชัดเจนและเป็นมาตรฐานมากขึ้น','เรียนรู้การทำ Error Handling ที่ดี เพื่อให้ Client และผู้บริโภค API สามารถจัดการกับข้อผิดพลาดได้อย่างถูกต้อง',NULL,NULL,9.00,NULL,1,NULL,0,'2025-11-01 12:16:02','2025-11-01 12:16:02','08:00','17:00',NULL,NULL,2568,1),(572,78,1362,'2025-05-01','พัฒนาระบบการ Export ข้อมูลในรูปแบบ PDF','ใช้ Library สำหรับการสร้าง PDF (เช่น jsPDF/ReportLab) เพื่อสร้างเอกสารจากข้อมูลในระบบ','ได้รับทักษะในการสร้างรายงานในรูปแบบเอกสารที่เป็นทางการจากข้อมูลดิจิทัล',NULL,NULL,9.00,NULL,1,NULL,0,'2025-11-01 12:16:02','2025-11-01 12:16:02','08:00','17:00',NULL,NULL,2568,1),(573,78,1362,'2025-05-02','ทำ Peer Programming กับนักพัฒนารุ่นพี่','ทำงานร่วมกันแบบคู่เพื่อแก้ปัญหาที่ซับซ้อนในส่วนของการคำนวณ Financial Logic','เรียนรู้เทคนิคการแก้ปัญหาและแนวคิดการเขียนโค้ดจากผู้มีประสบการณ์ผ่านการทำ Pair Programming',NULL,NULL,9.00,NULL,1,NULL,0,'2025-11-01 12:16:02','2025-11-01 12:16:02','08:00','17:00',NULL,NULL,2568,1),(574,78,1362,'2025-05-05','ศึกษาและทำ Workshop หัวข้อ Security Best Practices','เรียนรู้เกี่ยวกับ OWASP Top 10 และแนวทางการเขียนโค้ดเพื่อป้องกันช่องโหว่ความปลอดภัยที่พบบ่อย','เพิ่มพูนความรู้ด้าน Web Application Security และการป้องกันการโจมตีพื้นฐาน',NULL,NULL,9.00,NULL,1,NULL,0,'2025-11-01 12:16:02','2025-11-01 12:16:02','08:00','17:00',NULL,NULL,2568,1),(575,78,1362,'2025-05-06','ตั้งค่า Automated CI/CD Pipeline ด้วย GitHub Actions','เขียน Workflow Script เพื่อให้ระบบ Build, Test, และ Deploy โค้ดโดยอัตโนมัติเมื่อมีการ Merge','เข้าใจกระบวนการทำ Continuous Integration และ Continuous Delivery ที่ทันสมัย',NULL,NULL,9.00,NULL,1,NULL,0,'2025-11-01 12:16:02','2025-11-01 12:16:02','08:00','17:00',NULL,NULL,2568,1),(576,78,1362,'2025-05-07','ทำ Data Migration และ Clean Up ข้อมูลใน Production','เขียน Script เพื่อย้ายข้อมูลจากตารางเก่าไปยังตารางใหม่ และล้างข้อมูลที่ไม่จำเป็นออกไป','ได้รับทักษะในการจัดการและย้ายข้อมูลขนาดใหญ่ (Data Migration) ในสภาพแวดล้อมจริง',NULL,NULL,9.00,NULL,1,NULL,0,'2025-11-01 12:16:02','2025-11-01 12:16:02','08:00','17:00',NULL,NULL,2568,1),(577,78,1362,'2025-05-08','ปรับปรุงการจัดการ State ใน Frontend ด้วย Redux/Vuex','เปลี่ยนวิธีการจัดการข้อมูลใน Component ให้เป็น Centralized State Management เพื่อความง่ายในการ Debug','เข้าใจหลักการของ Flux/Redux Pattern และประโยชน์ของการจัดการ State ที่ซับซ้อนในแอปพลิเคชันขนาดใหญ่',NULL,NULL,9.00,NULL,1,NULL,0,'2025-11-01 12:16:02','2025-11-01 12:16:02','08:00','17:00',NULL,NULL,2568,1),(578,78,1362,'2025-05-09','วิเคราะห์และออกแบบฐานข้อมูลสำหรับระบบ Inventory','ร่วมกับ Product Owner ในการออกแบบ Schema และ Relationship สำหรับการจัดการคลังสินค้า','ฝึกการวิเคราะห์ความต้องการและนำมาออกแบบโครงสร้างข้อมูล (Database Schema) ให้มีประสิทธิภาพ',NULL,NULL,9.00,NULL,1,NULL,0,'2025-11-01 12:16:02','2025-11-01 12:16:02','08:00','17:00',NULL,NULL,2568,1),(579,78,1362,'2025-05-12','แก้ไขปัญหา CORS และ Security Header ของ Web Server','ตั้งค่า Nginx/Apache เพื่อให้มีการจัดการ Cross-Origin Resource Sharing และตั้งค่า HTTP Security Headers','เรียนรู้การตั้งค่า Web Server และการจัดการ Security Layer ในระดับ Network',NULL,NULL,9.00,NULL,1,NULL,0,'2025-11-01 12:16:02','2025-11-01 12:16:02','08:00','17:00',NULL,NULL,2568,1),(580,78,1362,'2025-05-13','พัฒนาระบบการแจ้งเตือนแบบ Real-Time ด้วย WebSockets',' implement WebSocket Server และ Client เพื่อส่งข้อมูลการแจ้งเตือนถึงผู้ใช้แบบทันที','ได้รับทักษะในการพัฒนา Real-Time Application และการใช้ Protocol WebSockets',NULL,NULL,9.00,NULL,1,NULL,0,'2025-11-01 12:16:02','2025-11-01 12:16:02','08:00','17:00',NULL,NULL,2568,1),(581,78,1362,'2025-05-14','จัดทำ Technical Specification สำหรับฟีเจอร์ใหม่','เขียนเอกสารรายละเอียดทางเทคนิคของฟีเจอร์ใหม่ โดยระบุ API, Schema และ Business Logic ที่เกี่ยวข้อง','ฝึกการเขียนเอกสาร Technical Specification เพื่อเป็น Guideline ให้กับทีมพัฒนาและ Tester',NULL,NULL,9.00,NULL,1,NULL,0,'2025-11-01 12:16:02','2025-11-01 12:16:02','08:00','17:00',NULL,NULL,2568,1),(582,78,1362,'2025-05-15','พัฒนาระบบดึงข้อมูลจาก Third-Party API','เขียน Client เพื่อเชื่อมต่อและประมวลผลข้อมูลที่ได้จาก External API (เช่น Weather/Payment Gateway)','เรียนรู้การ Integrate ระบบกับบริการภายนอก และการจัดการ Data Format ที่แตกต่างกัน',NULL,NULL,9.00,NULL,1,NULL,0,'2025-11-01 12:16:02','2025-11-01 12:16:02','08:00','17:00',NULL,NULL,2568,1),(583,78,1362,'2025-05-16','ทดสอบ Usability Test กับกลุ่มผู้ใช้งานจริง','สังเกตและรวบรวม Feedback จากผู้ใช้เกี่ยวกับการใช้งานหน้าเว็บที่เพิ่งพัฒนาใหม่','เข้าใจกระบวนการทำ Usability Testing และการใช้ Feedback เพื่อปรับปรุงผลิตภัณฑ์ให้ตรงกับความต้องการของผู้ใช้',NULL,NULL,9.00,NULL,1,NULL,0,'2025-11-01 12:16:02','2025-11-01 12:16:02','08:00','17:00',NULL,NULL,2568,1),(584,78,1362,'2025-05-19','ปรับปรุง Performance ของ Frontend โดยใช้ Code Splitting','ใช้เทคนิคการแยก Code Bundle เพื่อให้โหลดเฉพาะ Component ที่จำเป็น ลดเวลาการโหลดหน้าเว็บเริ่มต้น','ได้รับทักษะในการทำ Optimization ของ Frontend เพื่อลด Initial Load Time ของแอปพลิเคชัน',NULL,NULL,9.00,NULL,1,NULL,0,'2025-11-01 12:16:02','2025-11-01 12:16:02','08:00','17:00',NULL,NULL,2568,1),(585,78,1362,'2025-05-20','แก้ไข Bug ที่ถูกรายงานจากทีม QA (Quality Assurance)','ทำการ Debug และแก้ไขข้อผิดพลาดที่เกิดขึ้นในส่วนของระบบรายงานผลการปฏิบัติงาน','ฝึกการทำงานร่วมกับทีม QA และการแก้ไข Defect ต่างๆ ตามกระบวนการทำงานที่เป็นมาตรฐาน',NULL,NULL,9.00,NULL,1,NULL,0,'2025-11-01 12:16:02','2025-11-01 12:16:02','08:00','17:00',NULL,NULL,2568,1),(586,78,1362,'2025-05-21','พัฒนาระบบสำหรับจัดการ Configuration แบบ Centralized',' implement โค้ดเพื่อให้ดึงค่า Configuration (เช่น API Keys) จาก Environment Variable หรือ Vault Service','เรียนรู้การจัดการ Configuration ที่ปลอดภัยและยืดหยุ่นสำหรับสภาพแวดล้อมที่แตกต่างกัน',NULL,NULL,9.00,NULL,1,NULL,0,'2025-11-01 12:16:02','2025-11-01 12:16:02','08:00','17:00',NULL,NULL,2568,1),(587,78,1362,'2025-05-22','เข้าร่วม Training หัวข้อ Data Visualization','ศึกษาหลักการออกแบบกราฟและแผนภูมิเพื่อให้การแสดงผลข้อมูลมีความชัดเจนและสื่อสารได้ง่าย','เข้าใจวิธีเลือกประเภทของ Visualization ที่เหมาะสมกับชุดข้อมูลและวัตถุประสงค์ที่ต้องการสื่อสาร',NULL,NULL,9.00,NULL,1,NULL,0,'2025-11-01 12:16:02','2025-11-01 12:16:02','08:00','17:00',NULL,NULL,2568,1),(588,78,1362,'2025-05-23','พัฒนาระบบ Backup และ Restore ฐานข้อมูลอัตโนมัติ','เขียน Script สำหรับการสำรองข้อมูลรายวันและตั้งค่า Cron Job ให้ทำงานอัตโนมัติ','ได้รับทักษะในการดูแลระบบ (System Administration) และการรับประกันความต่อเนื่องทางธุรกิจ (DR)',NULL,NULL,9.00,NULL,1,NULL,0,'2025-11-01 12:16:02','2025-11-01 12:16:02','08:00','17:00',NULL,NULL,2568,1),(589,78,1362,'2025-05-26','ปรับปรุง Logic ในการคำนวณภาษีและส่วนลด','แก้ไข Business Logic ที่ซับซ้อนในส่วน Backend เพื่อให้การคำนวณเป็นไปตามกฎระเบียบใหม่','ฝึกการทำงานกับ Logic ทางธุรกิจที่ซับซ้อนและการทดสอบเพื่อให้มั่นใจในความถูกต้องของผลลัพธ์',NULL,NULL,9.00,NULL,1,NULL,0,'2025-11-01 12:16:02','2025-11-01 12:16:02','08:00','17:00',NULL,NULL,2568,1),(590,78,1362,'2025-05-27','ทำ Code Review และให้ข้อเสนอแนะด้าน Security','ตรวจสอบโค้ดเพื่อหาช่องโหว่พื้นฐาน (เช่น Input Validation) และแนะนำแนวทางการแก้ไขที่ปลอดภัย','พัฒนาความสามารถในการตรวจสอบโค้ดโดยเน้นด้านความปลอดภัย (Security Code Review)',NULL,NULL,9.00,NULL,1,NULL,0,'2025-11-01 12:16:02','2025-11-01 12:16:02','08:00','17:00',NULL,NULL,2568,1),(591,78,1362,'2025-05-28','พัฒนา Component สำหรับการแสดงปฏิทินและนัดหมาย',' implement Component ปฏิทินที่สามารถแสดง Event และจัดการการนัดหมายของผู้ใช้ได้','ได้รับทักษะในการใช้ Library ปฏิทินและการจัดการข้อมูล Time Series ใน Frontend',NULL,NULL,9.00,NULL,1,NULL,0,'2025-11-01 12:16:02','2025-11-01 12:16:02','08:00','17:00',NULL,NULL,2568,1),(592,78,1362,'2025-05-29','แก้ไขปัญหา Memory Leak ในแอปพลิเคชัน','ใช้เครื่องมือ Profiler เพื่อหา Function ที่มีการใช้ Memory มากเกินไป และทำการแก้ไขโค้ด','เรียนรู้เทคนิคการทำ Profiling และการแก้ไขปัญหา Memory Leak เพื่อเพิ่มความเสถียรของแอปพลิเคชัน',NULL,NULL,9.00,NULL,1,NULL,0,'2025-11-01 12:16:02','2025-11-01 12:16:02','08:00','17:00',NULL,NULL,2568,1),(593,78,1362,'2025-05-30','นำเสนอ Progress Report สรุปงานและ Q&A','เตรียมสรุปความคืบหน้าของโครงการที่ทำในสัปดาห์/เดือนที่ผ่านมา และตอบคำถามจากทีมงาน','ฝึกฝนทักษะการสรุปผลงานและการนำเสนอข้อมูลทางเทคนิคให้กับผู้บริหารและผู้มีส่วนได้ส่วนเสีย',NULL,NULL,9.00,NULL,1,NULL,0,'2025-11-01 12:16:02','2025-11-01 12:16:02','08:00','17:00',NULL,NULL,2568,1),(636,79,1365,'2025-04-21','พัฒนาระบบ **Accessibility (A11Y)** สำหรับ Form Input','ปรับปรุง **ARIA Labels** และ **Tab Index** บนฟอร์มต่างๆ เพื่อให้ผู้ใช้งานที่ใช้ Screen Reader เข้าถึงได้ง่ายขึ้น','เข้าใจหลักการ **WCAG** และวิธีการ implement **A11Y** เพื่อเพิ่มความเข้าถึงของเว็บไซต์',NULL,NULL,9.00,NULL,1,NULL,0,'2025-11-01 12:47:10','2025-11-01 12:51:52','08:00','17:00',NULL,NULL,2568,1),(637,79,1365,'2025-04-22','ติดตั้งและคอนฟิก **Prettier** และ **ESLint**','ตั้งค่าเครื่องมือ **Linter** และ **Formatter** เพื่อบังคับใช้ **Coding Style** ให้เป็นมาตรฐานเดียวกันในทีม','สามารถใช้เครื่องมือ **Static Code Analysis** เพื่อรักษาคุณภาพและความสม่ำเสมอของโค้ด',NULL,NULL,9.00,NULL,1,NULL,0,'2025-11-01 12:47:10','2025-11-01 12:51:52','08:00','17:00',NULL,NULL,2568,1),(638,79,1365,'2025-04-23','Implement **Pagination** สำหรับหน้าแสดงรายการสินค้า','พัฒนา Component **Pagination** ที่เชื่อมต่อกับ API เพื่อดึงข้อมูลเป็นชุด (Batch Data Loading)','ได้รับทักษะในการออกแบบ **UX** สำหรับการจัดการข้อมูลจำนวนมาก (Large Datasets) ด้วย Pagination',NULL,NULL,9.00,NULL,1,NULL,0,'2025-11-01 12:47:10','2025-11-01 12:51:52','08:00','17:00',NULL,NULL,2568,1),(639,79,1365,'2025-04-24','ปรับปรุง **Error Boundary** และ **Fallback UI** ใน Frontend','ใช้ **Error Boundary** ใน Framework เพื่อจัดการกับ Uncaught Errors และแสดงหน้าจอ **Fallback** ที่เหมาะสม','เข้าใจแนวทางการทำ **Resilience** ใน Frontend เพื่อป้องกันการล่มของทั้งแอปพลิเคชัน',NULL,NULL,9.00,NULL,1,NULL,0,'2025-11-01 12:47:10','2025-11-01 12:51:52','08:00','17:00',NULL,NULL,2568,1),(640,79,1365,'2025-04-25','จัดทำ **Component Library** สำหรับ Reusable UI','ออกแบบและสร้าง Component เล็กๆ (เช่น Button, Card) ที่สามารถนำไปใช้ซ้ำในหลายๆ หน้า','เรียนรู้การทำ **Design System** และการสร้าง **Atomic Components** เพื่อเพิ่มความเร็วในการพัฒนา',NULL,NULL,9.00,NULL,1,NULL,0,'2025-11-01 12:47:10','2025-11-01 12:51:52','08:00','17:00',NULL,NULL,2568,1),(641,79,1365,'2025-04-28','พัฒนาระบบ **Internationalization (i18n)** เบื้องต้น',' implement Logic การเปลี่ยนภาษาของเว็บไซต์ (ไทย/อังกฤษ) โดยใช้ Library **i18next**','เข้าใจหลักการทำ **Localization** และการจัดการ String Data สำหรับหลายภาษา',NULL,NULL,9.00,NULL,1,NULL,0,'2025-11-01 12:47:10','2025-11-01 12:51:52','08:00','17:00',NULL,NULL,2568,1),(642,79,1365,'2025-04-29','ทำ **A/B Testing** สำหรับ Call-to-Action (CTA)','ใช้เครื่องมือ **A/B Testing** เพื่อทดสอบปุ่ม CTA ที่มีสีและข้อความต่างกัน เพื่อวัด Conversion Rate','ได้รับความรู้ด้าน **Conversion Rate Optimization (CRO)** และการใช้ข้อมูลในการตัดสินใจออกแบบ',NULL,NULL,9.00,NULL,1,NULL,0,'2025-11-01 12:47:10','2025-11-01 12:51:52','08:00','17:00',NULL,NULL,2568,1),(643,79,1365,'2025-04-30','ปรับปรุง **Form Security** และป้องกัน **Bot/Spam**','ติดตั้ง **reCAPTCHA** หรือ **Honeypot Field** ในฟอร์มต่างๆ เพื่อลดการส่งข้อมูลที่เป็นสแปม','เข้าใจเทคนิคการป้องกัน **Spam** และการรักษาความปลอดภัยของ Public Form',NULL,NULL,9.00,NULL,1,NULL,0,'2025-11-01 12:47:10','2025-11-01 12:51:52','08:00','17:00',NULL,NULL,2568,1),(644,79,1365,'2025-05-01','พัฒนาระบบ **Image Cropping** และ **Resizing** ใน Frontend','ใช้ Library **Cropper.js** เพื่อให้ผู้ใช้สามารถปรับขนาดและตัดรูปภาพก่อนการอัปโหลด','ได้รับทักษะในการจัดการ **Image Manipulation** บน Client-side ก่อนส่งไปยัง Server',NULL,NULL,9.00,NULL,1,NULL,0,'2025-11-01 12:47:10','2025-11-01 12:51:52','08:00','17:00',NULL,NULL,2568,1),(645,79,1365,'2025-05-02','ทำ **Unit Testing** สำหรับ Frontend Utility Functions','เขียน **Unit Test** ครอบคลุมฟังก์ชันคำนวณและ **Helper Functions** ต่างๆ ใน Frontend Codebase','ฝึกการเขียน **Testable Code** และการใช้ Mocking ในการทำ Unit Testing ที่ดี',NULL,NULL,9.00,NULL,1,NULL,0,'2025-11-01 12:47:10','2025-11-01 12:51:52','08:00','17:00',NULL,NULL,2568,1),(646,79,1365,'2025-05-05',' implement **Web Workers** เพื่อจัดการ Task ที่ใช้เวลานาน','ย้ายการประมวลผลข้อมูลหนักๆ (เช่น การเข้ารหัส) ไปรันบน **Web Workers** เพื่อไม่ให้ UI ค้าง','เข้าใจการใช้ **Multi-threading** ใน Web Browser เพื่อเพิ่มความตอบสนองของ UI',NULL,NULL,9.00,NULL,1,NULL,0,'2025-11-01 12:47:10','2025-11-01 12:51:52','08:00','17:00',NULL,NULL,2568,1),(647,79,1365,'2025-05-06','พัฒนาระบบ **Real-time Chart** ด้วย **WebSockets**','เชื่อมต่อกับ WebSocket Endpoint เพื่อรับข้อมูล **Real-time** และอัพเดตกราฟแสดงผลโดยไม่รีเฟรชหน้า','ได้รับทักษะในการพัฒนา **Live Dashboard** และการใช้ Library กราฟ (เช่น Chart.js/D3.js)',NULL,NULL,9.00,NULL,1,NULL,0,'2025-11-01 12:47:10','2025-11-01 12:51:52','08:00','17:00',NULL,NULL,2568,1),(648,79,1365,'2025-05-07','แก้ไขปัญหา **SEO** ที่ถูกรายงานจาก **Google Search Console**','ตรวจสอบ **Crawl Errors**, **Indexing Status** และแก้ไข **Structured Data** ที่มีปัญหา','เรียนรู้การใช้ **Search Console** ในการวิเคราะห์และแก้ไขปัญหา **Technical SEO** ของเว็บไซต์',NULL,NULL,9.00,NULL,1,NULL,0,'2025-11-01 12:47:10','2025-11-01 12:51:52','08:00','17:00',NULL,NULL,2568,1),(649,79,1365,'2025-05-08','ปรับปรุง **Caching Strategy** ของ Static Assets','ตั้งค่า **HTTP Caching Headers** (เช่น Cache-Control, ETag) บน Server สำหรับ CSS, JS และรูปภาพ','เข้าใจหลักการ **Browser Caching** และการตั้งค่าที่เหมาะสมเพื่อลด Latency ในการโหลดซ้ำ',NULL,NULL,9.00,NULL,1,NULL,0,'2025-11-01 12:47:10','2025-11-01 12:51:52','08:00','17:00',NULL,NULL,2568,1),(650,79,1365,'2025-05-09','พัฒนาระบบ **Dynamic Metadata** สำหรับ Social Sharing',' implement การสร้าง **Open Graph (OG) Tags** และ **Twitter Cards** แบบ Dynamic ตามเนื้อหาของหน้าเว็บ','ได้รับทักษะในการควบคุมการแสดงผล **Preview** เมื่อมีการแชร์ลิงก์บน Social Media',NULL,NULL,9.00,NULL,1,NULL,0,'2025-11-01 12:47:10','2025-11-01 12:51:52','08:00','17:00',NULL,NULL,2568,1),(651,79,1365,'2025-05-12','ทำ **Performance Budget Audit**','กำหนด **Budget** สำหรับขนาดไฟล์ JavaScript/CSS และหาจุดที่เกิน Budget เพื่อทำการแก้ไข','เข้าใจแนวคิด **Performance Budget** และการพัฒนาเว็บไซต์โดยคำนึงถึงข้อจำกัดด้านความเร็ว',NULL,NULL,9.00,NULL,1,NULL,0,'2025-11-01 12:47:10','2025-11-01 12:51:52','08:00','17:00',NULL,NULL,2568,1),(652,79,1365,'2025-05-13',' implement **Web Font Optimization**','แปลง Font ให้เป็นรูปแบบที่ทันสมัย (เช่น **WOFF2**) และใช้เทคนิค **Font Loading** เพื่อลดการกระตุก','ได้รับทักษะในการจัดการ **Web Fonts** เพื่อให้โหลดเร็วและไม่เกิด **Layout Shift**',NULL,NULL,9.00,NULL,1,NULL,0,'2025-11-01 12:47:10','2025-11-01 12:51:52','08:00','17:00',NULL,NULL,2568,1),(653,79,1365,'2025-05-14','พัฒนาระบบ **Progressive Enhancement** สำหรับ JavaScript','ออกแบบ Component ที่ยังสามารถทำงานได้แม้ผู้ใช้จะปิด **JavaScript** เพื่อเพิ่มความเสถียร','เข้าใจแนวคิด **Progressive Enhancement** และการสร้างเว็บไซต์ที่ใช้งานได้ในทุกสภาพแวดล้อม',NULL,NULL,9.00,NULL,1,NULL,0,'2025-11-01 12:47:10','2025-11-01 12:51:52','08:00','17:00',NULL,NULL,2568,1),(654,79,1365,'2025-05-15','ทำ **Browser Feature Detection** และ **Polyfill**','ใช้เครื่องมือตรวจจับว่า Browser รองรับ **API** ใหม่หรือไม่ และ implement **Polyfills** สำหรับ Browser เก่า','เรียนรู้การจัดการความแตกต่างของ **Browser API** และการเขียนโค้ดที่เข้ากันได้กับ Browser หลากหลาย',NULL,NULL,9.00,NULL,1,NULL,0,'2025-11-01 12:47:10','2025-11-01 12:51:52','08:00','17:00',NULL,NULL,2568,1),(655,79,1365,'2025-05-16','พัฒนาระบบ **Code Splitting** ในระดับ Route/Component','ตั้งค่า **Webpack/Bundler** เพื่อแบ่งโค้ดเป็นชิ้นเล็กๆ และโหลดเมื่อผู้ใช้เข้าถึงหน้านั้นๆ','ได้รับทักษะในการทำ **Code Splitting** เพื่อลดขนาด **Initial Bundle Size** และเพิ่มความเร็ว',NULL,NULL,9.00,NULL,1,NULL,0,'2025-11-01 12:47:10','2025-11-01 12:51:52','08:00','17:00',NULL,NULL,2568,1),(656,79,1365,'2025-05-19',' implement **Pre-fetching** และ **Pre-loading** Resources','ใช้ **`<link rel=\"preload\">`** และ **`<link rel=\"prefetch\">`** เพื่อโหลด Resources ที่จำเป็นล่วงหน้า','เข้าใจเทคนิคการเร่งความเร็วการโหลดโดยการให้ Browser จัดลำดับความสำคัญของ **Assets**',NULL,NULL,9.00,NULL,1,NULL,0,'2025-11-01 12:47:10','2025-11-01 12:51:52','08:00','17:00',NULL,NULL,2568,1),(657,79,1365,'2025-05-20','ทำ **Performance Review** และปรับปรุง **First Input Delay (FID)**','วิเคราะห์ **Main Thread Activity** และลดเวลาการประมวลผล JavaScript เพื่อปรับปรุง **Interactivity**','สามารถใช้ **Performance Tab** ใน DevTools เพื่อวิเคราะห์และแก้ไขปัญหา **Responsiveness** ของหน้าเว็บ',NULL,NULL,9.00,NULL,1,NULL,0,'2025-11-01 12:47:10','2025-11-01 12:51:52','08:00','17:00',NULL,NULL,2568,1),(658,79,1365,'2025-05-21','พัฒนาระบบ **Client-Side Routing** (Single Page App)',' implement ระบบ **Routing** โดยใช้ **History API** เพื่อให้ URL เปลี่ยนโดยไม่ต้องโหลดหน้าใหม่','เข้าใจหลักการทำงานของ **SPA** และการสร้าง **Seamless Navigation** ให้กับผู้ใช้งาน',NULL,NULL,9.00,NULL,1,NULL,0,'2025-11-01 12:47:10','2025-11-01 12:51:52','08:00','17:00',NULL,NULL,2568,1),(659,79,1365,'2025-05-22','แก้ไขปัญหา **Layout Shift** และ **Janky Animations**','ระบุสาเหตุของ **Layout Shift (CLS)** และเปลี่ยน **CSS Properties** ที่ทำให้เกิด Reflow','ฝึกการเขียน **Performant CSS** โดยเน้นการใช้ **`transform`** และ **`opacity`** สำหรับ Animation',NULL,NULL,9.00,NULL,1,NULL,0,'2025-11-01 12:47:10','2025-11-01 12:51:52','08:00','17:00',NULL,NULL,2568,1),(660,79,1365,'2025-05-23','จัดทำ **End-to-End Testing** สำหรับ User Flow สำคัญ','เขียน **E2E Test Case** ด้วย **Cypress** เพื่อจำลองการเข้าสู่ระบบและการสั่งซื้อสินค้า','ได้รับทักษะในการทำ **Acceptance Testing** เพื่อยืนยันว่าฟังก์ชันหลักของเว็บไซต์ทำงานได้ถูกต้อง',NULL,NULL,9.00,NULL,1,NULL,0,'2025-11-01 12:47:10','2025-11-01 12:51:52','08:00','17:00',NULL,NULL,2568,1),(661,79,1365,'2025-05-26','พัฒนาระบบ **Theme Switching** (Light/Dark Mode)',' implement Logic การสลับ **Theme** โดยใช้ **User Preferences** และ **System Preferences**','เข้าใจการใช้ **`prefers-color-scheme`** Media Query เพื่อตอบสนองต่อการตั้งค่าของระบบปฏิบัติการ',NULL,NULL,9.00,NULL,1,NULL,0,'2025-11-01 12:47:10','2025-11-01 12:51:52','08:00','17:00',NULL,NULL,2568,1),(662,79,1365,'2025-05-27','ทำ **Audit** ด้านความปลอดภัยของ **Dependencies**','ใช้เครื่องมือ **NPM Audit** หรือ **Snyk** เพื่อตรวจสอบ **Vulnerabilities** ใน Library ภายนอกที่ใช้','เรียนรู้การรักษาความปลอดภัยของ **Dependency Tree** และการอัปเดต Library ให้เป็นปัจจุบัน',NULL,NULL,9.00,NULL,1,NULL,0,'2025-11-01 12:47:10','2025-11-01 12:51:52','08:00','17:00',NULL,NULL,2568,1),(663,79,1365,'2025-05-28',' implement **Service Worker** สำหรับ **Offline Caching**','ตั้งค่า **Service Worker** เพื่อ **Cache** Static Assets และ API Responses สำหรับการเข้าถึงแบบ Offline','ได้รับทักษะในการทำ **Progressive Web App (PWA)** และการเพิ่มความน่าเชื่อถือของเว็บไซต์',NULL,NULL,9.00,NULL,1,NULL,0,'2025-11-01 12:47:10','2025-11-01 12:51:52','08:00','17:00',NULL,NULL,2568,1),(664,79,1365,'2025-05-29','พัฒนาระบบ **Geo-location API** สำหรับค้นหาสาขาใกล้เคียง','ใช้ **Browser Geolocation API** เพื่อรับตำแหน่งของผู้ใช้ และเรียก API สาขาใกล้เคียงมาแสดงผล','ฝึกการใช้ **Browser API** ที่ละเอียดอ่อน และการจัดการสิทธิ์การเข้าถึงข้อมูลตำแหน่ง',NULL,NULL,9.00,NULL,1,NULL,0,'2025-11-01 12:47:10','2025-11-01 12:51:52','08:00','17:00',NULL,NULL,2568,1),(665,79,1365,'2025-05-30','ทำ **Refactoring** โค้ดที่ซับซ้อนในส่วนของการคำนวณราคา','ปรับปรุง **Business Logic** ที่เกี่ยวกับการคำนวณภาษีและส่วนลดให้เป็นโมดูลที่แยกออกจากกัน','เห็นความสำคัญของการแยก **Concerns** (Separation of Concerns) เพื่อให้โค้ดทดสอบและบำรุงรักษาได้ง่าย',NULL,NULL,9.00,NULL,1,NULL,0,'2025-11-01 12:47:10','2025-11-01 12:51:52','08:00','17:00',NULL,NULL,2568,1),(666,79,1365,'2025-06-02',' implement **User Feedback Mechanism** (Rate/Review)','พัฒนา Component ที่ให้ผู้ใช้สามารถให้คะแนนและเขียนรีวิว โดยมีการป้องกัน **Abuse** พื้นฐาน','ฝึกการออกแบบ **Input Component** สำหรับการเก็บข้อมูล Feedback จากผู้ใช้งาน',NULL,NULL,9.00,NULL,1,NULL,0,'2025-11-01 12:47:10','2025-11-01 12:51:53','08:00','17:00',NULL,NULL,2568,1),(667,79,1365,'2025-06-03','เข้าร่วม **Sprint Retrospective** และวางแผนปรับปรุงกระบวนการ','ประเมินผลการทำงานที่ผ่านมาของทีม และเสนอแนวทางแก้ไขปัญหาที่เกิดขึ้นใน **Development Cycle**','พัฒนาทักษะการทำงานร่วมกับทีมและการปรับปรุงกระบวนการทำงานอย่างต่อเนื่อง (Continuous Improvement)',NULL,NULL,9.00,NULL,1,NULL,0,'2025-11-01 12:47:10','2025-11-01 12:51:53','08:00','17:00',NULL,NULL,2568,1),(668,79,1365,'2025-06-04','พัฒนาระบบ **Custom Hook** (ใน React) หรือ **Composable** (ใน Vue)','สร้าง **Reusable Logic** สำหรับการเรียก API และการจัดการ State ที่นำไปใช้ซ้ำได้หลาย Component','เข้าใจการออกแบบ **Custom Hooks/Composables** เพื่อลดความซ้ำซ้อนของโค้ด (DRY Principle)',NULL,NULL,9.00,NULL,1,NULL,0,'2025-11-01 12:47:10','2025-11-01 12:51:53','08:00','17:00',NULL,NULL,2568,1),(669,79,1365,'2025-06-05','แก้ไขปัญหา **Z-Index Hell** และ **Stacking Context**','ตรวจสอบและแก้ไขปัญหา **Z-Index** ที่ทำให้ Component ซ้อนทับกันอย่างไม่ถูกต้องบนหน้าเว็บ','ได้รับความรู้เชิงลึกเกี่ยวกับ **CSS Stacking Context** และการจัดการ Layer ของ Element',NULL,NULL,9.00,NULL,1,NULL,0,'2025-11-01 12:47:10','2025-11-01 12:51:53','08:00','17:00',NULL,NULL,2568,1),(670,79,1365,'2025-06-06','ทำ **Final Security Review** ก่อน Production Deployment','ตรวจสอบโค้ดในส่วน **Frontend** ทั้งหมดอีกครั้ง เพื่อให้มั่นใจว่าไม่มีการเปิดเผย **Sensitive Data** หรือ **API Keys**','ฝึกการทำ **Security Checklist** และการตรวจสอบโค้ดเพื่อหาช่องโหว่ที่อาจนำไปสู่การรั่วไหลของข้อมูล',NULL,NULL,9.00,NULL,1,NULL,0,'2025-11-01 12:47:10','2025-11-01 12:51:53','08:00','17:00',NULL,NULL,2568,1),(671,79,1365,'2025-06-09','พัฒนาระบบ **Accessibility** สำหรับ **Keyboard Navigation**','ตรวจสอบและปรับปรุงการใช้งานเว็บไซต์ให้สามารถใช้ได้ด้วย **Keyboard** เท่านั้น (ไม่ต้องใช้ Mouse)','เข้าใจแนวทางการทำ **Accessibility** สำหรับผู้พิการทางสายตาและการใช้งานที่ไม่ใช้ Pointer Device',NULL,NULL,9.00,NULL,1,NULL,0,'2025-11-01 12:47:10','2025-11-01 12:51:53','08:00','17:00',NULL,NULL,2568,1),(672,79,1365,'2025-06-10',' implement **SSR (Server-Side Rendering)** สำหรับหน้าสำคัญ','ตั้งค่า Framework เพื่อทำ **SSR** ในหน้า Landing Page เพื่อปรับปรุง **SEO** และ **Initial Load Time**','ได้รับความรู้เรื่อง **SSR** และการเปรียบเทียบข้อดี-ข้อเสียระหว่าง SSR กับ CSR (Client-Side Rendering)',NULL,NULL,9.00,NULL,1,NULL,0,'2025-11-01 12:47:10','2025-11-01 12:51:53','08:00','17:00',NULL,NULL,2568,1),(673,79,1365,'2025-06-11','ทำ **Code Splitting** และ **Chunk Optimization**','วิเคราะห์ **Bundle Size** และปรับการตั้งค่า **Webpack** เพื่อให้ **Chunk Files** มีขนาดเล็กลงและโหลดเร็วขึ้น','ฝึกการทำ **Deep Dive Optimization** ในการจัดการ JavaScript Bundles สำหรับ Production Build',NULL,NULL,9.00,NULL,1,NULL,0,'2025-11-01 12:47:10','2025-11-01 12:51:53','08:00','17:00',NULL,NULL,2568,1),(674,79,1365,'2025-06-12','ทดสอบ **Performance** และ **Load Time** บน **3G Network**','จำลองการใช้งานบนเครือข่ายความเร็วต่ำเพื่อวัด **User Experience** ในสภาพแวดล้อมจริง','เข้าใจปัญหาของ **Users** ที่ใช้งานในพื้นที่สัญญาณอ่อน และแนวทางการออกแบบเว็บไซต์สำหรับ **Emerging Markets**',NULL,NULL,9.00,NULL,1,NULL,0,'2025-11-01 12:47:10','2025-11-01 12:51:53','08:00','17:00',NULL,NULL,2568,1),(675,79,1365,'2025-06-13','จัดทำ **Final Report** และ **Project Summary**','รวบรวมข้อมูล, Metrics, และสรุปผลลัพธ์ของงานที่ทำทั้งหมดตลอดช่วงการฝึกงาน','พัฒนาทักษะการทำ **Technical Reporting** และการสรุปผลงานอย่างเป็นทางการและน่าเชื่อถือ',NULL,NULL,9.00,NULL,1,NULL,0,'2025-11-01 12:47:10','2025-11-01 12:51:53','08:00','17:00',NULL,NULL,2568,1),(676,79,1365,'2025-06-16','แก้ไข Bug Critical Severity ใน Staging Environment','ทำการ Debug และแก้ไขข้อผิดพลาดที่ส่งผลกระทบต่อการทำงานของระบบสำคัญก่อนการ Deploy จริง','ฝึกการ **Troubleshoot** ปัญหาที่ซับซ้อนในสภาพแวดล้อมที่ใกล้เคียง Production',NULL,NULL,9.00,NULL,1,NULL,0,'2025-11-01 12:47:10','2025-11-01 12:51:53','08:00','17:00',NULL,NULL,2568,1),(677,79,1365,'2025-06-17','ทำ **Deployment** และ **Post-Deployment Monitoring**','ดำเนินการ **Deploy** โค้ดไปยัง Production และตรวจสอบ **Error Logs** และ **Performance Metrics** หลังการ Deploy','ได้รับประสบการณ์ในการ **Go-Live** และการเฝ้าระวังระบบทันทีหลังการเปลี่ยนแปลง',NULL,NULL,9.00,NULL,1,NULL,0,'2025-11-01 12:47:10','2025-11-01 12:51:53','08:00','17:00',NULL,NULL,2568,1),(678,79,1365,'2025-06-18','ทำ **Training Session** ให้กับทีม Support','จัดทำเอกสารและนำเสนอ **Training** เกี่ยวกับฟีเจอร์ใหม่ให้กับทีม **Customer Support** เพื่อเตรียมรับคำถามจากลูกค้า','พัฒนาทักษะการ **Public Speaking** และการถ่ายทอดความรู้ทางเทคนิคให้แก่ทีมงานที่ไม่ใช่สาย Developer',NULL,NULL,9.00,NULL,1,NULL,0,'2025-11-01 12:47:10','2025-11-01 12:51:53','08:00','17:00',NULL,NULL,2568,1),(679,79,1365,'2025-06-19','เข้าร่วม **Final Review** และ **Project Sign-off**','นำเสนอภาพรวมของโครงการทั้งหมดและการปรับปรุงที่ทำไปในช่วงหลัง เพื่อรับการอนุมัติขั้นสุดท้าย','เข้าใจกระบวนการ **Project Closing** และการรับรองความสมบูรณ์ของงานจากผู้มีส่วนได้ส่วนเสีย',NULL,NULL,9.00,NULL,1,NULL,0,'2025-11-01 12:47:10','2025-11-01 12:51:53','08:00','17:00',NULL,NULL,2568,1),(680,79,1365,'2025-06-20','วันทำงานพิเศษ: **System Optimization** และ **Cleanup**','ทำการ **Code Cleanup** ครั้งสุดท้าย, ลบไฟล์ที่ไม่จำเป็น, และปรับปรุง **Deployment Script** ให้มีประสิทธิภาพสูงสุด','เรียนรู้ความสำคัญของ **Technical Debt** และการใช้เวลาในวันสุดท้ายเพื่อปรับปรุงความสะอาดของโค้ด',NULL,NULL,9.00,NULL,1,NULL,0,'2025-11-01 12:47:10','2025-11-01 12:51:53','08:00','17:00',NULL,NULL,2568,1),(682,80,1366,'2025-04-21','เข้าร่วมประชุมเพื่อวิเคราะห์ Requirement ของโมดูลใหม่','อ่านและทำความเข้าใจ **User Story** และ **Acceptance Criteria** เพื่อประเมินขอบเขตการทดสอบ','เข้าใจความสัมพันธ์ระหว่าง Business Requirement กับ Test Scope ในกระบวนการ **STLC (Software Testing Life Cycle)**',NULL,NULL,9.00,NULL,1,NULL,0,'2025-11-01 13:09:07','2025-11-01 13:09:07','09:00','18:00',NULL,NULL,2568,1),(683,80,1366,'2025-04-22','จัดทำ **Test Plan** และ **Test Strategy** สำหรับ Sprint','สร้างเอกสาร **Test Plan** โดยกำหนดประเภทการทดสอบ, ทรัพยากร และตารางเวลาสำหรับการทดสอบในรอบนี้','ได้รับทักษะในการวางแผนการทดสอบอย่างเป็นระบบ (Test Planning) ตามหลักการ **Agile Testing**',NULL,NULL,9.00,NULL,1,NULL,0,'2025-11-01 13:09:07','2025-11-01 13:09:07','09:00','18:00',NULL,NULL,2568,1),(684,80,1366,'2025-04-23','เริ่มเขียน **Test Case** สำหรับฟีเจอร์ Login','สร้างชุด **Test Case** โดยใช้เทคนิค **Boundary Value Analysis (BVA)** และ **Equivalence Partitioning**','เข้าใจเทคนิคการออกแบบ **Test Case** แบบ Black-Box เพื่อครอบคลุมเงื่อนไขการทดสอบที่สำคัญ',NULL,NULL,9.00,NULL,1,NULL,0,'2025-11-01 13:09:07','2025-11-01 13:09:07','09:00','18:00',NULL,NULL,2568,1),(685,80,1366,'2025-04-24','ดำเนินการ **Functional Testing** ในระบบสมาชิก','ทดสอบการทำงานของฟีเจอร์ต่างๆ ตาม **Test Case** ที่เตรียมไว้ และบันทึกผลลัพธ์','ฝึกการค้นหา Bug ที่เกี่ยวข้องกับ **Business Logic** และการยืนยันความถูกต้องของฟังก์ชัน',NULL,NULL,9.00,NULL,1,NULL,0,'2025-11-01 13:09:07','2025-11-01 13:09:07','09:00','18:00',NULL,NULL,2568,1),(686,80,1366,'2025-04-25','รายงาน Bug ที่พบใน **Bug Tracking System (Jira)**','บันทึก **Bug Report** โดยระบุ **Steps to Reproduce**, **Expected Result**, และ **Actual Result** อย่างละเอียด','สามารถเขียน **Bug Report** ที่มีคุณภาพและมีข้อมูลครบถ้วนเพื่อช่วยให้ Developer แก้ไขปัญหาได้รวดเร็ว',NULL,NULL,9.00,NULL,1,NULL,0,'2025-11-01 13:09:07','2025-11-01 13:09:07','09:00','18:00',NULL,NULL,2568,1),(687,80,1366,'2025-04-28','ทำ **Regression Testing** หลังการแก้ไข Bug','ดำเนินการทดสอบซ้ำในส่วนที่เคยผ่านแล้ว เพื่อให้มั่นใจว่าการแก้ไข Bug ไม่ส่งผลกระทบต่อฟังก์ชันเดิม','เข้าใจความสำคัญของ **Regression Testing** ในการรักษาความเสถียรของโค้ดเบส',NULL,NULL,9.00,NULL,1,NULL,0,'2025-11-01 13:09:07','2025-11-01 13:09:07','09:00','18:00',NULL,NULL,2568,1),(688,80,1366,'2025-04-29','ทดสอบ **User Interface (UI)** และ **User Experience (UX)**','ตรวจสอบความสวยงาม, ความสม่ำเสมอของ UI, และความง่ายในการใช้งานตามหลักการ **Usability**','ได้รับทักษะในการทดสอบที่เน้นมุมมองของผู้ใช้ (User-Centric Testing) และการรายงาน **Usability Issues**',NULL,NULL,9.00,NULL,1,NULL,0,'2025-11-01 13:09:07','2025-11-01 13:09:07','09:00','18:00',NULL,NULL,2568,1),(689,80,1366,'2025-04-30','เตรียมข้อมูลทดสอบ **(Test Data Preparation)**','สร้างและจัดการชุดข้อมูลสำหรับใช้ในการทดสอบ Scenario ที่ซับซ้อนและ Edge Cases ต่างๆ','เรียนรู้เทคนิคการสร้าง **Test Data** ที่ครอบคลุมทุกเงื่อนไขและมีความน่าเชื่อถือ',NULL,NULL,9.00,NULL,1,NULL,0,'2025-11-01 13:09:07','2025-11-01 13:09:07','09:00','18:00',NULL,NULL,2568,1),(690,80,1366,'2025-05-01','ทดสอบ **Error Handling** และ **Input Validation**','ทดสอบระบบด้วย Input ที่ไม่ถูกต้องและผิดรูปแบบ เพื่อตรวจสอบการจัดการข้อผิดพลาดและข้อความแจ้งเตือน','เข้าใจการทดสอบ **Input Validation** และการทำ **Negative Testing** เพื่อค้นหาช่องโหว่',NULL,NULL,9.00,NULL,1,NULL,0,'2025-11-01 13:09:07','2025-11-01 13:09:07','09:00','18:00',NULL,NULL,2568,1),(691,80,1366,'2025-05-02','ทำ **Cross-Browser Testing** และ **Compatibility Testing**','ทดสอบการแสดงผลและฟังก์ชันการทำงานบน Browser (Chrome, Firefox) และอุปกรณ์ที่แตกต่างกัน','ได้รับทักษะในการใช้เครื่องมือจำลอง (Simulator) และการทดสอบความเข้ากันได้ของระบบ',NULL,NULL,9.00,NULL,1,NULL,0,'2025-11-01 13:09:07','2025-11-01 13:09:07','09:00','18:00',NULL,NULL,2568,1),(692,80,1366,'2025-05-05','ฝึกใช้เครื่องมือ **Test Automation (Selenium)** เบื้องต้น','เขียน **Test Script** อัตโนมัติชุดแรกด้วย Selenium WebDriver เพื่อทดสอบ User Flow หลัก','เรียนรู้หลักการพื้นฐานของการทำ **Test Automation** และการระบุ **Element** บนหน้าเว็บ',NULL,NULL,9.00,NULL,1,NULL,0,'2025-11-01 13:09:07','2025-11-01 13:09:07','09:00','18:00',NULL,NULL,2568,1),(693,80,1366,'2025-05-06','ทดสอบ **Performance** ของ API ด้วย **JMeter**','ออกแบบ **Load Test Scenario** และจำลองผู้ใช้งานพร้อมกันเพื่อวัด Latency และ Throughput ของ API','เข้าใจแนวคิดของการทำ **Load Testing** และการใช้เครื่องมือเพื่อประเมินความสามารถในการรองรับ Traffic',NULL,NULL,9.00,NULL,1,NULL,0,'2025-11-01 13:09:07','2025-11-01 13:09:07','09:00','18:00',NULL,NULL,2568,1),(694,80,1366,'2025-05-07','ทำ **Security Testing** เบื้องต้น (SQL Injection/XSS)','ทดสอบ Input Fields ต่างๆ เพื่อหาช่องโหว่พื้นฐานทางความปลอดภัย เช่น **SQL Injection** และ **Cross-Site Scripting (XSS)**','ได้รับความรู้เบื้องต้นเกี่ยวกับ **Web Application Security** และวิธีการทดสอบช่องโหว่ที่พบบ่อย',NULL,NULL,9.00,NULL,1,NULL,0,'2025-11-01 13:09:07','2025-11-01 13:09:07','09:00','18:00',NULL,NULL,2568,1),(695,80,1366,'2025-05-08','ตรวจสอบ **Database Integrity** หลังการทำธุรกรรม','ใช้ SQL Query เพื่อตรวจสอบความถูกต้องของข้อมูลที่ถูกบันทึก/แก้ไขใน Database หลังการทำรายการบนระบบ','ฝึกทักษะการทำ **Database Testing** และการใช้คำสั่ง SQL ในการยืนยันความถูกต้องของข้อมูล',NULL,NULL,9.00,NULL,1,NULL,0,'2025-11-01 13:09:07','2025-11-01 13:09:07','09:00','18:00',NULL,NULL,2568,1),(696,80,1366,'2025-05-09','ทำ **Exploratory Testing** ในโมดูลรายงาน','สำรวจและทดสอบโมดูลรายงานอย่างอิสระโดยไม่มี **Test Case** ล่วงหน้า เพื่อค้นหา Bug ที่คาดไม่ถึง','เข้าใจหลักการของ **Exploratory Testing** และการใช้สัญชาตญาณเพื่อค้นหา Defect ที่ซ่อนอยู่',NULL,NULL,9.00,NULL,1,NULL,0,'2025-11-01 13:09:07','2025-11-01 13:09:07','09:00','18:00',NULL,NULL,2568,1),(697,80,1366,'2025-05-12','ทบทวนและปรับปรุง **Test Case** ตามการเปลี่ยนแปลงของ Requirement','อัปเดตและแก้ไข **Test Case** ให้สอดคล้องกับ Requirement ที่มีการปรับเปลี่ยนใน Sprint กลาง','ฝึกการบริหารจัดการ **Test Case** (Test Case Management) ให้เป็นปัจจุบันและมีประสิทธิภาพ',NULL,NULL,9.00,NULL,1,NULL,0,'2025-11-01 13:09:07','2025-11-01 13:09:07','09:00','18:00',NULL,NULL,2568,1),(698,80,1366,'2025-05-13','ทดสอบ **Usability** กับกลุ่มผู้ใช้งานจริง (UAT)','เข้าร่วมและสังเกตกระบวนการ **User Acceptance Testing (UAT)** โดยมีผู้ใช้งานปลายทางมาร่วมทดสอบ','เข้าใจบทบาทของ **Tester** ในกระบวนการ UAT และการรวบรวม Feedback จากผู้ใช้จริง',NULL,NULL,9.00,NULL,1,NULL,0,'2025-11-01 13:09:07','2025-11-01 13:09:07','09:00','18:00',NULL,NULL,2568,1),(699,80,1366,'2025-05-14','พัฒนาระบบ **Automation Testing** สำหรับ API (Postman/Rest-Assured)','เขียน **Automated Test Scripts** สำหรับ **API Endpoints** เพื่อตรวจสอบ HTTP Status Code และ Response Data','ได้รับทักษะในการทำ **API Testing** แบบอัตโนมัติเพื่อรับประกันคุณภาพของ Backend Service',NULL,NULL,9.00,NULL,1,NULL,0,'2025-11-01 13:09:07','2025-11-01 13:09:07','09:00','18:00',NULL,NULL,2568,1),(700,80,1366,'2025-05-15','ทำ **Smoke Testing** และ **Sanity Testing** ก่อน Deploy','ดำเนินการทดสอบฟังก์ชันหลัก (Critical Function) อย่างรวดเร็วเพื่อให้มั่นใจว่า Build ใหม่พร้อมสำหรับการทดสอบเต็มรูปแบบ','เข้าใจความแตกต่างและวัตถุประสงค์ของ **Smoke Test** และ **Sanity Test**',NULL,NULL,9.00,NULL,1,NULL,0,'2025-11-01 13:09:07','2025-11-01 13:09:07','09:00','18:00',NULL,NULL,2568,1),(701,80,1366,'2025-05-16','วิเคราะห์ **Root Cause Analysis (RCA)** ของ Bug ที่เกิดขึ้นซ้ำ','ใช้เทคนิค **5 Whys** และวิเคราะห์ **Log File** เพื่อหาต้นตอของปัญหาที่เกิดขึ้นบ่อยครั้ง','ฝึกทักษะการวิเคราะห์ปัญหาเชิงลึก (**RCA**) และการเสนอแนวทางการป้องกันปัญหาในอนาคต',NULL,NULL,9.00,NULL,1,NULL,0,'2025-11-01 13:09:07','2025-11-01 13:09:07','09:00','18:00',NULL,NULL,2568,1),(702,80,1366,'2025-05-19','เข้าร่วม Training หัวข้อ **Test Driven Development (TDD)**','ศึกษาแนวคิดการเขียน **Unit Test** ก่อนการเขียน Production Code และทำ Workshop การเขียน Test First','ได้รับความรู้เบื้องต้นด้าน **TDD** และวิธีการคิดแบบ **Test-Driven** ในการพัฒนาซอฟต์แวร์',NULL,NULL,9.00,NULL,1,NULL,0,'2025-11-01 13:09:07','2025-11-01 13:09:07','09:00','18:00',NULL,NULL,2568,1),(703,80,1366,'2025-05-20','ทำ **Performance Baseline** และ **Comparative Testing**','เก็บข้อมูล Performance ของระบบก่อนการเปลี่ยนแปลง และเปรียบเทียบกับ Performance หลังการ Deploy ฟีเจอร์ใหม่','เข้าใจการทำ **Performance Baseline** และการใช้ Metrics ในการตัดสินใจทางเทคนิค',NULL,NULL,9.00,NULL,1,NULL,0,'2025-11-01 13:09:07','2025-11-01 13:09:07','09:00','18:00',NULL,NULL,2568,1),(704,80,1366,'2025-05-21','ปรับปรุง **Test Automation Framework** ให้รองรับ Data-Driven Testing','แก้ไข **Automated Test Script** ให้สามารถดึงข้อมูลจากไฟล์ภายนอก (CSV/Excel) เพื่อทดสอบหลายๆ กรณี','ได้รับทักษะในการทำ **Data-Driven Testing** เพื่อเพิ่มความยืดหยุ่นและความครอบคลุมของ Test Script',NULL,NULL,9.00,NULL,1,NULL,0,'2025-11-01 13:09:07','2025-11-01 13:09:07','09:00','18:00',NULL,NULL,2568,1),(705,80,1366,'2025-05-22','ตรวจสอบ **Log File** และ **Monitoring Metrics** ใน Production','ใช้เครื่องมือ **Monitoring** (เช่น Grafana/Kibana) เพื่อตรวจสอบ Log และ Metrics หลังการ Deploy เพื่อหา Error ที่เกิดขึ้นจริง','ฝึกการวิเคราะห์ **Production Log** และการใช้เครื่องมือ **Observability** ในการค้นหาปัญหา',NULL,NULL,9.00,NULL,1,NULL,0,'2025-11-01 13:09:07','2025-11-01 13:09:07','09:00','18:00',NULL,NULL,2568,1),(706,80,1366,'2025-05-23','ทำ **Test Closure Report** สำหรับ Sprint ที่เสร็จสมบูรณ์','สรุปผลลัพธ์การทดสอบทั้งหมด, จำนวน Bug ที่พบ, **Test Coverage** และประเมินคุณภาพของซอฟต์แวร์','ได้รับทักษะในการจัดทำ **Test Report** ที่เป็นมาตรฐานเพื่อสื่อสารสถานะของโครงการให้กับผู้มีส่วนได้ส่วนเสีย',NULL,NULL,9.00,NULL,1,NULL,0,'2025-11-01 13:09:07','2025-11-01 13:09:07','09:00','18:00',NULL,NULL,2568,1),(707,80,1366,'2025-05-26','ทบทวนและสร้าง **Checklist** สำหรับ **Deployment**','สร้าง **Deployment Checklist** ที่รวมขั้นตอนการทดสอบสำคัญ (Smoke Test) ที่ต้องทำทันทีหลัง Deploy ขึ้น Production','เข้าใจกระบวนการ **Pre- and Post-Deployment Testing** ในวงจร **DevOps/CI/CD**',NULL,NULL,9.00,NULL,1,NULL,0,'2025-11-01 13:09:07','2025-11-01 13:09:07','09:00','18:00',NULL,NULL,2568,1),(708,80,1366,'2025-05-27','ทำ **Integration Testing** สำหรับการเชื่อมต่อ Third-Party API','ทดสอบการทำงานของระบบที่เชื่อมต่อกับบริการภายนอก (เช่น Payment Gateway) เพื่อตรวจสอบการรับ-ส่งข้อมูล','ฝึกการทดสอบระบบที่ต้องพึ่งพา **External Services** และการใช้ **Mocking** ในการจำลอง API',NULL,NULL,9.00,NULL,1,NULL,0,'2025-11-01 13:09:07','2025-11-01 13:09:07','09:00','18:00',NULL,NULL,2568,1),(709,80,1366,'2025-05-28','พัฒนาระบบ **Automation Test Script** สำหรับ **Accessibility (A11Y)**','ใช้เครื่องมืออัตโนมัติ (เช่น Axe-core) เพื่อตรวจสอบการละเมิดกฎ **WCAG** พื้นฐานบนหน้าเว็บ','ได้รับความรู้ในการทำ **Automated Accessibility Testing** เพื่อให้เว็บไซต์รองรับผู้ใช้งานที่หลากหลาย',NULL,NULL,9.00,NULL,1,NULL,0,'2025-11-01 13:09:07','2025-11-01 13:09:07','09:00','18:00',NULL,NULL,2568,1),(710,80,1366,'2025-05-29','ทำ **Acceptance Criteria Review** ร่วมกับ Product Owner','ตรวจสอบความถูกต้องและครบถ้วนของ **Acceptance Criteria** ก่อนการพัฒนาจริง เพื่อลดความเข้าใจผิด','เข้าใจความสำคัญของการทำ **Shift-Left Testing** และการตรวจสอบ Requirement ตั้งแต่ต้นน้ำ',NULL,NULL,9.00,NULL,1,NULL,0,'2025-11-01 13:09:07','2025-11-01 13:09:07','09:00','18:00',NULL,NULL,2568,1),(711,80,1366,'2025-05-30','ทำ **Ad-Hoc Testing** และ **Freestyle Testing** ในโมดูลใหม่','ทดสอบแบบไร้ทิศทางและเน้นการใช้งานแบบที่ผู้ใช้อาจไม่คาดคิด เพื่อค้นหา Bug ที่เกิดจาก Human Error','ฝึกทักษะการคิดนอกกรอบ (Out-of-the-Box Thinking) ในการค้นหา Defect',NULL,NULL,9.00,NULL,1,NULL,0,'2025-11-01 13:09:07','2025-11-01 13:09:07','09:00','18:00',NULL,NULL,2568,1),(712,80,1366,'2025-06-02','จัดทำ **Test Data Set** สำหรับ **System Integration Testing (SIT)**','เตรียมข้อมูลที่ซับซ้อนและมีเงื่อนไขผูกมัด (Dependent Data) สำหรับการทดสอบการเชื่อมต่อระหว่างระบบย่อย','ได้รับทักษะในการออกแบบ **Test Data Set** ที่จำลองสถานการณ์จริงได้อย่างครอบคลุม',NULL,NULL,9.00,NULL,1,NULL,0,'2025-11-01 13:09:07','2025-11-01 13:09:07','09:00','18:00',NULL,NULL,2568,1),(713,80,1366,'2025-06-03','ดำเนินการ **SIT (System Integration Testing)** เต็มรูปแบบ','ทดสอบ Flow การทำงานของข้อมูลตั้งแต่ต้นจนจบ (End-to-End) ที่ต้องผ่านระบบย่อยหลายส่วน','ได้รับประสบการณ์ในการทำ **System Integration Testing** ในโครงการที่มีความซับซ้อน',NULL,NULL,9.00,NULL,1,NULL,0,'2025-11-01 13:09:07','2025-11-01 13:09:07','09:00','18:00',NULL,NULL,2568,1),(714,80,1366,'2025-06-04','ทำ **Retesting** และยืนยัน **Bug Fixes**','ทดสอบ **Bug** ที่เคยรายงานไปแล้วเพื่อให้มั่นใจว่า Developer ได้ทำการแก้ไขอย่างถูกต้องและสามารถปิด Bug ได้','ฝึกการทำ **Bug Life Cycle Management** และการยืนยัน Defect Resolution',NULL,NULL,9.00,NULL,1,NULL,0,'2025-11-01 13:09:07','2025-11-01 13:09:07','09:00','18:00',NULL,NULL,2568,1),(715,80,1366,'2025-06-05','ทบทวนและปรับปรุง **Test Case Prioritization**','จัดลำดับความสำคัญของ **Test Case** ใน Sprint ถัดไป โดยอิงจาก **Risk** และ **Impact** ของฟีเจอร์','เข้าใจหลักการ **Risk-Based Testing** และการจัดสรรเวลาทดสอบให้กับส่วนที่มีความเสี่ยงสูง',NULL,NULL,9.00,NULL,1,NULL,0,'2025-11-01 13:09:07','2025-11-01 13:09:07','09:00','18:00',NULL,NULL,2568,1),(716,80,1366,'2025-06-06','สรุปผลงานและ **Knowledge Sharing** การทดสอบ Performance','นำเสนอสรุป Bug ที่พบ, Test Coverage และแบ่งปันความรู้/เครื่องมือที่ใช้ในการทำ **Performance Testing**','พัฒนาทักษะการ **Knowledge Sharing** และการสรุปบทเรียน (Lessons Learned) จากการทำงาน',NULL,NULL,9.00,NULL,1,NULL,0,'2025-11-01 13:09:07','2025-11-01 13:09:07','09:00','18:00',NULL,NULL,2568,1),(776,81,1006,'2024-07-01','TTTTTTTTTTTTTTTTTTTTTTTTTTTTTTTTTTTTTTTTTTTTTTTTTTTTTTTTTTTTTTTTTTTTTTTTTTTTTTTTTTTTTTTTTTTTTTTTTTTTTTTTTTTTTTTTTTTTTTTTTTTTTTTTTT','TTTTTTTTTTTTTTTTTTTTTTTTTTTTTTTTTTTTTTTTTTTTTTTTTTTTTTTTTTTTTTTTTTTTTTTTTTTTTTTTTTTTTTTTTTTTTTTTTTTTTTTTTTTTTTTTTTTTTTTTTTTTTTTTTT','TTTTTTTTTTTTTTTTTTTTTTTTTTTTTTTTTTTTTTTTTTTTTTTTTTTTTTTTTTTTTTTTTTTTTTTTTTTTTTTTTTTTTTTTTTTTTTTTTTTTTTTTTTTTTTTTTTTTTTTTTTTTTTTTTTTTTTTTTTTTTTTTTTTTTTTTTTTTTTTTTTTTTTTTTTTTTTTTTTTTTTTTTTTTTTTTTTTTTTTTTTTTTTTTTTTTTTTTTTTTTTTTTTTTTTTTTTTTTTTTTTTTTTTTTTTTTTTTTTTTTTTTTTTTTTTTTTTTTTTTTTTTTTTTTTTTTTTTTTTTTTTTTTTTTTTTTTTTTTTTTTTTTTTTTTTTTTTTTTTTTTTTTTTTTTTTTTTTTTTTTTTTTTTTTTTTTTTTTTTTTTTTTTTTTTTTTTTTTTTTTTTTTTTTTTTTTTTTTTTTTTTTTTTTTTTTTTTTTTTTTTTTTTTTTTTTTTTTTTTTTTTTTTTTTTTTTTTTTTTTTTTTTTTTTTTTTTTTTTTTTTTTTTTTTTTTTTTTTTTTTTTTTTTTTTTTTTTTTTTTTTTTTTTTTTTTTTTTTTTTTTTTTTTTTTTTTTTTTTTTTTTTTTTTTTTTTTTTTTTTTTTTTTTTTTTTTTTTTTTTTTTTTTTTTTTTTTTTTTTTTTTTTTTTTTTTTTTTTTTTTTTTTTTTTTTTTTTTTTTTTTTTTTTTTTTTTTTTTTTTTTTTTTTTTTTTTTTTTTTTTTTTTTTTTTTTTTTTTTTTTTTTTTTTTTTTTTTTTTTTTTTTTTTTTTTTTTTTTTTTTTTTTTTTTTTTTTTTTTTTTTTTTTTTTTTTTTTTTTTTTTTTTTTTTTTTTTTTTTTTTTTTTTTTTTTTTTTTTTTTTTTTTTTTTTTTTTTTTTTTTTTTTTTTTTTTTTTTTTTTTTTTTTTTTTTTTTTTTTTTTTTTTTTTTTTTTTTTTTTTTTTTTTTTTTTTTTTTTTTTTTTTTTTTTTTTTTTTTTTTTTTTTTTTTTTTTTTTTTTTTTTTTTTTTTTTTTTTTTTTTTTTTTTTTTTTTTTTTTTTTTTTTTTTTTTTTTTTTTTTTTTTTTTTTTTTTTTTTTTTTTTTTTTTTTTTTTTTTTTTTTTTTTTTTTTTTTTTTTTTTTTTTTTTTTTTTTTTTTTTTTTTTTTTTTTTTTTTTTTTTTTTTTTTTTTTTTTTTTTTTTTTTTTTTTTTTTTTTTTTTTTTTTTTTTTTTTTTTTTTTTTTTTTTTTTTTTTTTTTTTTTTTTTTTTTTTTTTTTTTTTTTTTTTTTTTTTTTTTTTTTTTTTTTTTTTTTTTTTTTTTTTTTTTTTTTTTTTTTTTTTTTTTTTTTTTTTTTTTTTTTTTTTTTTTTTTTTTTTTTTTTTTTTTTTTTTTTTTTTTTTTTTTTTTTTTTTTTTTTTTTTTTTTTTTTTTTTTTTTTTTTTTTTTTTTTTTTTTTTTTTTTTTTTTTTTTTTTTTTTTTTTTTTTTTTTTTTTTTTTTTTTTTTTTTTTTTTTTTTTTTTTTTTTTTTTTTTTTTTTTTTTTTTTTTTTTTTTTTTTTTTTTTTTTTTTTTTTTTTTTTTTTTTTTTTTTTTTTTTTTTTTTTTTTTTTTTTTTTTTTTTTTTTTTTTTTTTTTTTTTTTTTTTTTTTTTTTTTTTTTTTTTTTTTTTTTTTTTTTTTTTTTTTTTTTTTTTTTTTTTTTTTTTTTTTTTTTTTTTTTTTTTTTTTTTTTTTTTTTTTTTTTTTTTTTTTTTTTTTTTTTTTTTTTTTTTTTTTTTTTTTTTTTTTTTTTTTTTTTTTTTTTTTTTTTTTTTTTTTTTTTTTTTTTTTTTTTTTTTTTTTTTTTTTTTTTTTTTTTTTTTTTTTTTTTTTTTTTTTTTTTTTTTTTTTTTTTTTTTTTTTTTTTTTTTTTTTTTTTTTTTTTTTTTTTTTTTTTTTTTTTTTTTTTTTTTTTTTTTTTTTTTTTTTTTTTTTTTTTTTTTTTTTTTTTTTTTTTTTTTTTTTTTTTTTTTTTTTTTTTTTTTTTTTTTTTTTTTTTTTTTTTTTTTTTTTTTTTTTTTTTTTTTTTTTTTTTTTTTTTTTTTTTTTTTTTTTTTTTTTTTTTTTTTTTTTTTTTTTTTTTTTTTTTTTTTTTTTTTTTTTTTTTTTTTTTTTTTTTTTTTTTTTTTTTTTTTTTTTTTTTTTTTTTTTTTTTTTTTTTTTTTTTTTTTTTTTTTTTTTTTTTTTTTTTTTTTTTTTTTTTTTTTTTTTTTTTTTTTTTTTTTTTTTTTTTTTTTTTTTTTTTTTTTTTTTTTTTTTTTTTTTTTTTTTTTTTTTTTTTTTTTTTTTTTTTTTTTTTTTTTTTTTTTTTTTTTTTTTTTTTTTTTTTTTTTTTTTTTTTTTTTTTTTTTTTTTTTTTTTTTTTTTTTTTTTTTTTTTTTTTTTTTTTTTTTTTTTTTTTTTTTTTTTTTTTTTTTTTTTTTTTTTTTTTTTTTTTTTTTTTTTTTTTTTTTTTTTTTTTTTTTTTTTTTTTTTTTTTTTTTTTTTTTTTTTTTTTTTTTTTTTTTTTTTTTTTTTTTTTTTTTTTTTTTTTTTTTTTTTTTTTTTTTTTTTTTTTTTTTTTTTTTTTTTTTTTTTTTTTTTTTTTTTTTTTTTTTTTTTTTTTTTTTTTTTTTTTTTTTTTTTTTTTTTTTTTTTTTTTTTTTTTTTTTTTTTTTTTTTTTTTTTTTTTTTTTTTTTTTTTTTTTTTTTTTTTTTTTTTTTTTTTTTTTTTTTTTTTTTTTTTTTTTTTTTTTTTTTTTTTTTTTTTTTTTTTTTTTTTTTTTTTTTTTTTTTTTTTTTTTTTTTTTTTTTTTTTTTTTTTTTTTTTTTTTTTTTTTTTTTTTTTTTTTTTTTTTTTTTTTTTTTTTTTTTTTTTTTTTTTTTTTTTTTTTTTTTTTTTTTTTTTTTTTTTTTTTTTTTTTTTTTTTTTTTTTTTTTTTTTTTTTTTTTTTTTTTTTTTTTTTTTTTTTTTTTTTTTTTTTTTTTTTTTTTTTTTTTTTTTTTTTTTTTTTTTTTTTTTTTTTTTTTTTTTTTTTTTTTTTTTTTTTTTTTTTTTTTTTTTTTTTTTTTTTTTTTTTTTTTTTTTTTTTTTTTTTTTTTTTTTTTTTTTTTTTTTTTTTTTTTTTTTTTTTTTTTTTTTTTTTTTTTTTTTTTTTTTTTTTTTTTTTTTTTTTTTTTTTTTTTTTTTTTTTTTTTTTTTTTTTTTTTTTTTTTTTTTTTTTTTTTTTTTTTTTTTTTTTTTTTTTTTTTTTTTTTTTTTTTTTTTTTTTTTTTTTTTTTTTTTTTTTTTTTTTTTTTTTTTTTTTTTTTTTTTTTTTTTTTTTTTTTTTTTTTTTTTTTTTTTTTTTTTTTTTTTTTTTTTTTTTTTTTTTTTTTTTTTTTTTTTTTTTTTTTTTTTTTTTTTTTTTTTTTTTTTTTTTTTTTTTTTTTTTTTTTTTTTTTTTTTTTTTTTTTTTTTTTTTTTTTTTTTTTTTTTTTTTTTTTTTTTTTTTTTTTTTTTTTTTTTTTTTTTTTTTTTTTTTTTTTTTTTTTTTTTTTTTTTTTTTTTTTTTTTTTTTTTTTTTTTTTTTTTTTTTTTTTTTTTTTTTTTTTTTTTTTTTTTTTTTTTTTTTTTTTTTTTTTTTTTTTTTTTTTTTTTTTTTTTTTTTTTTTTTTTTTTTTTTTTTTTTTTTTTTTTTTTTTTTTTTTTTTTTTTTTTTTTTTTTTTTTTTTTTTTTTTTTTTTTTTTTTTTTTTTTTTTTTTTTTTTTTTTTTTTTTTTTTTTTTTTTTTTTTTTTTTTTTTTTTTTTTTTTTTTTTTTTTTTTTTTTTTTTTTTTTTTTTTTTTTTTTTTTTTTTTTTTTTTTTTTTTTTTTTTTTTTTTTTTTTTTTTTTTTTTTTTTTTTTTTTTTTTTTTTTTTTTTTTTTTTTTTTTTTTTTTTTTTTTTTTTTTTTTTTTTTTTTTTTTTTTTTTTTTTTTTTTTTTTTTTTTTTTTTTTTTTTTTTTTTTTTTTTTTTTTTTTTTTTTTTTTTTTTTTTTTTTTTTTTTTTTTTTTTTTTTTTTTTTTTTTTTTTTTTTTTTTTTTTTTTTTTTTTTTTTTTTTTTTTTTTTTTTTTTTTTTTTTTTTT','TTTTTTTTTTTTTTTTTTTTTTTTTTTTTTTTTTTTTTTTTTTTTTTTTTTTTTTTTTTTTTTTTTTTTTTTTTTTTTTTTTTTTTTTTTTTTTTTTTTTTTTTTTTTTTTTTTTTTTTTTTTTTTTTTTTTTTTTTTTTTTTTTTTTTTTTTTTTTTTTTTTTTTTTTTTTTTTTTTTTTTTTTTTTTTTTTTTTTTTTTTTTTTTTTTTTTTTTTTTTTTTTTTTTTTTTTTTTTTTTTTTTTTTTTTTTTTTTTTTTTTTTTTTTTTTTTTTTTTTTTTTTTTTTTTTTTTTTTTTTTTTTTTTTTTTTTTTTTTTTTTTTTTTTTTTTTTTTTTTTTTTTTTTTTTTTTTTTTTTTTTTTTTTTTTTTTTTTTTTTTTTTTTTTTTTTTTTTTTTTTTTTTTTTTTTTTTTTTTTTTTTTTTTTTTTTTTTTTTTTTTTTTTTTTTTTTTTTTTTTTTTTTTTTTTTTTTTTTTTTTTTTTTTTTTTTTTTTTTTTTTTTTTTTTTTTTTTTTTTTTTTTTTTTTTTTTTTTTTTTTTTTTTTTTTTTTTTTTTTTTTTTTTTTTTTTTTTTTTTTTTTTTTTTTTTTTTTTTTTTTTTTTTTTTTTTTTTTTTTTTTTTTTTTTTTTTTTTTTTTTTTTTTTTTTTTTTTTTTTTTTTTTTTTTTTTTTTTTTTTTTTTTTTTTTTTTTTTTTTTTTTTTTTTTTTTTTTTTTTTTTTTTTTTTTTTTTTTTTTTTTTTTTTTTTTTTTTTTTTTTTTTTTTTTTTTTTTTTTTTTTTTTTTTTTTTTTTTTTTTTTTTTTTTTTTTTTTTTTTTTTTTTTTTTTTTTTTTTTTTTTTTTTTTTTTTTTTTTTTTTTTTTTTTTTTTTTTTTTTTTTTTTTTTTTTTTTTTTTTTTTTTTTTTTTTTTTTTTTTTTTTTTTTTTTTTTTTTTTTTTTTTTTTTTTTTTTTTTTTTTTTTTTTTTTTTTTTTTTTTTTTTTTTTTTTTTTTTTTTTTTTTTTTTTTTTTTTTTTTTTTTTTTTTTTTTTTTTTTTTTTTTTTTTTTTTTTTTTTTTTTTTTTTTTTTTTTTTTTTTTTTTTTTTTTTTTTTTTTTTTTTTTTTTTTTTTTTTTTTTTTTTTTTTTTTTTTTTTTTTTTTTTTTTTTTTTTTTTTTTTTTTTTTTTTTTTTTTTTTTTTTTTTTTTTTTTTTTTTTTTTTTTTTTTTTTTTTTTTTTTTTTTTTTTTTTTTTTTTTTTTTTTTTTTTTTTTTTTTTTTTTTTTTTTTTTTTTTTTTTTTTTTTTTTTTTTTTTTTTTTTTTTTTTTTTTTTTTTTTTTTTTTTTTTTTTTTTTTTTTTTTTTTTTTTTTTTTTTTTTTTTTTTTTTTTTTTTTTTTTTTTTTTTTTTTTTTTTTTTTTTTTTTTTTTTTTTTTTTTTTTTTTTTTTTTTTTTTTTTTTTTTTTTTTTTTTTTTTTTTTTTTTTTTTTTTTTTTTTTTTTTTTTTTTTTTTTTTTTTTTTTTTTTTTTTTTTTTTTTTTTTTTTTTTTTTTTTTTTTTTTTTTTTTTTTTTTTTTTTTTTTTTTTTTTTTTTTTTTTTTTTTTTTTTTTTTTTTTTTTTTTTTTTTTTTTTTTTTTTTTTTTTTTTTTTTTTTTTTTTTTTTTTTTTTTTTTTTTTTTTTTTTTTTTTTTTTTTTTTTTTTTTTTTTTTTTTTTTTTTTTTTTTTTTTTTTTTTTTTTTTTTTTTTTTTTTTTTTTTTTTTTTTTTTTTTTTTTTTTTTTTTTTTTTTTTTTTTTTTTTTTTTTTTTTTTTTTTTTTTTTTTTTTTTTTTTTTTTTTTTTTTTTTTTTTTTTTTTTTTTTTTTTTTTTTTTTTTTTTTTTTTTTTTTTTTTTTTTTTTTTTTTTTTTTTTTTTTTTTTTTTTTTTTTTTTTTTTTTTTTTTTTTTTTTTTTTTTTTTTTTTTTTTTTTTTTTTTTTTTTTTTTTTTTTTTTTTTTTTTTTTTTTTTTTTTTTTTTTTTTTTTTTTTTTTTTTTTTTTTTTTTTTTTTTTTTTTTTTTTTTTTTTTTTTTTTTTTTTTTTTTTTTTTTTTTTTTTTTTTTTTTTTTTTTTTTTTTTTTTTTTTTTTTTTTTTTTTTTTTTTTTTTTTTTTTTTTTTTTTTTTTTTTTTTTTTTTTTTTTTTTTTTTTTTTTTTTTTTTTTTTTTTTTTTTTTTTTTTTTTTTTTTTTTTTTTTTTTTTTTTTTTTTTTTTTTTTTTTTTTTTTTTTTTTTTTTTTTTTTTTTTTTTTTTTTTTTTTTTTTTTTTTTTTTTTTTTTTTTTTTTTTTTTTTTTTTTTTTTTTTTTTTTTTTTTTTTTTTTTTTTTTTTTTTTTTTTTTTTTTTTTTTTTTTTTTTTTTTTTTTTTTTTTTTTTTTTTTTTTTTTTTTTTTTTTTTTTTTTTTTTTTTTTTTTTTTTTTTTTTTTTTTTTTTTTTTTTTTTTTTTTTTTTTTTTTTTTTTTTTTTTTTTTTTTTTTTTTTTTTTTTTTTTTTTTTTTTTTTTTTTTTTTTTTTTTTTTTTTTTTTTTTTTTTTTTTTTTTTTTTTTTTTTTTTTTTTTTTTTTTTTTTTTTTTTTTTTTTTTTTTTTTTTTTTTTTTTTTTTTTTTTTTTTTTTTTTTTTTTTTTTTTTTTTTTTTTTTTTTTTTTTTTTTTTTTTTTTTTTTTTTTTTTTTTTTTTTTTTTTTTTTTTTTTTTTTTTTTTTTTTTTTTTTTTTTTTTTTTTTTTTTTTTTTTTTTTTTTTTTTTTTTTTTTTTTTTTTTTTTTTTTTTTTTTTTTTTTTTTTTTTTTTTTTTTTTTTTTTTTTTTTTTTTTTTTTTTTTTTTTTTTTTTTTTTTTTTTTTTTTTTTTTTTTTTTTTTTTTTTTTTTTTTTTTTTTTTTTTTTTTTTTTTTTTTTTTTTTTTTTTTTTTTTTTTTTTTTTTTTTTTTTTTTTTTTTTTTTTTTTTTTTTTTTTTTTTTTTTTTTTTTTTTTTTTTTTTTTTTTTTTTTTTTTTTTTTT','TTTTTTTTTTTTTTTTTTTTTTTTTTTTTTTTTTTTTTTTTTTTTTTTTTTTTTTTTTTTTTTTTTTTTTTTTTTTTTTTTTTTTTTTTTTTTTTTTTTTTTTTTTTTTTTTTTTTTTTTTTTTTTTTTTTTTTTTTTTTTTTTTTTTTTTTTTTTTTTTTTTTTTTTTTTTTTTTTTTTTTTTTTTTTTTTTTTTTTTTTTTTTTTTTTTTTTTTTTTTTTTTTTTTTTTTTTTTTTTTTTTTTTTTTTTTTTTTTTTTTTTTTTTTTTTTTTTTTTTTTTTTTTTTTTTTTTTTTTTTTTTTTTTTTTTTTTTTTTTTTTTTTTTTTTTTTTTTTTTTTTTTTTTTTTTTTTTTTTTTTTTTTTTTTTTTTTTTTTTTTTTTTTTTTTTTTTTTTTTTTTTTTTTTTTTTTTTTTTTTTTTTTTTTTTTTTTTTTTTTTTTTTTTTTTTTTTTTTTTTTTTTTTTTTTTTTTTTTTTTTTTTTTTTTTTTTTTTTTTTTTTTTTTTTTTTTTTTTTTTTTTTTTTTTTTTTTTTTTTTTTTTTTTTTTTTTTTTTTTTTTTTTTTTTTTTTTTTTTTTTTTTTTTTTTTTTTTTTTTTTTTTTTTTTTTTTTTTTTTTTTTTTTTTTTTTTTTTTTTTTTTTTTTTTTTTTTTTTTTTTTTTTTTTTTTTTTTTTTTTTTTTTTTTTTTTTTTTTTTTTTTTTTTTTTTTTTTTTTTTTTTTTTTTTTTTTTTTTTTTTTTTTTTTTTTTTTTTTTTTTTTTTTTTTTTTTTTTTTTTTTTTTTTTTTTTTTTTTTTTTTTTTTTTTTTTTTTTTTTTTTTTTTTTTTTTTTTTTTTTTTTTTTTTTTTTTTTTTTTTTTTTTTTTTTTTTTTTTTTTTTTTTTTTTTTTTTTTTTTTTTTTTTTTTTTTTTTTTTTTTTTTTTTTTTTTTTTTTTTTTTTTTTTTTTTTTTTTTTTTTTTTTTTTTTTTTTTTTTTTTTTTTTTTTTTTTTTTTTTTTTTTTTTTTTTTTTTTTTTTTTTTTTTTTTTTTTTTTTTTTTTTTTTTTTTTTTTTTTTTTTTTTTTTTTTTTTTTTTTTTTTTTTTTTTTTTTTTTTTTTTTTTTTTTTTTTTTTTTTTTTTTTTTTTTTTTTTTTTTTTTTTTTTTTTTTTTTTTTTTTTTTTTTTTTTTTTTTTTTTTTTTTTTTTTTTTTTTTTTTTTTTTTTTTTTTTTTTTTTTTTTTTTTTTTTTTTTTTTTTTTTTTTTTTTTTTTTTTTTTTTTTTTTTTTTTTTTTTTTTTTTTTTTTTTTTTTTTTTTTTTTTTTTTTTTTTTTTTTTTTTTTTTTTTTTTTTTTTTTTTTTTTTTTTTTTTTTTTTTTTTTTTTTTTTTTTTTTTTTTTTTTTTTTTTTTTTTTTTTTTTTTTTTTTTTTTTTTTTTTTTTTTTTTTTTTTTTTTTTTTTTTTTTTTTTTTTTTTTTTTTTTTTTTTTTTTTTTTTTTTTTTTTTTTTTTTTTTTTTTTTTTTTTTTTTTTTTTTTTTTTTTTTTTTTTTTTTTTTTTTTTTTTTTTTTTTTTTTTTTTTTTTTTTTTTTTTTTTTTTTTTTTTTTTTTTTTTTTTTTTTTTTTTTTTTTTTTTTTTTTTTTTTTTTTTTTTTTTTTTTTTTTTTTTTTTTTTTTTTTTTTTTTTTTTTTTTTTTTTTTTTTTTTTTTTTTTTTTTTTTTTTTTTTTTTTTTTTTTTTTTTTTTTTTTTTTTTTTTTTTTTTTTTTTTTTTTTTTTTTTTTTTTTTTTTTTTTTTTTTTTTTTTTTTTTTTTTTTTTTTTTTTTTTTTTTTTTTTTTTTTTTTTTTTTTTTTTTTTTTTTTTTTTTTTTTTTTTTTTTTTTTTTTTTTTTTTTTTTTTTTTTTTTTTTTTTTTTTTTTTTTTTTTTTTTTTTTTTTTTTTTTTTTTTTTTTTTTTTTTTTTTTTTTTTTTTTTTTTTTTTTTTTTTTTTTTTTTTTTTTTTTTTTTTTTTTTTTTTTTTTTTTTTTTTTTTTTTTTTTTTTTTTTTTTTTTTTTTTTTTTTTTTTTTTTTTTTTTTTTTTTTTTTTTTTTTTTTTTTTTTTTTTTTTTTTTTTTTTTTTTTTTTTTTTTTTTTTTTTTTTTTTTTTTTTTTTTTTTTTTTTTTTTTTTTTTTTTTTTTTTTTTTTTTTTTTTTTTTTTTTTTTTTTTTTTTTTTTTTTTTTTTTTTTTTTTTTTTTTTTTTTTTTTTTTTTTTTTTTTTTTTTTTTTTTTTTTTTTTTTTTTTTTTTTTTTTTTTTTTTTTTTTTTTTTTTTTTTTTTTTTTTTTTTTTTTTTTTTTTTTTTTTTTTTTTTTTTTTTTTTTTTTTTTTTTTTTTTTTTTTTTTTTTTTTTTTTTTTTTTTTTTTTTTTTTTTTTTTTTTTTTTTTTTTTTTTTTTTTTTTTTTTTTTTTTTTTTTTTTTTTTTTTTTTTTTTTTTTTTTTTTTTTTTTTTTTTTTTTTTTTTTTTTTTTTTTTTTTTTTTTTTTTTTTTTTTTTTTTTTTTTTTTTTTTTTTTTTTTTTTTTTTTTTTTTTTTTTTTTTTTTTTTTTTTTTTTTTTTTTTTTTTTTTTTTTTTTTTTTTTTTTTTTTTTTTTTTTTTTTTTTTTTTTTTTTTTTTTTTTTTTTTTTTTTTTTTTTTTTTTTTTTTTTTTTTTTTTTTTTTTTTTTTTTTTTTTTTTTTTTTTTTTTTTTTTTTTTTTTTTTTTTTTTTTTTTTTTTTTTTTTTTTTTTTTTTTTTTTTTTTTTTTTTTTTTTTTTTTTTTTTTTTTTTTTTTTTTTTTTTTTTTTTTTTTTTTTTTTTTTTTTTTTTTTTTTTTTTTTTTTTTTTTTTTTTTTTTTTTTTTTTTTTTTTTTTTTTTTTTTTTTTTTTTTTTTTTTTTTTTTTTTTTTTTTTTTTTTTTTTTTTTTTTTTTTTTTTTTTTTTTTTTTTTTTTTTTTTTTTTTTTTTTTTTTTTTTTTTTTTTTTTTTTTTTTTTTTTTTTTTTTTTTTTTTTTTTTTTTTTTTTTTTTTTTTTTTTTTTTTTTTTTTTTTTTTTTTTTTTTTTTTTTTTTTTTTTTTTTTTTTTTTTTTTTTTTTTTTTTTTTTTTTTTTTTTTTTTTTTTTTTTTTTTTTTTTTTTTTTTTTTTTTTTTTTTTTTTTTTTTTTTTTTTTTTTTTTTTTTTTTTTTTTTTTTTTTTTTTTTTTTTTTTTTTTTTTTTTTTTTTTTTTTTTTTTTTTTTTTTTTTTTTTTTTTTTTTTTTTTTTTTTTTTTTTTTTTTTTTTTTTTTTTTTTTTTTTTTTTT',1.00,NULL,0,NULL,0,'2025-11-02 16:09:55','2025-11-02 16:10:04','21:00','22:00',NULL,NULL,2568,1),(777,81,1006,'2024-04-22','เรียนรู้โครงสร้างของสถานประกอบการ','- คุยและปรึกษากับ CEO ของสถานประกอบการเพื่อให้เห็นเป้าหมายการทำงานของสถานประกอบการ\n','- เรียนรู้หลักสูตรของสถานประกอบการเพื่อเข้าใจใน tech stack เดียวกัน','','',8.00,NULL,0,NULL,0,'2025-11-03 05:50:53','2025-11-03 05:50:53','08:20','16:19',NULL,NULL,2568,1),(778,81,1006,'2024-04-23','เรียนรู้โครงสร้างของสถานประกอบการ','เรียนรู้คอร์สเรียนของสถานประกอบการ','เรียนรู้คอร์สเรียนของสถานประกอบการ','','',6.50,NULL,0,NULL,0,'2025-11-03 05:52:13','2025-11-03 05:52:13','10:00','16:19',NULL,NULL,2568,1),(779,81,1006,'2024-04-24','เรียนรู้โครงสร้างของสถานประกอบการ','เรียนรู้คอร์สเรียนของสถานประกอบการ','เรียนรู้คอร์สเรียนของสถานประกอบการ','','',8.00,NULL,0,NULL,0,'2025-11-03 05:53:06','2025-11-03 05:53:06','10:20','18:30',NULL,NULL,2568,1),(780,81,1006,'2024-04-25','เรียนรู้คอร์สเรียนของสถานประกอบการ','เรียนรู้คอร์สเรียนของสถานประกอบการ','เรียนรู้คอร์สเรียนของสถานประกอบการ','','',6.00,NULL,0,NULL,0,'2025-11-03 05:53:51','2025-11-03 05:53:51','10:10','16:20',NULL,NULL,2568,1),(781,81,1006,'2024-04-26','เรียนรู้คอร์สเรียนของสถานประกอบการ','เรียนรู้คอร์สเรียนของสถานประกอบการ','เรียนรู้คอร์สเรียนของสถานประกอบการ','','',8.00,NULL,0,NULL,0,'2025-11-03 05:54:47','2025-11-03 05:54:47','09:10','17:00',NULL,NULL,2568,1);
/*!40000 ALTER TABLE `internship_logbooks` ENABLE KEYS */;
UNLOCK TABLES;

--
-- Table structure for table `meeting_action_items`
--

DROP TABLE IF EXISTS `meeting_action_items`;
/*!40101 SET @saved_cs_client     = @@character_set_client */;
/*!50503 SET character_set_client = utf8mb4 */;
CREATE TABLE `meeting_action_items` (
  `item_id` int NOT NULL AUTO_INCREMENT,
  `log_id` int NOT NULL,
  `action_description` text CHARACTER SET utf8mb4 COLLATE utf8mb4_unicode_ci NOT NULL,
  `assigned_to` int NOT NULL,
  `due_date` date NOT NULL,
  `status` enum('pending','in_progress','completed','delayed') CHARACTER SET utf8mb4 COLLATE utf8mb4_unicode_ci DEFAULT 'pending',
  `completion_date` date DEFAULT NULL,
  `created_at` timestamp NULL DEFAULT CURRENT_TIMESTAMP,
  `updated_at` timestamp NULL DEFAULT CURRENT_TIMESTAMP ON UPDATE CURRENT_TIMESTAMP,
  PRIMARY KEY (`item_id`),
  KEY `fk_action_log` (`log_id`),
  KEY `fk_action_assignee` (`assigned_to`),
  KEY `idx_action_status` (`status`),
  KEY `idx_action_due` (`due_date`),
  CONSTRAINT `fk_action_assignee` FOREIGN KEY (`assigned_to`) REFERENCES `users` (`user_id`),
  CONSTRAINT `fk_action_log` FOREIGN KEY (`log_id`) REFERENCES `meeting_logs` (`log_id`) ON DELETE CASCADE
) ENGINE=InnoDB DEFAULT CHARSET=utf8mb4 COLLATE=utf8mb4_unicode_ci;
/*!40101 SET character_set_client = @saved_cs_client */;

--
-- Dumping data for table `meeting_action_items`
--

LOCK TABLES `meeting_action_items` WRITE;
/*!40000 ALTER TABLE `meeting_action_items` DISABLE KEYS */;
/*!40000 ALTER TABLE `meeting_action_items` ENABLE KEYS */;
UNLOCK TABLES;

--
-- Table structure for table `meeting_attachments`
--

DROP TABLE IF EXISTS `meeting_attachments`;
/*!40101 SET @saved_cs_client     = @@character_set_client */;
/*!50503 SET character_set_client = utf8mb4 */;
CREATE TABLE `meeting_attachments` (
  `attachment_id` int NOT NULL AUTO_INCREMENT,
  `log_id` int NOT NULL,
  `file_name` varchar(255) CHARACTER SET utf8mb4 COLLATE utf8mb4_unicode_ci NOT NULL,
  `file_path` varchar(255) CHARACTER SET utf8mb4 COLLATE utf8mb4_unicode_ci NOT NULL,
  `file_type` varchar(100) CHARACTER SET utf8mb4 COLLATE utf8mb4_unicode_ci NOT NULL,
  `file_size` int NOT NULL,
  `uploaded_by` int NOT NULL,
  `upload_date` timestamp NULL DEFAULT CURRENT_TIMESTAMP,
  PRIMARY KEY (`attachment_id`),
  KEY `fk_attachment_log` (`log_id`),
  KEY `fk_attachment_uploader` (`uploaded_by`),
  CONSTRAINT `fk_attachment_log` FOREIGN KEY (`log_id`) REFERENCES `meeting_logs` (`log_id`) ON DELETE CASCADE,
  CONSTRAINT `fk_attachment_uploader` FOREIGN KEY (`uploaded_by`) REFERENCES `users` (`user_id`)
) ENGINE=InnoDB DEFAULT CHARSET=utf8mb4 COLLATE=utf8mb4_unicode_ci;
/*!40101 SET character_set_client = @saved_cs_client */;

--
-- Dumping data for table `meeting_attachments`
--

LOCK TABLES `meeting_attachments` WRITE;
/*!40000 ALTER TABLE `meeting_attachments` DISABLE KEYS */;
/*!40000 ALTER TABLE `meeting_attachments` ENABLE KEYS */;
UNLOCK TABLES;

--
-- Table structure for table `meeting_logs`
--

DROP TABLE IF EXISTS `meeting_logs`;
/*!40101 SET @saved_cs_client     = @@character_set_client */;
/*!50503 SET character_set_client = utf8mb4 */;
CREATE TABLE `meeting_logs` (
  `log_id` int NOT NULL AUTO_INCREMENT,
  `meeting_id` int NOT NULL,
  `discussion_topic` text CHARACTER SET utf8mb4 COLLATE utf8mb4_unicode_ci NOT NULL,
  `current_progress` text CHARACTER SET utf8mb4 COLLATE utf8mb4_unicode_ci NOT NULL,
  `problems_issues` text CHARACTER SET utf8mb4 COLLATE utf8mb4_unicode_ci,
  `next_action_items` text CHARACTER SET utf8mb4 COLLATE utf8mb4_unicode_ci NOT NULL,
  `advisor_comment` text CHARACTER SET utf8mb4 COLLATE utf8mb4_unicode_ci,
  `recorded_by` int NOT NULL,
  `created_at` timestamp NULL DEFAULT CURRENT_TIMESTAMP,
  `updated_at` timestamp NULL DEFAULT CURRENT_TIMESTAMP ON UPDATE CURRENT_TIMESTAMP,
  `approval_status` enum('pending','approved','rejected') CHARACTER SET utf8mb4 COLLATE utf8mb4_unicode_ci NOT NULL DEFAULT 'pending',
  `approved_by` int DEFAULT NULL,
  `approved_at` datetime DEFAULT NULL,
  `approval_note` text CHARACTER SET utf8mb4 COLLATE utf8mb4_unicode_ci,
  PRIMARY KEY (`log_id`),
  KEY `fk_log_meeting` (`meeting_id`),
  KEY `fk_log_recorder` (`recorded_by`),
  KEY `idx_meeting_log_approval_status` (`approval_status`),
  KEY `idx_meeting_log_approved_by` (`approved_by`),
  CONSTRAINT `fk_log_meeting` FOREIGN KEY (`meeting_id`) REFERENCES `meetings` (`meeting_id`) ON DELETE CASCADE,
  CONSTRAINT `fk_log_recorder` FOREIGN KEY (`recorded_by`) REFERENCES `users` (`user_id`),
  CONSTRAINT `meeting_logs_approved_by_foreign_idx` FOREIGN KEY (`approved_by`) REFERENCES `users` (`user_id`) ON DELETE SET NULL ON UPDATE CASCADE
) ENGINE=InnoDB AUTO_INCREMENT=169 DEFAULT CHARSET=utf8mb4 COLLATE=utf8mb4_unicode_ci;
/*!40101 SET character_set_client = @saved_cs_client */;

--
-- Dumping data for table `meeting_logs`
--

LOCK TABLES `meeting_logs` WRITE;
/*!40000 ALTER TABLE `meeting_logs` DISABLE KEYS */;
INSERT INTO `meeting_logs` VALUES (57,16,'ขอบเขตโครงงาน','นำขอบเขตที่คิดขึ้นมาไปให้อาจารย์ดู','-','1.เพิ่มระบบการนัดหมายและทามไลน์การนิเทศ\n2.การนัดหมายตามปฏิทินแจ้งเตือนทั้ง3ฝ่าย\n3.ชี้แจ้งการนิเทศสำหรับอาจารย์ว่าต้องไปนิเทศใครบ้างและเรียกดูย้ินหลังได้',NULL,1096,'2025-10-23 09:17:54','2025-11-05 14:44:44','approved',1067,'2025-11-05 21:44:44',NULL),(58,18,'ขอบเขตโครงงาน','เพิ่มเติมเรื่องขอบเขต',NULL,'ให้ไปดูเรื่องของการฝึกงานและขั้นตอนการฝึกงานและดูตัวอย่างจากที่อื่น',NULL,1096,'2025-10-23 09:21:09','2025-11-05 14:44:42','approved',1067,'2025-11-05 21:44:42',NULL),(59,19,'ดูขอบเขตใหม่และส่งที่ไปศึกษามาเพิ่มเติม','ได้เนื้อหาเพิ่มเติมในการสร้างขอบเขตต',NULL,'Job discapttion\nrubric',NULL,1096,'2025-10-23 09:35:06','2025-11-05 14:44:41','approved',1067,'2025-11-05 21:44:41',NULL),(60,23,'พูดคุยถึงขอบเขตงาน','ออกแบบภาพรวมงานอธิบายขอบเขตที่จะทำ',NULL,'ทำเอกสารบทที่ 1',NULL,746,'2025-10-23 10:29:25','2025-10-23 10:29:25','pending',NULL,NULL,NULL),(61,22,'ตรวจเอกสาบทที่ 1','ทำเอกสารบทที่ 1 เสร็จสิ้นและนำมาให้อาจารที่ปรึกษาตรวจสอบความถูกต้อง','เขียนขอบเขตไม่ชัดเจนต้องใช้คำที่เข้าใจง่ายมากขึ้น','แก้ไขขอบเขตและเริ่มทำบทที่ 2 และ 3',NULL,746,'2025-10-23 10:31:15','2025-10-23 10:31:15','pending',NULL,NULL,NULL),(64,26,'diagram','Update diagram\nstate diagram\nERD',NULL,'authenticator ควรเป็นแบบไหน\ninput data (รูปแบบ CSV ข้อมูล)\nlogic การอัปโหลดรายชื่อนักศึกษา',NULL,1081,'2025-10-23 18:58:35','2025-10-23 19:50:00','approved',1067,'2025-10-24 02:50:00',NULL),(65,27,'นำเข้าเข้าข้อมูลนักศึกษา','ปรึกษาส่วนข้อมูลหน่วยกิตนักศึกษา\npreproccesing ข้อมูลหลังจากอัปโหลดเข้าระบบ\nการแจ้งเตือนให้เจ้าหน้าที่ทราบสำหรับนักศึกษาที่ยังไม่ได้กรอกข้อมูลหน่วยกิตสะสมและหน่วยกิตหลักภาควิชา\nการแจ้งเตือนไปยังนักศึกษา\nกำหนด deadline\nอนุโลมสำหรับนักศึกษาที่ส่งเอกสารไม่ทัน',NULL,'ข้อระวัง PDPA ข้อมูลหน่วยกิตนักศึกษา\nการกำหนดปีการศึกษา ภาคการศึกษา\nอัปโหลดรายชื่อนักศึกษาปี3',NULL,1080,'2025-10-23 19:05:38','2025-10-23 19:50:17','approved',1067,'2025-10-24 02:50:17',NULL),(66,28,'ข้อระวังเกี่ยวกับข้อมูล','ข้อระวัง PDPA ข้อมูลหน่วยกิตนักศึกษา\nการกำหนดปีการศึกษา ภาคการศึกษา\nอัปโหลดรายชื่อนักศึกษาปี3',NULL,'1.แบ่งงาน\n2.เทอมปีการศึกษา\n3.SSO',NULL,1081,'2025-10-23 19:08:26','2025-10-23 19:50:29','approved',1067,'2025-10-24 02:50:29',NULL),(67,29,'Time line','แบ่งงาน\nเทอมปีการศึกษา\nSSO',NULL,'Time line  \nเกี่ยวกับปีการศึกษา',NULL,1081,'2025-10-23 19:17:37','2025-10-23 19:51:29','approved',1067,'2025-10-24 02:51:29',NULL),(68,31,'Authentication','1. หน้าโปรไฟล์นักศึกษาแสดงชั้นปีการศึกษา แสดงปีการศึกษา/ภาคการศึกษาปัจจุบัน\n2. ช่วงเวลาเริ่มฝึกงาน, โครงงานพิเศษ\n3. กำหนดการสำคัญ เจ้าหน้าที่ภาคเป็นคนกำหนด\n4. Progress bar / Timeline ของนักศึกษาว่าอยู่ในช่วงไหน\n5. แสดง tag สำหรับนักศึกษาที่มีสิทธิ์ฝึกงานแต่ไม่ได้ฝึกงาน',NULL,'1. การเปลี่ยนรหัสผ่านนักศึกษา : 2FA\n2. Authentication : SSO , ยืนยันผ่าน Email (OTP)\n3. การประเมินฝึกงาน : รูปแบบการส่งให้ผู้ควบคุมงาน\n4. หน้ารายงานให้เจ้าหน้าที่ภาควิชา',NULL,1080,'2025-10-23 19:28:04','2025-10-23 19:51:35','approved',1067,'2025-10-24 02:51:35',NULL),(69,33,'Report, เทมเพลตใบรับรองการฝึกงาน, เปลี่ยนรหัสผ่าน(2FA)','- สร้างหน้ารายงานตามปีการศึกษา/ภาคการศึกษา ระบบฝึกงานและโครงงานพิเศษ\n- ใช้เทมเพลตที่เป็นทางการ โดยเจา้หน้าที่ภาควิชาไม่สามารถเปลี่ยนได้ แต่ข้อมูลครบตามที่ต้องแสดง\n- confirm การเปลี่ยนรหัสผ่าน : ใช้ยืนยันการเปลี่ยนรหัสผ่านด้วย Email รูปแบบ OTP',NULL,'ข้อมูลตั้งต้นระบบหลัก, ระบบฝึกงานและโครงงานพิเศษ\nข้อมูลตั้งต้นที่ระบบควรมี\n1. หลักสูตรการศึกษา\n2. ปีการศึกษา/ภาคการศึกษาปัจจุบัน\n3. กำหนดการและช่วงเวลาสำคัญ',NULL,1080,'2025-10-23 19:39:20','2025-11-05 14:44:39','approved',1067,'2025-11-05 21:44:39',NULL),(70,32,'ข้อมูลตั้งต้นที่ระบบ','ข้อมูลตั้งต้นระบบหลัก, ระบบฝึกงานและโครงงานพิเศษ\nข้อมูลตั้งต้นที่ระบบควรมี\n1. หลักสูตรการศึกษา\n2. ปีการศึกษา/ภาคการศึกษาปัจจุบัน\n3. กำหนดการและช่วงเวลาสำคัญ',NULL,'ข้อมูลตั้งต้นทุกอย่าง\nเพิ่มปีการศึกษา',NULL,1081,'2025-10-23 19:41:25','2025-11-05 14:44:37','approved',1067,'2025-11-05 21:44:37',NULL),(71,34,'ข้อมูลตั้งต้นระบบฝึกงานและโครงงานพิเศษ','1. อธิบายข้อมูลที่สำคัญที่สุดที่ระบบจำเป็นต้องมี เพื่อให้สามารถเริ่มใช้งานระบบได้ เช่น หลักสูตรการศึกษาจำเป็นต้องตั้งค่าก่อนที่จะอัปโหลดรายชื่อนักศึกษา ปีการศึกษา/ภาคการศึกษาปัจจุบันจำเป็นต้องตั้งค่าก่อนที่จะอัปโหลดรายชื่อนักศึกษา\n2. อธิบายการอัปโหลดนักศึกษารูปแบบไฟล์ xlsx, csv ต้องมี 3 columns 1.รหัสนักศึกษา 2. ชื่อ 3.นามสกุล',NULL,'Demo ระบบฝึกงานและโครงงานพิเศษ',NULL,1080,'2025-10-23 19:47:15','2025-11-05 14:44:33','approved',1067,'2025-11-05 21:44:33',NULL),(72,35,'Demo','Demo ระบบฝึกงานและโครงงานพิเศษ',NULL,'สอบเอกสาร UAT สำหรับทดสอบโปรเจค\ndocker host \nให้ทดสอบระบบ host จริง',NULL,1081,'2025-10-23 19:52:09','2025-11-05 14:44:35','approved',1067,'2025-11-05 21:44:35',NULL),(73,39,'แก้ไข เพิ่มงาน','ปรับแก้ไขงาน','ไม่มี','ออกแบบระบบ','ขอบคุณครับ แนะนำดี',1101,'2025-10-24 15:51:11','2025-10-24 15:51:11','pending',NULL,NULL,NULL),(74,41,'แก้ไข เพิ่มงาน','ออกแบบEr class diagram usecase','ไม่มี','UX/UI',NULL,1101,'2025-10-24 18:44:57','2025-10-24 18:44:57','pending',NULL,NULL,NULL),(75,42,'UX/UI','ออกแบบหน้าต่างระบบ','ไม่มี','Model Ai',NULL,1101,'2025-10-24 18:48:36','2025-10-24 18:48:36','pending',NULL,NULL,NULL),(76,43,'Train model Ai','มีการพัฒนาAiในระบบ','ไม่มี','อัพเดตการพัฒนาระบบ',NULL,1101,'2025-10-24 18:53:12','2025-10-24 18:53:12','pending',NULL,NULL,NULL),(77,44,'อัพเดตการออกแบบระบบ','มีการแก้ไขการออกแบบระบบเพิ่มเดิม จากการออกแบบระบบครั้งแรก','ไม่มี','ไม่มี',NULL,1101,'2025-10-24 18:54:57','2025-10-24 18:54:57','pending',NULL,NULL,NULL),(78,49,'ปรับขอบเขต','แนะนำขอบเขตให้ครอบคลุมระบบ',NULL,'ดูเอกสารบท1',NULL,1142,'2025-10-25 16:55:09','2025-10-25 17:07:44','approved',1072,'2025-10-26 00:07:44',NULL),(79,50,'ตรวจบท1','บทที่1ผ่านการตรวจ',NULL,'ทำบทที่2ต่อไป',NULL,1142,'2025-10-25 16:57:05','2025-10-25 17:07:47','approved',1072,'2025-10-26 00:07:47',NULL),(80,51,'ตรวจบทที่2','ต้องแก้ไขบทที่2เพื่มเติม',NULL,'แก้บทที่2ให้เสร็จ',NULL,1142,'2025-10-25 16:58:18','2025-10-25 17:07:49','approved',1072,'2025-10-26 00:07:49',NULL),(81,52,'ตรวจบทที่2','บทที่2ผ่านแล้ว',NULL,'ทำบทที่3ต่อ',NULL,1142,'2025-10-25 16:58:51','2025-10-25 17:07:50','approved',1072,'2025-10-26 00:07:50',NULL),(82,53,'ตรวจบทที่3','ผ่านการตรวจบทที่3',NULL,'รอคำสั่งจากอาจารย์อีกรอบ',NULL,1142,'2025-10-25 16:59:45','2025-10-25 17:07:59','approved',1072,'2025-10-26 00:07:59',NULL),(83,57,'พูดคุยแนวทางการทำงานต่อ','สรุป requirement ได้เเล้ว',NULL,'ลงมือโค้ดได้เลย',NULL,1142,'2025-10-25 17:01:19','2025-10-25 17:01:19','pending',NULL,NULL,NULL),(84,56,'ตรวจโค้ดรอบแรก','ระบบหลังบ้านเป็นรูปร่างแล้ว',NULL,'ทำหน้าบ้านมารองรับ',NULL,1142,'2025-10-25 17:02:16','2025-10-25 17:02:16','pending',NULL,NULL,NULL),(85,55,'ตรวจโค้ดรอบสอง','กำลังทำฟีเจอร์หลักให้ครบ',NULL,'พัฒนาฟีเจอร์ให้เสร็จ',NULL,1142,'2025-10-25 17:03:09','2025-10-25 17:03:09','pending',NULL,NULL,NULL),(86,54,'ตรวจโค้ดรอบสุดท้าย','โค้ดผ่านหมดแล้ว',NULL,'ดีพลอยขึ้นเซิฟเวอร์',NULL,1142,'2025-10-25 17:04:25','2025-10-25 17:04:25','pending',NULL,NULL,NULL),(87,58,'นำชิ้นงานไปทำ','ทำชิ้นงานที่ได้รับมอบมา และวางแผนการแก้ไข','มีการติดอุปสรรคในการแก้ไข แต่ผ่านมาได้แล้ว','อัพเดตงาน',NULL,1207,'2025-10-25 18:03:34','2025-10-25 18:03:34','pending',NULL,NULL,NULL),(88,60,'อัพเดตชิ้นงาน','ระบบฐานข้อมูลและตัวตรวจจับใบหน้า วางรูปแบบ และ ระบบฐานข้อมูลและตัวตรวจจับใบหน้า วางรูปแบบ และ ฐานข้อมูลใหม่','ฐานข้อมูลใหม่ ทำให้ต้องแก้ไขหลายรอบ','เพิ่มเติมข้อมูล',NULL,1207,'2025-10-25 18:05:27','2025-10-25 18:05:27','pending',NULL,NULL,NULL),(89,59,'เพิ่มเติมระบบ','เพิ่มเติมระบบและฟังก์ชั่นจากอาจารย์หลังจากทดลองระบบ','ขอบเขตการทดลอง เยอะเกิน','หมดแล้ว',NULL,1207,'2025-10-25 18:07:24','2025-10-25 18:07:24','pending',NULL,NULL,NULL),(90,61,'นัดพบอาจารย์ครั้งที่ 1','บันทึก/ตกลง/ทำความเข้าใจ ผลการสอบ \"ไม่ผ่าน\" ของการทดสอบ เทอม 2/2567',NULL,'นัดหมายแนวทางการทำงาน 1/2568',NULL,1124,'2025-10-25 18:11:02','2025-10-25 18:11:02','pending',NULL,NULL,NULL),(91,62,'นัดพบอาจารย์ครั้งที่ 2','ลองเทรนโมเดลตัวใหม่ และลองใช้เครื่องมือ Docker และ Algorithms discussion',NULL,'นำผลที่ลองเทรน และเริ่มดัดแปลงลงงานจริง',NULL,1124,'2025-10-25 18:13:28','2025-10-25 18:13:28','pending',NULL,NULL,NULL),(93,63,'นัดพบอาจารย์ครั้งที่ 3','- อัพเดต Workflow และระบบ \n- อัพเดตการทำงานของระบบและโมเดล\n- Backend + Workflow',NULL,'นำผลที่ได้ทั้งหมดส่งให้อาจารย์ดู',NULL,1124,'2025-10-25 18:15:28','2025-10-25 18:15:28','pending',NULL,NULL,NULL),(94,64,'นัดพบอาจารย์ครั้งที่ 4','- อัพเดตการพัฒนา Interface เพื่อทำ UX test กับ TSR และ NJR\n- ปรับตาม Comment',NULL,'ส่งผลอัพเดตเพื่อพร้อมส่งงานและทดสอบ',NULL,1124,'2025-10-25 18:17:04','2025-10-25 18:17:04','pending',NULL,NULL,NULL),(95,65,'นัดพบอาจารย์ครั้งที่ 5','ส่งงาน เพื่อทดสอบจริงกับ Users โดยของความร่วมมือกับ นศ. CS#2 รายวิชา 040613302 ตอนที่ 3 และ BME#1 รายวิชา 040603005 ตอนที่ 1',NULL,'นั่งเช็คผลการทดสอบ แล้วมาหารือกับอาจารย์ที่ปรึกษาแล้วเตรียมตัวขอสอบโครงงานพิเศษ 2',NULL,1124,'2025-10-25 18:19:37','2025-10-25 18:19:37','pending',NULL,NULL,NULL),(97,66,'ตรวจสอบเว็บ','ทดสอบระบบบัคเว็บ',NULL,'แก้ไขบัคเว็บ',NULL,1098,'2025-10-25 18:50:00','2025-10-25 18:50:00','pending',NULL,NULL,NULL),(98,37,'ปรึกษาเรื่องขอบเขตของโครงงาน','สรุปขอบเขต ดูเอกสารเกี่ยวกับโครงงาน และ system architecture','ขอบเขตยังไม่ค่อยชัดเจน ต้องการรีพอร์ตเอกสาร','ทำรีพอร์ตเอกสาร และทำขอบเขตให้ชัดเจนขึ้น',NULL,809,'2025-10-26 22:21:18','2025-11-05 14:44:29','approved',1067,'2025-11-05 21:44:29',NULL),(99,36,'ติดตามความคืบหน้าหลังสอบหัวข้อโครงงาน','ได้เข้าอบรมเกี่ยวกับการทำโครงงานและเสนอหัวข้อโครงงาน',NULL,'ปรึกษาเรื่องขอบเขตของโครงงาน',NULL,809,'2025-10-26 22:25:17','2025-11-05 14:44:31','approved',1067,'2025-11-05 21:44:31',NULL),(100,67,'ส่งรายงานขอบเขตข้อมูลโครงงาน','จำแนก user และ report ข้อมูลการเทรน AI',NULL,'ทำ Use case และ Activity diagram หาแก่นของโครงงาน และสิ่งที่จะส่งในเทอมหนึ่ง',NULL,809,'2025-10-26 22:30:09','2025-11-05 14:44:27','approved',1067,'2025-11-05 21:44:27',NULL),(101,68,'ปรึกษาการทำ Diagram','ทำเสร็จแล้วแต่ Dragram ไม่สอดคล้อง','ไม่มี','การแก้ไขให้เสร็จแล้วทำเล่มออกมา',NULL,1132,'2025-10-29 10:08:32','2025-10-29 10:08:32','pending',NULL,NULL,NULL),(102,69,'ความคืบหน้าปริญญานิพนธ์','บทที่ 1',NULL,'บทที่ 2',NULL,1088,'2025-10-29 12:24:57','2025-10-29 12:38:54','approved',1072,'2025-10-29 19:38:54',NULL),(103,70,'ความคืบหน้าปริญญานิพนธ์','บทที่ 2',NULL,'บทที่ 3',NULL,1088,'2025-10-29 12:27:06','2025-10-29 12:38:53','approved',1072,'2025-10-29 19:38:53',NULL),(104,71,'ความคืบหน้าปริญญานิพนธ์','บทที่ 3',NULL,'บทที่ 4 และ 5',NULL,1088,'2025-10-29 12:28:26','2025-10-29 12:38:51','approved',1072,'2025-10-29 19:38:51',NULL),(105,69,'ความคืบหน้าปริญญานิพนธ์','บทที่ 1',NULL,'บทที่ 2',NULL,1088,'2025-10-29 12:29:04','2025-10-29 12:38:39','approved',1072,'2025-10-29 19:38:39',NULL),(106,72,'Diagram','ทำเสร็จแล้วแต่ Dragram','ไม่มี','สร้างตัว Model',NULL,1119,'2025-10-29 14:09:54','2025-10-29 14:09:54','pending',NULL,NULL,NULL),(107,73,'พูดคุยเรื่องการปรับขอบเขต','- ขอบเขตปรับแก้ตามคำแนะนำอาจารย์\n- โปรเจคอยู่ในเฟส กำลังพัฒนา ส่วน ฐานข้อมูล','-','นัดดูภาพรวมการทำงานผ่านตัวระบบ (UI)','-',1108,'2025-10-30 16:43:58','2025-10-30 16:43:58','pending',NULL,NULL,NULL),(108,74,'พูดคุยเรื่องภาพรวมโปรเจคเฟส 2 UI','มีการพัฒนาหลากหลายส่วนมาในระดับ ที่เริ่มมีความพร้อม intergate api ได้แล้ว','UI ยังดูขาดสีสัน','แก้ UI และ พัฒนาจนระบบสำเร็จในระดับหนึ่ง',NULL,1108,'2025-10-30 16:47:15','2025-10-30 16:47:15','pending',NULL,NULL,NULL),(109,75,'หัวข้อที่พูดคุย ครั้งที่ 1','ความคืบหน้า สำหรับทดสอบ',NULL,'งานหรือภารกิจถัดไป สำหรับทดสอบ',NULL,1445,'2025-11-02 15:58:53','2025-11-02 16:11:23','approved',1444,'2025-11-02 23:11:23',NULL),(110,76,'หัวข้อที่พูดคุย ครั้งที่ 2','เนื้อหาความคืบหน้า สำหรับทดสอบ',NULL,'เนื้อหางานหรือภารกิจถัดไป สำหรับทดสอบ',NULL,1445,'2025-11-02 15:59:56','2025-11-02 16:11:22','approved',1444,'2025-11-02 23:11:22',NULL),(111,77,'หัวข้อที่พูดคุย ครั้งที่ 3','เนื้อหาความคืบหน้า สำหรับทดสอบ','เนื้อหาปัญหา/อุปสรรค สำหรับทดสอบ','เนื้อหาความคืบหน้า สำหรับทดสอบ','ข้อความถึงอาจารย์ สำหรับทดสอบ',1445,'2025-11-02 16:03:53','2025-11-02 16:11:21','approved',1444,'2025-11-02 23:11:21',NULL),(112,78,'หัวข้อที่พูดคุย ครั้งที่ 4','เนื้อหาความคืบหน้า สำหรับทดสอบ','เนื้อหาปัญหา/อุปสรรค สำหรับทดสอบ','เนื้อหางานหรือภารกิจถัดไป สำหรับทดสอบ',NULL,1445,'2025-11-02 16:06:48','2025-11-02 16:11:18','approved',1444,'2025-11-02 23:11:18',NULL),(113,79,'หัวข้อที่พูดคุย ครั้งที่ 5','เนื้อหาความคืบหน้า สำหรับทดสอบ','เนื้อหาปัญหา/อุปสรรค สำหรับทดสอบ','เนื้อหางานหรือภารกิจถัดไป สำหรับทดสอบ',NULL,1445,'2025-11-02 16:09:06','2025-11-02 16:11:17','approved',1444,'2025-11-02 23:11:17',NULL),(120,86,'หัวข้อที่พูดคุย 1','เนื้อความคืบหน้า สำหรับทดสอบ',NULL,'เนื้อหางานต่อไป สำหรับทดสอบ',NULL,1447,'2025-11-02 17:09:07','2025-11-02 17:19:38','approved',1444,'2025-11-03 00:19:38',NULL),(121,87,'หัวข้อการประชุม 2','เนื้อความคืบหน้า สำหรับทดสอบ',NULL,'เนื้อหางานต่อไป สำหรับทดสอบ',NULL,1447,'2025-11-02 17:16:41','2025-11-02 17:19:41','approved',1444,'2025-11-03 00:19:41',NULL),(122,88,'หัวข้อที่พูดคุย 3','เนื้อความคืบหน้า สำหรับทดสอบ',NULL,'เนื้อหางานต่อไป สำหรับทดสอบ',NULL,1447,'2025-11-02 17:17:59','2025-11-02 17:19:40','approved',1444,'2025-11-03 00:19:40',NULL),(123,89,'หัวข้อที่พูดคุย 4','เนื้อความคืบหน้า สำหรับทดสอบ',NULL,'เนื้อหางานต่อไป สำหรับทดสอบ',NULL,1447,'2025-11-02 17:19:29','2025-11-02 17:19:39','approved',1444,'2025-11-03 00:19:39',NULL),(124,90,'หัวข้อที่พูดคุย 1','เนื้อความคืบหน้า สำหรับทดสอบ',NULL,'เนื้อหางานต่อไป สำหรับทดสอบ',NULL,1447,'2025-11-02 17:33:59','2025-11-02 17:38:30','approved',1444,'2025-11-03 00:38:30',NULL),(125,91,'หัวข้อที่พูดคุย 2','เนื้อความคืบหน้า สำหรับทดสอบ',NULL,'เนื้อหางานต่อไป สำหรับทดสอบ',NULL,1447,'2025-11-02 17:34:17','2025-11-02 17:38:29','approved',1444,'2025-11-03 00:38:29',NULL),(126,93,'หัวข้อที่พูดคุย 3','เนื้อความคืบหน้า สำหรับทดสอบ',NULL,'เนื้อหางานต่อไป สำหรับทดสอบ',NULL,1447,'2025-11-02 17:36:12','2025-11-02 17:38:28','approved',1444,'2025-11-03 00:38:28',NULL),(127,92,'หัวข้อที่พูดคุย 4','เนื้อความคืบหน้า สำหรับทดสอบ',NULL,'เนื้อหางานต่อไป สำหรับทดสอบ',NULL,1447,'2025-11-02 17:37:46','2025-11-02 17:38:26','approved',1444,'2025-11-03 00:38:26',NULL),(128,94,'หัวข้อการประชุม 1','เนื้อหาความคืบหน้า สำหรับทดสอบ',NULL,'งานต่อไป สำหรับทดสอบ',NULL,1449,'2025-11-02 18:19:09','2025-11-02 18:28:08','approved',1444,'2025-11-03 01:28:08',NULL),(129,98,'หัวข้อที่พูดคุย 1','เนื้อหาความคืบหน้า สำหรับทดสอบ',NULL,'งานต่อไป สำหรับทดสอบ',NULL,1449,'2025-11-02 18:22:53','2025-11-02 18:28:07','approved',1444,'2025-11-03 01:28:07',NULL),(130,99,'หัวข้อที่พูดคุย 3','เนื้อหาความคืบหน้า สำหรับทดสอบ',NULL,'เนื้อหาความคืบหน้า สำหรับทดสอบ',NULL,1449,'2025-11-02 18:23:39','2025-11-02 18:28:07','approved',1444,'2025-11-03 01:28:07',NULL),(131,100,'หัวข้อที่พูดคุย 4','เนื้อหาความคืบหน้า สำหรับทดสอบ',NULL,'งานต่อไป สำหรับทดสอบ',NULL,1449,'2025-11-02 18:27:43','2025-11-02 18:28:06','approved',1444,'2025-11-03 01:28:06',NULL),(132,101,'หัวข้อที่พูดคุย 5','เนื้อหาความคืบหน้า สำหรับทดสอบ',NULL,'งานต่อไป สำหรับทดสอบ',NULL,1449,'2025-11-02 18:30:41','2025-11-02 18:34:16','approved',1444,'2025-11-03 01:34:16',NULL),(133,102,'หัวข้อที่พูดคุย 6','เนื้อหาความคืบหน้า สำหรับทดสอบ',NULL,'งานต่อไป สำหรับทดสอบ',NULL,1449,'2025-11-02 18:31:17','2025-11-02 18:34:15','approved',1444,'2025-11-03 01:34:15',NULL),(134,103,'หัวข้อที่พูดคุย 7','เนื้อหาความคืบหน้า สำหรับทดสอบ',NULL,'งานต่อไป สำหรับทดสอบ',NULL,1449,'2025-11-02 18:33:17','2025-11-02 18:34:15','approved',1444,'2025-11-03 01:34:15',NULL),(135,104,'หัวข้อที่พูดคุย 8','เนื้อหาความคืบหน้า สำหรับทดสอบ',NULL,'งานต่อไป สำหรับทดสอบ',NULL,1449,'2025-11-02 18:34:03','2025-11-02 18:34:14','approved',1444,'2025-11-03 01:34:14',NULL),(148,117,'หัวข้อที่พูดคุย 1','ความคืบหน้า',NULL,'งานหรือภารกิจถัดไป',NULL,1452,'2025-11-04 18:07:53','2025-11-04 18:22:01','approved',1444,'2025-11-05 01:22:01',NULL),(149,118,'หัวข้อที่พูดคุย 2','ความคืบหน้า',NULL,'งานหรือภารกิจถัดไป',NULL,1452,'2025-11-04 18:08:41','2025-11-04 18:22:00','approved',1444,'2025-11-05 01:22:00',NULL),(150,119,'หัวข้อที่พูดคุย 3','ความคืบหน้า',NULL,'งานหรือภารกิจถัดไป',NULL,1452,'2025-11-04 18:13:34','2025-11-04 18:21:59','approved',1444,'2025-11-05 01:21:59',NULL),(151,119,'หัวข้อที่พูดคุย','ความคืบหน้า',NULL,'งานหรือภารกิจถัดไป',NULL,1452,'2025-11-04 18:20:47','2025-11-04 18:21:58','approved',1444,'2025-11-05 01:21:58',NULL),(152,121,'หัวข้อที่พูดคุย','ความคืบหน้า',NULL,'งานหรือภารกิจถัดไป',NULL,1452,'2025-11-04 19:20:56','2025-11-04 19:21:59','approved',1444,'2025-11-05 02:21:59',NULL),(153,121,'หัวข้อที่พูดคุย','ความคืบหน้า',NULL,'งานหรือภารกิจถัดไป',NULL,1452,'2025-11-04 19:21:10','2025-11-04 19:21:58','approved',1444,'2025-11-05 02:21:58',NULL),(154,121,'หัวข้อที่พูดคุย','ความคืบหน้า',NULL,'งานหรือภารกิจถัดไป',NULL,1452,'2025-11-04 19:21:35','2025-11-04 19:21:56','approved',1444,'2025-11-05 02:21:56',NULL),(155,121,'หัวข้อที่พูดคุย','ความคืบหน้า',NULL,'งานหรือภารกิจถัดไป',NULL,1452,'2025-11-04 19:21:50','2025-11-04 19:21:55','approved',1444,'2025-11-05 02:21:55',NULL),(156,122,'หัวข้อที่พูดคุย 1','ความคืบหน้า',NULL,'งานหรือภารกิจถัดไป',NULL,1455,'2025-11-05 10:13:40','2025-11-05 10:14:48','approved',1444,'2025-11-05 17:14:48',NULL),(157,122,'หัวข้อที่พูดคุย 2','ความคืบหน้า 2',NULL,'งานหรือภารกิจถัดไป 2',NULL,1455,'2025-11-05 10:13:58','2025-11-05 10:14:47','approved',1444,'2025-11-05 17:14:47',NULL),(158,122,'หัวข้อที่พูดคุย 3','ความคืบหน้า 3',NULL,'งานหรือภารกิจถัดไป 3',NULL,1455,'2025-11-05 10:14:15','2025-11-05 10:14:47','approved',1444,'2025-11-05 17:14:47',NULL),(159,122,'หัวข้อที่พูดคุย 4','ความคืบหน้า',NULL,'งานหรือภารกิจถัดไป',NULL,1455,'2025-11-05 10:14:31','2025-11-05 10:14:46','approved',1444,'2025-11-05 17:14:46',NULL),(160,123,'หัวข้อที่พูดคุย','ความคืบหน้า',NULL,'งานหรือภารกิจถัดไป',NULL,1455,'2025-11-05 10:17:36','2025-11-05 10:20:20','approved',1444,'2025-11-05 17:20:20',NULL),(161,123,'หัวข้อที่พูดคุย','ความคืบหน้า',NULL,'งานหรือภารกิจถัดไป',NULL,1455,'2025-11-05 10:17:51','2025-11-05 10:19:43','approved',1444,'2025-11-05 17:19:43',NULL),(162,123,'หัวข้อที่พูดคุย','หัวข้อที่พูดคุย',NULL,'งานหรือภารกิจถัดไป',NULL,1455,'2025-11-05 10:18:06','2025-11-05 10:19:41','approved',1444,'2025-11-05 17:19:41',NULL),(163,123,'หัวข้อที่พูดคุย','ความคืบหน้า',NULL,'งานหรือภารกิจถัดไป',NULL,1455,'2025-11-05 10:19:35','2025-11-05 10:19:40','approved',1444,'2025-11-05 17:19:40',NULL),(164,124,'หัวข้อที่พูดคุย','ความคืบหน้า',NULL,'งานหรือภารกิจถัดไป',NULL,1454,'2025-11-05 11:07:53','2025-11-05 11:09:39','approved',1461,'2025-11-05 18:09:39',NULL),(165,124,'หัวข้อที่พูดคุย','ความคืบหน้า',NULL,'งานหรือภารกิจถัดไป',NULL,1454,'2025-11-05 11:09:10','2025-11-05 11:09:25','approved',1444,'2025-11-05 18:09:25',NULL),(166,124,'หัวข้อที่พูดคุย','ความคืบหน้า',NULL,'งานหรือภารกิจถัดไป',NULL,1454,'2025-11-05 11:10:09','2025-11-05 11:10:31','approved',1461,'2025-11-05 18:10:31',NULL),(167,124,'หัวข้อที่พูดคุย','ความคืบหน้า',NULL,'งานหรือภารกิจถัดไป',NULL,1454,'2025-11-05 11:10:22','2025-11-05 11:10:29','approved',1461,'2025-11-05 18:10:29',NULL),(168,125,'หัวข้อที่พูดคุย 1','หัวข้อที่พูดคุ',NULL,'งานหรือภารกิจถัดไป',NULL,1454,'2025-11-05 13:26:18','2025-11-05 13:26:39','approved',1444,'2025-11-05 20:26:39',NULL);
/*!40000 ALTER TABLE `meeting_logs` ENABLE KEYS */;
UNLOCK TABLES;

--
-- Table structure for table `meeting_participants`
--

DROP TABLE IF EXISTS `meeting_participants`;
/*!40101 SET @saved_cs_client     = @@character_set_client */;
/*!50503 SET character_set_client = utf8mb4 */;
CREATE TABLE `meeting_participants` (
  `meeting_id` int NOT NULL,
  `user_id` int NOT NULL,
  `role` enum('advisor','co_advisor','student','guest') CHARACTER SET utf8mb4 COLLATE utf8mb4_unicode_ci NOT NULL,
  `attendance_status` enum('present','absent','late') CHARACTER SET utf8mb4 COLLATE utf8mb4_unicode_ci DEFAULT 'present',
  `join_time` datetime DEFAULT NULL,
  `leave_time` datetime DEFAULT NULL,
  PRIMARY KEY (`meeting_id`,`user_id`),
  KEY `fk_participant_user` (`user_id`),
  CONSTRAINT `fk_participant_meeting` FOREIGN KEY (`meeting_id`) REFERENCES `meetings` (`meeting_id`) ON DELETE CASCADE,
  CONSTRAINT `fk_participant_user` FOREIGN KEY (`user_id`) REFERENCES `users` (`user_id`)
) ENGINE=InnoDB DEFAULT CHARSET=utf8mb4 COLLATE=utf8mb4_unicode_ci;
/*!40101 SET character_set_client = @saved_cs_client */;

--
-- Dumping data for table `meeting_participants`
--

LOCK TABLES `meeting_participants` WRITE;
/*!40000 ALTER TABLE `meeting_participants` DISABLE KEYS */;
INSERT INTO `meeting_participants` VALUES (16,1067,'advisor','present',NULL,NULL),(16,1095,'student','present',NULL,NULL),(16,1096,'student','present',NULL,NULL),(17,1067,'advisor','present',NULL,NULL),(17,1095,'student','present',NULL,NULL),(17,1096,'student','present',NULL,NULL),(18,1067,'advisor','present',NULL,NULL),(18,1095,'student','present',NULL,NULL),(18,1096,'student','present',NULL,NULL),(19,1067,'advisor','present',NULL,NULL),(19,1095,'student','present',NULL,NULL),(19,1096,'student','present',NULL,NULL),(20,1067,'advisor','present',NULL,NULL),(20,1095,'student','present',NULL,NULL),(20,1096,'student','present',NULL,NULL),(21,738,'student','present',NULL,NULL),(21,746,'student','present',NULL,NULL),(21,1058,'advisor','present',NULL,NULL),(22,738,'student','present',NULL,NULL),(22,746,'student','present',NULL,NULL),(22,1058,'advisor','present',NULL,NULL),(23,738,'student','present',NULL,NULL),(23,746,'student','present',NULL,NULL),(23,1058,'advisor','present',NULL,NULL),(26,1067,'advisor','present',NULL,NULL),(26,1080,'student','present',NULL,NULL),(26,1081,'student','present',NULL,NULL),(27,1067,'advisor','present',NULL,NULL),(27,1080,'student','present',NULL,NULL),(27,1081,'student','present',NULL,NULL),(28,1067,'advisor','present',NULL,NULL),(28,1080,'student','present',NULL,NULL),(28,1081,'student','present',NULL,NULL),(29,1067,'advisor','present',NULL,NULL),(29,1080,'student','present',NULL,NULL),(29,1081,'student','present',NULL,NULL),(31,1067,'advisor','present',NULL,NULL),(31,1080,'student','present',NULL,NULL),(31,1081,'student','present',NULL,NULL),(32,1067,'advisor','present',NULL,NULL),(32,1080,'student','present',NULL,NULL),(32,1081,'student','present',NULL,NULL),(33,1067,'advisor','present',NULL,NULL),(33,1080,'student','present',NULL,NULL),(33,1081,'student','present',NULL,NULL),(34,1067,'advisor','present',NULL,NULL),(34,1080,'student','present',NULL,NULL),(34,1081,'student','present',NULL,NULL),(35,1067,'advisor','present',NULL,NULL),(35,1080,'student','present',NULL,NULL),(35,1081,'student','present',NULL,NULL),(36,809,'student','present',NULL,NULL),(36,810,'student','present',NULL,NULL),(36,1067,'advisor','present',NULL,NULL),(37,809,'student','present',NULL,NULL),(37,810,'student','present',NULL,NULL),(37,1067,'advisor','present',NULL,NULL),(38,745,'student','present',NULL,NULL),(38,805,'student','present',NULL,NULL),(38,1054,'advisor','present',NULL,NULL),(39,766,'student','present',NULL,NULL),(39,1070,'advisor','present',NULL,NULL),(39,1101,'student','present',NULL,NULL),(41,766,'student','present',NULL,NULL),(41,1070,'advisor','present',NULL,NULL),(41,1101,'student','present',NULL,NULL),(42,766,'student','present',NULL,NULL),(42,1070,'advisor','present',NULL,NULL),(42,1101,'student','present',NULL,NULL),(43,766,'student','present',NULL,NULL),(43,1070,'advisor','present',NULL,NULL),(43,1101,'student','present',NULL,NULL),(44,766,'student','present',NULL,NULL),(44,1070,'advisor','present',NULL,NULL),(44,1101,'student','present',NULL,NULL),(49,1072,'advisor','present',NULL,NULL),(49,1139,'student','present',NULL,NULL),(49,1142,'student','present',NULL,NULL),(50,1072,'advisor','present',NULL,NULL),(50,1139,'student','present',NULL,NULL),(50,1142,'student','present',NULL,NULL),(51,1072,'advisor','present',NULL,NULL),(51,1139,'student','present',NULL,NULL),(51,1142,'student','present',NULL,NULL),(52,1072,'advisor','present',NULL,NULL),(52,1139,'student','present',NULL,NULL),(52,1142,'student','present',NULL,NULL),(53,1072,'advisor','present',NULL,NULL),(53,1139,'student','present',NULL,NULL),(53,1142,'student','present',NULL,NULL),(54,1072,'advisor','present',NULL,NULL),(54,1139,'student','present',NULL,NULL),(54,1142,'student','present',NULL,NULL),(55,1072,'advisor','present',NULL,NULL),(55,1139,'student','present',NULL,NULL),(55,1142,'student','present',NULL,NULL),(56,1072,'advisor','present',NULL,NULL),(56,1139,'student','present',NULL,NULL),(56,1142,'student','present',NULL,NULL),(57,1072,'advisor','present',NULL,NULL),(57,1139,'student','present',NULL,NULL),(57,1142,'student','present',NULL,NULL),(58,1072,'advisor','present',NULL,NULL),(58,1124,'student','present',NULL,NULL),(58,1207,'student','present',NULL,NULL),(59,1072,'advisor','present',NULL,NULL),(59,1124,'student','present',NULL,NULL),(59,1207,'student','present',NULL,NULL),(60,1072,'advisor','present',NULL,NULL),(60,1124,'student','present',NULL,NULL),(60,1207,'student','present',NULL,NULL),(61,1072,'advisor','present',NULL,NULL),(61,1124,'student','present',NULL,NULL),(61,1207,'student','present',NULL,NULL),(62,1072,'advisor','present',NULL,NULL),(62,1124,'student','present',NULL,NULL),(62,1207,'student','present',NULL,NULL),(63,1072,'advisor','present',NULL,NULL),(63,1124,'student','present',NULL,NULL),(63,1207,'student','present',NULL,NULL),(64,1072,'advisor','present',NULL,NULL),(64,1124,'student','present',NULL,NULL),(64,1207,'student','present',NULL,NULL),(65,1072,'advisor','present',NULL,NULL),(65,1124,'student','present',NULL,NULL),(65,1207,'student','present',NULL,NULL),(66,1062,'advisor','present',NULL,NULL),(66,1065,'co_advisor','present',NULL,NULL),(66,1098,'student','present',NULL,NULL),(66,1099,'student','present',NULL,NULL),(67,809,'student','present',NULL,NULL),(67,810,'student','present',NULL,NULL),(67,1067,'advisor','present',NULL,NULL),(68,1069,'advisor','present',NULL,NULL),(68,1119,'student','present',NULL,NULL),(68,1132,'student','present',NULL,NULL),(69,1072,'advisor','present',NULL,NULL),(69,1073,'co_advisor','present',NULL,NULL),(69,1088,'student','present',NULL,NULL),(69,1205,'student','present',NULL,NULL),(70,1072,'advisor','present',NULL,NULL),(70,1073,'co_advisor','present',NULL,NULL),(70,1088,'student','present',NULL,NULL),(70,1205,'student','present',NULL,NULL),(71,1072,'advisor','present',NULL,NULL),(71,1073,'co_advisor','present',NULL,NULL),(71,1088,'student','present',NULL,NULL),(71,1205,'student','present',NULL,NULL),(72,1069,'advisor','present',NULL,NULL),(72,1119,'student','present',NULL,NULL),(72,1132,'student','present',NULL,NULL),(73,1070,'advisor','present',NULL,NULL),(73,1108,'student','present',NULL,NULL),(73,1125,'student','present',NULL,NULL),(74,1070,'advisor','present',NULL,NULL),(74,1108,'student','present',NULL,NULL),(74,1125,'student','present',NULL,NULL),(75,1444,'advisor','present',NULL,NULL),(75,1445,'student','present',NULL,NULL),(75,1446,'student','present',NULL,NULL),(76,1444,'advisor','present',NULL,NULL),(76,1445,'student','present',NULL,NULL),(76,1446,'student','present',NULL,NULL),(77,1444,'advisor','present',NULL,NULL),(77,1445,'student','present',NULL,NULL),(77,1446,'student','present',NULL,NULL),(78,1444,'advisor','present',NULL,NULL),(78,1445,'student','present',NULL,NULL),(78,1446,'student','present',NULL,NULL),(79,1444,'advisor','present',NULL,NULL),(79,1445,'student','present',NULL,NULL),(79,1446,'student','present',NULL,NULL),(86,1444,'advisor','present',NULL,NULL),(86,1447,'student','present',NULL,NULL),(86,1448,'student','present',NULL,NULL),(87,1444,'advisor','present',NULL,NULL),(87,1447,'student','present',NULL,NULL),(87,1448,'student','present',NULL,NULL),(88,1444,'advisor','present',NULL,NULL),(88,1447,'student','present',NULL,NULL),(88,1448,'student','present',NULL,NULL),(89,1444,'advisor','present',NULL,NULL),(89,1447,'student','present',NULL,NULL),(89,1448,'student','present',NULL,NULL),(90,1444,'advisor','present',NULL,NULL),(90,1447,'student','present',NULL,NULL),(90,1448,'student','present',NULL,NULL),(91,1444,'advisor','present',NULL,NULL),(91,1447,'student','present',NULL,NULL),(91,1448,'student','present',NULL,NULL),(92,1444,'advisor','present',NULL,NULL),(92,1447,'student','present',NULL,NULL),(92,1448,'student','present',NULL,NULL),(93,1444,'advisor','present',NULL,NULL),(93,1447,'student','present',NULL,NULL),(93,1448,'student','present',NULL,NULL),(94,1444,'advisor','present',NULL,NULL),(94,1449,'student','present',NULL,NULL),(94,1450,'student','present',NULL,NULL),(98,1444,'advisor','present',NULL,NULL),(98,1449,'student','present',NULL,NULL),(98,1450,'student','present',NULL,NULL),(99,1444,'advisor','present',NULL,NULL),(99,1449,'student','present',NULL,NULL),(99,1450,'student','present',NULL,NULL),(100,1444,'advisor','present',NULL,NULL),(100,1449,'student','present',NULL,NULL),(100,1450,'student','present',NULL,NULL),(101,1444,'advisor','present',NULL,NULL),(101,1449,'student','present',NULL,NULL),(101,1450,'student','present',NULL,NULL),(102,1444,'advisor','present',NULL,NULL),(102,1449,'student','present',NULL,NULL),(102,1450,'student','present',NULL,NULL),(103,1444,'advisor','present',NULL,NULL),(103,1449,'student','present',NULL,NULL),(103,1450,'student','present',NULL,NULL),(104,1444,'advisor','present',NULL,NULL),(104,1449,'student','present',NULL,NULL),(104,1450,'student','present',NULL,NULL),(117,1444,'advisor','present',NULL,NULL),(117,1451,'student','present',NULL,NULL),(117,1452,'student','present',NULL,NULL),(118,1444,'advisor','present',NULL,NULL),(118,1451,'student','present',NULL,NULL),(118,1452,'student','present',NULL,NULL),(119,1444,'advisor','present',NULL,NULL),(119,1451,'student','present',NULL,NULL),(119,1452,'student','present',NULL,NULL),(120,1444,'advisor','present',NULL,NULL),(120,1451,'student','present',NULL,NULL),(120,1452,'student','present',NULL,NULL),(121,1444,'advisor','present',NULL,NULL),(121,1451,'student','present',NULL,NULL),(121,1452,'student','present',NULL,NULL),(122,1444,'advisor','present',NULL,NULL),(122,1455,'student','present',NULL,NULL),(122,1456,'student','present',NULL,NULL),(123,1444,'advisor','present',NULL,NULL),(123,1455,'student','present',NULL,NULL),(123,1456,'student','present',NULL,NULL),(124,1444,'advisor','present',NULL,NULL),(124,1453,'student','present',NULL,NULL),(124,1454,'student','present',NULL,NULL),(124,1461,'co_advisor','present',NULL,NULL),(125,1444,'advisor','present',NULL,NULL),(125,1453,'student','present',NULL,NULL),(125,1454,'student','present',NULL,NULL),(125,1461,'co_advisor','present',NULL,NULL);
/*!40000 ALTER TABLE `meeting_participants` ENABLE KEYS */;
UNLOCK TABLES;

--
-- Table structure for table `meetings`
--

DROP TABLE IF EXISTS `meetings`;
/*!40101 SET @saved_cs_client     = @@character_set_client */;
/*!50503 SET character_set_client = utf8mb4 */;
CREATE TABLE `meetings` (
  `meeting_id` int NOT NULL AUTO_INCREMENT,
  `project_id` int NOT NULL,
  `meeting_title` varchar(255) CHARACTER SET utf8mb4 COLLATE utf8mb4_unicode_ci NOT NULL,
  `meeting_date` datetime NOT NULL,
  `meeting_method` enum('onsite','online','hybrid') CHARACTER SET utf8mb4 COLLATE utf8mb4_unicode_ci NOT NULL,
  `meeting_location` varchar(100) CHARACTER SET utf8mb4 COLLATE utf8mb4_unicode_ci DEFAULT NULL,
  `meeting_link` varchar(255) CHARACTER SET utf8mb4 COLLATE utf8mb4_unicode_ci DEFAULT NULL,
  `status` enum('scheduled','in_progress','completed','cancelled') CHARACTER SET utf8mb4 COLLATE utf8mb4_unicode_ci DEFAULT 'scheduled',
  `created_by` int NOT NULL,
  `created_at` timestamp NULL DEFAULT CURRENT_TIMESTAMP,
  `updated_at` timestamp NULL DEFAULT CURRENT_TIMESTAMP ON UPDATE CURRENT_TIMESTAMP,
  `phase` enum('phase1','phase2') CHARACTER SET utf8mb4 COLLATE utf8mb4_unicode_ci NOT NULL DEFAULT 'phase1',
  PRIMARY KEY (`meeting_id`),
  KEY `fk_meeting_project` (`project_id`),
  KEY `fk_meeting_creator` (`created_by`),
  KEY `idx_meeting_date` (`meeting_date`),
  KEY `idx_meeting_status` (`status`),
  CONSTRAINT `fk_meeting_creator` FOREIGN KEY (`created_by`) REFERENCES `users` (`user_id`),
  CONSTRAINT `fk_meeting_project` FOREIGN KEY (`project_id`) REFERENCES `project_documents` (`project_id`) ON DELETE CASCADE
) ENGINE=InnoDB AUTO_INCREMENT=126 DEFAULT CHARSET=utf8mb4 COLLATE=utf8mb4_unicode_ci;
/*!40101 SET character_set_client = @saved_cs_client */;

--
-- Dumping data for table `meetings`
--

LOCK TABLES `meetings` WRITE;
/*!40000 ALTER TABLE `meetings` DISABLE KEYS */;
INSERT INTO `meetings` VALUES (16,77,'ขอบเขตโครงงาน','2025-08-30 13:00:00','onsite','ชั้นภาควิชา',NULL,'scheduled',1096,'2025-10-23 09:14:16','2025-10-23 09:14:16','phase1'),(17,77,'ดูreport ที่ไปหามา','2025-10-22 14:00:00','onsite','ภาควิชา','-','scheduled',1095,'2025-10-23 09:17:22','2025-10-23 09:17:22','phase1'),(18,77,'ดูขอบเขตใหม่และส่งที่ไปศึกษามาเพิ่มเติม','2025-10-14 14:00:00','onsite','ชั้นภาควิชา',NULL,'scheduled',1096,'2025-10-23 09:19:42','2025-10-23 09:19:42','phase1'),(19,77,'พูดคุยเรื่องหลักสูตรของการฝึกงาน','2025-10-22 00:00:00','onsite','ชั้นภาควิชา',NULL,'scheduled',1096,'2025-10-23 09:31:44','2025-10-23 09:31:44','phase1'),(20,77,'พูดคุยเรื่องlogbookเพิ่มเติม','2025-10-29 14:00:00','onsite','ชั้นภาควิชา',NULL,'scheduled',1096,'2025-10-23 09:38:11','2025-10-23 09:38:11','phase1'),(21,65,'รายงานขอบเขตและปรับปรุง','2025-07-09 15:00:00','onsite','ห้อง78-618',NULL,'scheduled',746,'2025-10-23 10:20:50','2025-10-23 10:20:50','phase1'),(22,65,'ตรวจบทที่ 1 และแก้ไขขอบเขต','2025-09-09 12:00:00','online',NULL,NULL,'scheduled',746,'2025-10-23 10:27:19','2025-10-23 10:27:19','phase1'),(23,65,'ตรวจสอบบทที่ 2 และ 3','2025-10-21 10:30:00','onsite','หน้าห้องภาคCS ชั้น 6 ตึก 78',NULL,'scheduled',746,'2025-10-23 10:28:12','2025-10-23 10:28:12','phase1'),(26,75,'พบอาจารย์ที่ปรึกษา ครั้ง ที่ 1','2024-11-27 13:00:00','onsite',NULL,NULL,'scheduled',1081,'2025-10-23 18:50:11','2025-10-23 18:50:11','phase1'),(27,75,'พบอาจารย์ที่ปรึกษาครั้งที่ 2','2025-03-06 13:00:00','onsite','ห้องพักคอยภาควิชา',NULL,'scheduled',1080,'2025-10-23 18:50:42','2025-10-23 18:50:42','phase1'),(28,75,'พบอาจารย์ที่ปรึกษา ครั้ง ที่ 3','2025-03-18 13:00:00','onsite',NULL,NULL,'scheduled',1081,'2025-10-23 18:59:57','2025-10-23 18:59:57','phase1'),(29,75,'พบอาจารย์ที่ปรึกษา ครั้ง ที่ 4','2025-05-23 13:00:00','onsite',NULL,NULL,'scheduled',1081,'2025-10-23 19:10:59','2025-10-23 19:10:59','phase1'),(31,75,'พบอาจารย์ที่ปรึกษาครั้งที่ 5','2025-06-23 12:30:00','onsite','ชั้นภาควิชา',NULL,'scheduled',1080,'2025-10-23 19:20:50','2025-10-23 19:20:50','phase1'),(32,75,'พบอาจารย์ที่ปรึกษา ครั้ง ที่ 2','2025-08-27 13:00:00','onsite',NULL,NULL,'scheduled',1081,'2025-10-23 19:23:33','2025-10-23 19:23:33','phase2'),(33,75,'พบอาจารย์ที่ปรึกษาครั้งที่ 1','2025-07-30 13:00:00','onsite','ชั้นภาควิชา',NULL,'scheduled',1080,'2025-10-23 19:31:05','2025-10-23 19:31:05','phase2'),(34,75,'พบอาจารย์ที่ปรึกษาครั้งที่ 3','2025-09-24 13:00:00','onsite','ห้องพักคอยภาควิชา',NULL,'scheduled',1080,'2025-10-23 19:40:51','2025-10-23 19:40:51','phase2'),(35,75,'พบอาจารย์ที่ปรึกษาครั้ง ที่ 4','2025-10-02 13:00:00','onsite',NULL,NULL,'scheduled',1081,'2025-10-23 19:47:20','2025-10-26 21:44:31','phase2'),(36,67,'ติดตามความคืบหน้าหลังสอบหัวข้อ','2025-07-21 12:00:00','onsite',NULL,NULL,'scheduled',809,'2025-10-24 04:59:55','2025-10-24 04:59:55','phase1'),(37,67,'ปรึกษาขอบเขตโครงงาน','2025-07-30 13:15:00','onsite','ตึก78 ห้อง619',NULL,'scheduled',809,'2025-10-24 05:04:33','2025-10-24 05:04:33','phase1'),(38,61,'Modelที่ใช้ในproject','2025-10-25 14:00:00','onsite','ห้องภาควิชา',NULL,'scheduled',745,'2025-10-24 06:17:38','2025-10-24 06:17:38','phase1'),(39,83,'ปรับสโคป','2025-07-29 11:00:00','onsite','ภาควิชา',NULL,'scheduled',1101,'2025-10-24 15:49:43','2025-10-24 15:49:43','phase1'),(41,83,'ออกแบบระบบ','2025-09-12 11:30:00','onsite','ห้องภาควิชา',NULL,'scheduled',1101,'2025-10-24 18:41:08','2025-10-24 18:41:08','phase1'),(42,83,'UX/UI','2025-09-22 00:00:00','onsite','ห้องภาควิชา',NULL,'scheduled',1101,'2025-10-24 18:46:56','2025-10-24 18:51:12','phase1'),(43,83,'Model ai','2025-10-07 00:00:00','onsite','ห้องภาควิชา',NULL,'scheduled',1101,'2025-10-24 18:49:58','2025-10-24 18:49:58','phase1'),(44,83,'อัพเดตการออกแบบระบบ','2025-10-27 00:00:00','onsite','ห้องภาควิชา',NULL,'scheduled',1101,'2025-10-24 18:54:06','2025-10-24 18:54:06','phase1'),(49,94,'พบอาจารย์ที่ปรึกษาครั้งที่ 1','2025-01-28 12:13:00','onsite','ชั้นภาควิชา',NULL,'scheduled',1142,'2025-10-25 16:46:41','2025-10-25 16:46:41','phase1'),(50,94,'พบอาจารย์ที่ปรึกษาครั้งที่ 2','2025-02-11 12:00:00','onsite','ชั้นภาควิชา',NULL,'scheduled',1142,'2025-10-25 16:47:45','2025-10-25 16:47:45','phase1'),(51,94,'พบอาจารย์ที่ปรึกษาครั้งที่ 3','2025-02-25 13:00:00','onsite','ชั้นภาควิชา',NULL,'scheduled',1142,'2025-10-25 16:48:13','2025-10-25 16:48:13','phase1'),(52,94,'พบอาจารย์ที่ปรึกษาครั้งที่ 4','2025-03-11 13:30:00','onsite','ชั้นภาควิชา',NULL,'scheduled',1142,'2025-10-25 16:48:47','2025-10-25 16:48:47','phase1'),(53,94,'พบอาจารย์ที่ปรึกษาครั้งที่ 5','2025-03-18 13:00:00','onsite','ชั้นภาควิชา',NULL,'scheduled',1142,'2025-10-25 16:49:57','2025-10-25 16:50:15','phase1'),(54,94,'พบอาจารย์ที่ปรึกษาครั้งที่ 4','2025-09-26 13:00:00','onsite','ชั้นภาควิชา',NULL,'scheduled',1142,'2025-10-25 16:50:53','2025-10-25 16:51:15','phase2'),(55,94,'พบอาจารย์ที่ปรึกษาครั้งที่ 3','2025-09-12 12:30:00','onsite','ชั้นภาควิชา',NULL,'scheduled',1142,'2025-10-25 16:51:53','2025-10-25 16:51:53','phase2'),(56,94,'พบอาจารย์ที่ปรึกษาครั้งที่ 2','2025-08-29 14:00:00','onsite','ชั้นภาควิชา',NULL,'scheduled',1142,'2025-10-25 16:52:28','2025-10-25 16:52:28','phase2'),(57,94,'พบอาจารย์ที่ปรึกษาครั้งที่ 1','2025-08-15 12:20:00','onsite','ชั้นภาควิชา',NULL,'scheduled',1142,'2025-10-25 16:53:22','2025-10-25 16:53:22','phase2'),(58,95,'ทำชิ้นงานที่ได้รับมอบหมายเพิ่มเติม','2024-10-17 15:00:00','onsite','ห้อง ภาค ป.โท',NULL,'scheduled',1207,'2025-10-25 17:46:17','2025-10-25 17:46:17','phase1'),(59,95,'อัพเดตชิ้นงาน ระบบฐานข้อมูลและตัวจรวจจับใบหน้า','2024-02-20 16:00:00','onsite','ห้อง ภาค ป.โท',NULL,'scheduled',1207,'2025-10-25 17:49:36','2025-10-25 17:49:36','phase1'),(60,95,'เพิ่มเติมระบบและฟังก์ชั่น','2024-05-26 16:00:00','onsite','ห้อง ภาค ป.โท',NULL,'scheduled',1207,'2025-10-25 17:51:44','2025-10-25 17:51:44','phase1'),(61,95,'นัดพบอาจารย์ครั้งที่1','2025-06-26 16:00:00','onsite','ห้อง ป.โท',NULL,'scheduled',1124,'2025-10-25 18:02:51','2025-10-25 18:02:51','phase2'),(62,95,'Algorithms discussion & นำ model ตัวใหม่ไปลองเทรน','2025-07-24 16:00:00','onsite','ห้อง ป.โท',NULL,'scheduled',1124,'2025-10-25 18:04:27','2025-10-25 18:04:27','phase2'),(63,95,'แก้ไขปัญหา การทำงานของระบบ','2025-08-07 16:00:00','onsite','ห้อง ป.โท',NULL,'scheduled',1124,'2025-10-25 18:05:49','2025-10-25 18:05:49','phase2'),(64,95,'อัพเดตการพัฒนา Interface','2025-09-04 16:00:00','onsite','ห้อง ป.โท',NULL,'scheduled',1124,'2025-10-25 18:06:53','2025-10-25 18:06:53','phase2'),(65,95,'ส่งงาน เพื่อทดสอบจริงกับ Users','2025-09-11 16:00:00','onsite','ห้อง ป.โท',NULL,'scheduled',1124,'2025-10-25 18:07:59','2025-10-25 18:07:59','phase2'),(66,97,'ตรวจสอบความพร้อม','2025-10-24 11:00:00','online',NULL,NULL,'scheduled',1098,'2025-10-25 18:47:26','2025-10-25 18:47:26','phase2'),(67,67,'ส่งรายงานขอบเขตข้อมูลโครงงาน','2025-09-18 13:30:00','onsite',NULL,NULL,'scheduled',809,'2025-10-26 22:27:01','2025-10-26 22:27:01','phase1'),(68,79,'ปรึกษาเรื่องทำ Diagram','2025-10-30 13:00:00','onsite','78/617',NULL,'scheduled',1132,'2025-10-29 10:07:28','2025-10-29 10:07:28','phase1'),(69,98,'ติดตาม เล่มปริญญานิพนธ์','2025-10-30 09:00:00','onsite',NULL,NULL,'scheduled',1088,'2025-10-29 12:23:34','2025-10-29 12:23:34','phase1'),(70,98,'ติดตาม เล่มปริญญานิพนธ์','2025-10-31 08:00:00','onsite',NULL,NULL,'scheduled',1088,'2025-10-29 12:26:30','2025-10-29 12:26:30','phase1'),(71,98,'ติดตาม เล่มปริญญานิพนธ์','2025-11-06 10:00:00','hybrid',NULL,NULL,'scheduled',1088,'2025-10-29 12:27:51','2025-10-29 12:27:51','phase1'),(72,79,'Smart Bill sharing system','2025-10-29 11:00:00','online',NULL,NULL,'scheduled',1119,'2025-10-29 14:08:42','2025-10-29 14:08:42','phase1'),(73,100,'รายงานความคืบหน้าเร่งด่วน','2025-10-31 08:00:00','onsite','ชั้นภาควิทยาการคอมพิวเตอร์',NULL,'scheduled',1108,'2025-10-30 16:41:33','2025-10-30 16:41:33','phase1'),(74,100,'รายงานความคืบหน้าเฟส 2','2025-11-12 08:00:00','onsite','ชั้นภาควิทยาการคอมพิวเตอร์',NULL,'scheduled',1108,'2025-10-30 16:45:13','2025-10-30 16:45:13','phase1'),(75,102,'ครั้งที่ 1','2025-10-01 13:00:00','onsite',NULL,NULL,'scheduled',1445,'2025-11-02 15:48:23','2025-11-02 15:48:55','phase1'),(76,102,'ครั้งที่2','2025-10-06 13:00:00','onsite',NULL,NULL,'scheduled',1445,'2025-11-02 15:49:12','2025-11-02 15:49:12','phase1'),(77,102,'ครั้งที่3','2025-10-13 10:00:00','onsite',NULL,NULL,'scheduled',1445,'2025-11-02 15:50:07','2025-11-02 15:50:07','phase1'),(78,102,'ครั้งที่4','2025-10-17 13:00:00','onsite','ชั้นภาควิชาฯ',NULL,'scheduled',1445,'2025-11-02 15:51:23','2025-11-02 15:51:23','phase1'),(79,102,'ครั้งที่ 5','2025-10-27 13:00:00','onsite','ชั้นภาควิชา',NULL,'scheduled',1445,'2025-11-02 15:51:50','2025-11-02 15:51:50','phase1'),(86,103,'หัวข้อการประชุม 1','2025-02-03 12:00:00','onsite',NULL,NULL,'scheduled',1447,'2025-11-02 17:08:48','2025-11-02 17:18:09','phase1'),(87,103,'หัวข้อการประชุม 2','2025-02-10 14:00:00','onsite','ชั้นภาควิชาฯ',NULL,'scheduled',1447,'2025-11-02 17:16:03','2025-11-02 17:16:03','phase1'),(88,103,'หัวข้อการประชุม 3','2025-02-17 11:00:00','onsite','ชั้นภาควิชาฯ',NULL,'scheduled',1447,'2025-11-02 17:17:32','2025-11-02 17:17:32','phase1'),(89,103,'หัวข้อการประชุม 4','2025-02-24 10:00:00','onsite',NULL,NULL,'scheduled',1447,'2025-11-02 17:18:51','2025-11-02 17:18:51','phase1'),(90,103,'หัวข้อการประชุม 1','2025-10-01 13:00:00','onsite',NULL,NULL,'scheduled',1447,'2025-11-02 17:31:03','2025-11-02 17:31:03','phase2'),(91,103,'หัวข้อการประชุม 2','2025-10-06 09:00:00','onsite',NULL,NULL,'scheduled',1447,'2025-11-02 17:31:24','2025-11-02 17:31:24','phase2'),(92,103,'หัวข้อการประชุม 4','2025-11-10 13:00:00','onsite',NULL,NULL,'scheduled',1447,'2025-11-02 17:32:01','2025-11-02 17:37:18','phase2'),(93,103,'หัวข้อการประชุม 3','2025-10-27 10:00:00','onsite','ชั้นภาควิชา',NULL,'scheduled',1447,'2025-11-02 17:32:40','2025-11-02 17:37:12','phase2'),(94,104,'หัวข้อการประชุม 1','2025-01-06 13:00:00','onsite',NULL,NULL,'scheduled',1449,'2025-11-02 17:43:49','2025-11-02 17:59:57','phase1'),(98,104,'หัวข้อการประชุม 2','2025-01-13 13:00:00','onsite',NULL,NULL,'scheduled',1449,'2025-11-02 18:22:09','2025-11-02 18:22:09','phase1'),(99,104,'หัวข้อการประชุม 3','2025-01-20 11:00:00','onsite',NULL,NULL,'scheduled',1449,'2025-11-02 18:23:17','2025-11-02 18:23:17','phase1'),(100,104,'หัวข้อการประชุม 4','2025-01-27 13:00:00','onsite',NULL,NULL,'scheduled',1449,'2025-11-02 18:27:20','2025-11-02 18:27:20','phase1'),(101,104,'หัวข้อการประชุม 5','2025-09-01 10:00:00','onsite',NULL,NULL,'scheduled',1449,'2025-11-02 18:30:21','2025-11-02 18:30:21','phase2'),(102,104,'หัวข้อการประชุม 6','2025-09-08 13:00:00','onsite',NULL,NULL,'scheduled',1449,'2025-11-02 18:30:58','2025-11-02 18:30:58','phase2'),(103,104,'หัวข้อการประชุม 7','2025-09-15 13:00:00','onsite',NULL,NULL,'scheduled',1449,'2025-11-02 18:33:04','2025-11-02 18:33:04','phase2'),(104,104,'หัวข้อการประชุม 8','2025-09-22 13:00:00','onsite',NULL,NULL,'scheduled',1449,'2025-11-02 18:33:35','2025-11-02 18:33:35','phase2'),(117,109,'หัวข้อการประชุม 1','2025-11-05 00:00:00','onsite',NULL,NULL,'scheduled',1452,'2025-11-04 18:06:16','2025-11-04 18:06:16','phase1'),(118,109,'หัวข้อการประชุม 2','2025-11-05 00:00:00','onsite',NULL,NULL,'scheduled',1452,'2025-11-04 18:06:35','2025-11-04 18:06:35','phase1'),(119,109,'หัวข้อการประชุม  3','2025-11-05 20:00:00','onsite',NULL,NULL,'scheduled',1452,'2025-11-04 18:06:49','2025-11-04 18:06:57','phase1'),(120,109,'หัวข้อการประชุม 4','2025-11-05 00:00:00','onsite',NULL,NULL,'scheduled',1452,'2025-11-04 18:07:05','2025-11-04 18:07:05','phase1'),(121,109,'หัวข้อการประชุม','2025-11-05 00:00:00','onsite',NULL,NULL,'scheduled',1452,'2025-11-04 19:20:45','2025-11-04 19:20:45','phase2'),(122,110,'หัวข้อการประชุม 1','2025-11-05 13:00:00','onsite',NULL,NULL,'scheduled',1455,'2025-11-05 10:13:21','2025-11-05 10:13:21','phase1'),(123,110,'หัวข้อการประชุม','2025-11-05 08:00:00','onsite',NULL,NULL,'scheduled',1455,'2025-11-05 10:17:21','2025-11-05 10:17:21','phase2'),(124,111,'หัวข้อการประชุม','2025-11-05 00:00:00','onsite',NULL,NULL,'scheduled',1454,'2025-11-05 11:07:30','2025-11-05 11:07:30','phase1'),(125,111,'หัวข้อการประชุม new','2025-11-05 20:00:00','onsite',NULL,NULL,'scheduled',1454,'2025-11-05 13:25:58','2025-11-05 13:25:58','phase1');
/*!40000 ALTER TABLE `meetings` ENABLE KEYS */;
UNLOCK TABLES;

--
-- Table structure for table `notification_settings`
--

DROP TABLE IF EXISTS `notification_settings`;
/*!40101 SET @saved_cs_client     = @@character_set_client */;
/*!50503 SET character_set_client = utf8mb4 */;
CREATE TABLE `notification_settings` (
  `setting_id` int NOT NULL AUTO_INCREMENT,
  `notification_type` enum('LOGIN','DOCUMENT','LOGBOOK','EVALUATION','APPROVAL','MEETING') NOT NULL,
  `is_enabled` tinyint(1) NOT NULL DEFAULT '0',
  `description` varchar(200) DEFAULT NULL,
  `updated_by_admin` int DEFAULT NULL,
  `created_at` datetime NOT NULL DEFAULT CURRENT_TIMESTAMP,
  `updated_at` datetime NOT NULL DEFAULT CURRENT_TIMESTAMP ON UPDATE CURRENT_TIMESTAMP,
  PRIMARY KEY (`setting_id`),
  UNIQUE KEY `notification_type` (`notification_type`),
  UNIQUE KEY `idx_notification_type` (`notification_type`),
  KEY `idx_notification_enabled` (`is_enabled`),
  KEY `idx_updated_by_admin` (`updated_by_admin`),
  CONSTRAINT `fk_notification_settings_updated_by_user` FOREIGN KEY (`updated_by_admin`) REFERENCES `users` (`user_id`) ON DELETE SET NULL ON UPDATE CASCADE
) ENGINE=InnoDB AUTO_INCREMENT=1396 DEFAULT CHARSET=utf8mb4 COLLATE=utf8mb4_0900_ai_ci;
/*!40101 SET character_set_client = @saved_cs_client */;

--
-- Dumping data for table `notification_settings`
--

LOCK TABLES `notification_settings` WRITE;
/*!40000 ALTER TABLE `notification_settings` DISABLE KEYS */;
INSERT INTO `notification_settings` VALUES (1023,'LOGIN',0,'การแจ้งเตือนLOGIN',726,'2025-10-06 02:58:00','2025-11-02 10:30:38'),(1024,'DOCUMENT',0,'การแจ้งเตือนDOCUMENT',726,'2025-10-06 02:58:37','2025-11-02 01:16:37'),(1025,'LOGBOOK',1,'การแจ้งเตือนLOGBOOK',726,'2025-10-06 02:58:37','2025-11-02 10:33:20'),(1026,'',0,'การแจ้งเตือนเมื่อมีการขออนุมัติบันทึกการพบอาจารย์',NULL,'2025-10-06 02:58:37','2025-10-06 02:58:37'),(1027,'EVALUATION',1,'การแจ้งเตือนEVALUATION',726,'2025-10-06 02:58:37','2025-10-06 04:04:47'),(1028,'APPROVAL',1,'การแจ้งเตือนAPPROVAL',726,'2025-10-06 02:58:37','2025-11-06 09:25:09'),(1290,'MEETING',0,'การแจ้งเตือนMEETING',726,'2025-11-05 08:25:09','2025-11-05 15:58:02');
/*!40000 ALTER TABLE `notification_settings` ENABLE KEYS */;
UNLOCK TABLES;

--
-- Table structure for table `password_reset_tokens`
--

DROP TABLE IF EXISTS `password_reset_tokens`;
/*!40101 SET @saved_cs_client     = @@character_set_client */;
/*!50503 SET character_set_client = utf8mb4 */;
CREATE TABLE `password_reset_tokens` (
  `id` int NOT NULL AUTO_INCREMENT,
  `user_id` int NOT NULL,
  `purpose` enum('PASSWORD_CHANGE') NOT NULL DEFAULT 'PASSWORD_CHANGE',
  `otp_hash` varchar(255) NOT NULL,
  `temp_new_password_hash` varchar(255) DEFAULT NULL,
  `attempt_count` int NOT NULL DEFAULT '0',
  `expires_at` datetime NOT NULL,
  `used_at` datetime DEFAULT NULL,
  `created_at` datetime NOT NULL DEFAULT CURRENT_TIMESTAMP,
  `updated_at` datetime NOT NULL DEFAULT CURRENT_TIMESTAMP ON UPDATE CURRENT_TIMESTAMP,
  PRIMARY KEY (`id`),
  KEY `password_reset_tokens_user_id_purpose_expires_at` (`user_id`,`purpose`,`expires_at`),
  KEY `password_reset_tokens_expires_at` (`expires_at`),
  CONSTRAINT `password_reset_tokens_ibfk_1` FOREIGN KEY (`user_id`) REFERENCES `users` (`user_id`) ON DELETE CASCADE
) ENGINE=InnoDB AUTO_INCREMENT=10 DEFAULT CHARSET=utf8mb4 COLLATE=utf8mb4_0900_ai_ci;
/*!40101 SET character_set_client = @saved_cs_client */;

--
-- Dumping data for table `password_reset_tokens`
--

LOCK TABLES `password_reset_tokens` WRITE;
/*!40000 ALTER TABLE `password_reset_tokens` DISABLE KEYS */;
INSERT INTO `password_reset_tokens` VALUES (6,1081,'PASSWORD_CHANGE','$2b$10$NaRzAIk8ihUemGs9NCKqxuLpE7PozYQEAJ8996YM/6eEaLZML6MCm','$2b$10$mo5wmCBsIxmy3mJ.FFqU8ODNJ77ibqZHL0ehUpwwnpD2XZkqhFY4q',0,'2025-10-15 14:46:37',NULL,'2025-10-15 14:36:37','2025-10-15 14:36:37'),(7,1098,'PASSWORD_CHANGE','$2b$10$lVAtL7a2d2ace5ysxUIW5uTekKwdtpNpl8xbPZRAU0tczRiKVKLGu','$2b$10$ghOJFp1X9l1vp0k5wCiZ3.mo6HO9fIhJF9a32LaDtziw9JdaZAhA.',0,'2025-10-30 21:31:52',NULL,'2025-10-30 21:21:52','2025-10-30 21:21:52'),(8,1080,'PASSWORD_CHANGE','$2b$10$4y9WXKDySreuj0ObYbbTn.Ls0HJlQdfSPd3lnDJmfd/g2kSHw6t4u','$2b$10$mlwDbJHHuj6QHqQDcIIY6uAe6fJEw6ygLIbksIwgNpn4vECLu1dnO',0,'2025-11-02 17:04:16','2025-11-02 16:54:48','2025-11-02 16:54:16','2025-11-02 16:54:48'),(9,1080,'PASSWORD_CHANGE','$2b$10$6O/epOh7KmnqRMHLlOz4ZObvzed/Oob4kb18bYZcQMjBwB9xwpYzC','$2b$10$rTCPi2RMrtQQgN4kc6tW2Oza/fG3k2GZQIT7NmK806pePq.s8YWsG',0,'2025-12-04 14:38:25','2025-12-04 14:29:03','2025-12-04 14:28:25','2025-12-04 14:29:03');
/*!40000 ALTER TABLE `password_reset_tokens` ENABLE KEYS */;
UNLOCK TABLES;

--
-- Table structure for table `project_artifacts`
--

DROP TABLE IF EXISTS `project_artifacts`;
/*!40101 SET @saved_cs_client     = @@character_set_client */;
/*!50503 SET character_set_client = utf8mb4 */;
CREATE TABLE `project_artifacts` (
  `artifact_id` int NOT NULL AUTO_INCREMENT,
  `project_id` int NOT NULL,
  `type` varchar(50) NOT NULL,
  `file_path` varchar(500) NOT NULL,
  `original_name` varchar(255) NOT NULL,
  `mime_type` varchar(100) NOT NULL,
  `size` int NOT NULL,
  `version` int NOT NULL DEFAULT '1',
  `uploaded_by_student_id` int DEFAULT NULL,
  `checksum` varchar(128) DEFAULT NULL,
  `uploaded_at` datetime DEFAULT CURRENT_TIMESTAMP,
  `created_at` datetime DEFAULT CURRENT_TIMESTAMP,
  `updated_at` datetime DEFAULT CURRENT_TIMESTAMP,
  PRIMARY KEY (`artifact_id`),
  UNIQUE KEY `uq_project_artifacts_project_type_version` (`project_id`,`type`,`version`),
  KEY `uploaded_by_student_id` (`uploaded_by_student_id`),
  KEY `project_artifacts_project_id_type` (`project_id`,`type`),
  CONSTRAINT `project_artifacts_ibfk_1` FOREIGN KEY (`project_id`) REFERENCES `project_documents` (`project_id`) ON DELETE CASCADE,
  CONSTRAINT `project_artifacts_ibfk_2` FOREIGN KEY (`uploaded_by_student_id`) REFERENCES `students` (`student_id`)
) ENGINE=InnoDB DEFAULT CHARSET=utf8mb4 COLLATE=utf8mb4_0900_ai_ci;
/*!40101 SET character_set_client = @saved_cs_client */;

--
-- Dumping data for table `project_artifacts`
--

LOCK TABLES `project_artifacts` WRITE;
/*!40000 ALTER TABLE `project_artifacts` DISABLE KEYS */;
/*!40000 ALTER TABLE `project_artifacts` ENABLE KEYS */;
UNLOCK TABLES;

--
-- Table structure for table `project_defense_request_approvals`
--

DROP TABLE IF EXISTS `project_defense_request_approvals`;
/*!40101 SET @saved_cs_client     = @@character_set_client */;
/*!50503 SET character_set_client = utf8mb4 */;
CREATE TABLE `project_defense_request_approvals` (
  `approval_id` int NOT NULL AUTO_INCREMENT,
  `request_id` int NOT NULL,
  `teacher_id` int NOT NULL,
  `teacher_role` varchar(32) DEFAULT NULL,
  `status` enum('pending','approved','rejected') NOT NULL DEFAULT 'pending',
  `note` text,
  `approved_at` datetime DEFAULT NULL,
  `created_at` datetime NOT NULL DEFAULT CURRENT_TIMESTAMP,
  `updated_at` datetime NOT NULL DEFAULT CURRENT_TIMESTAMP,
  PRIMARY KEY (`approval_id`),
  UNIQUE KEY `uniq_project1_defense_request_teacher` (`request_id`,`teacher_id`),
  KEY `teacher_id` (`teacher_id`),
  CONSTRAINT `project_defense_request_approvals_ibfk_1` FOREIGN KEY (`request_id`) REFERENCES `project_defense_requests` (`request_id`) ON DELETE CASCADE ON UPDATE CASCADE,
  CONSTRAINT `project_defense_request_approvals_ibfk_2` FOREIGN KEY (`teacher_id`) REFERENCES `teachers` (`teacher_id`) ON DELETE CASCADE ON UPDATE CASCADE
) ENGINE=InnoDB AUTO_INCREMENT=37 DEFAULT CHARSET=utf8mb4 COLLATE=utf8mb4_0900_ai_ci;
/*!40101 SET character_set_client = @saved_cs_client */;

--
-- Dumping data for table `project_defense_request_approvals`
--

LOCK TABLES `project_defense_request_approvals` WRITE;
/*!40000 ALTER TABLE `project_defense_request_approvals` DISABLE KEYS */;
INSERT INTO `project_defense_request_approvals` VALUES (18,17,58,'advisor','approved',NULL,'2025-10-24 02:53:01','2025-10-24 02:52:33','2025-10-24 02:53:01'),(19,18,63,'advisor','pending',NULL,'2025-10-26 00:10:33','2025-10-26 00:10:12','2025-10-26 00:10:33'),(20,19,63,'advisor','approved',NULL,'2025-10-29 20:10:04','2025-10-29 20:04:48','2025-10-29 20:10:04'),(21,19,64,'co_advisor','approved',NULL,'2025-10-29 20:12:48','2025-10-29 20:04:48','2025-10-29 20:12:48'),(22,20,71,'advisor','pending',NULL,NULL,'2025-11-02 23:12:38','2025-11-02 23:12:38'),(23,21,71,'advisor','approved',NULL,'2025-11-03 00:27:19','2025-11-03 00:20:35','2025-11-03 00:27:19'),(24,22,71,'advisor','approved',NULL,'2025-11-03 01:28:33','2025-11-03 01:28:21','2025-11-03 01:28:33'),(29,27,71,'advisor','approved',NULL,'2025-11-05 01:22:28','2025-11-05 01:22:19','2025-11-05 01:22:28'),(30,28,71,'advisor','approved',NULL,'2025-11-05 02:23:23','2025-11-05 02:23:19','2025-11-05 02:23:23'),(31,29,71,'advisor','approved',NULL,'2025-11-05 17:15:29','2025-11-05 17:15:24','2025-11-05 17:15:29'),(32,30,71,'advisor','approved',NULL,'2025-11-05 17:20:50','2025-11-05 17:20:45','2025-11-05 17:20:50'),(33,31,71,'advisor','approved',NULL,'2025-11-05 18:12:04','2025-11-05 18:10:53','2025-11-05 18:12:04'),(34,31,72,'co_advisor','pending',NULL,'2025-11-05 20:21:52','2025-11-05 18:10:53','2025-11-05 20:21:52'),(35,32,71,'advisor','pending',NULL,NULL,'2025-11-05 23:08:24','2025-11-05 23:08:24'),(36,33,58,'advisor','pending',NULL,NULL,'2025-11-10 10:53:02','2025-11-10 10:53:02');
/*!40000 ALTER TABLE `project_defense_request_approvals` ENABLE KEYS */;
UNLOCK TABLES;

--
-- Table structure for table `project_defense_requests`
--

DROP TABLE IF EXISTS `project_defense_requests`;
/*!40101 SET @saved_cs_client     = @@character_set_client */;
/*!50503 SET character_set_client = utf8mb4 */;
CREATE TABLE `project_defense_requests` (
  `request_id` int NOT NULL AUTO_INCREMENT,
  `project_id` int NOT NULL,
  `defense_type` enum('PROJECT1','THESIS') NOT NULL DEFAULT 'PROJECT1',
  `status` enum('draft','submitted','advisor_in_review','advisor_approved','staff_verified','scheduled','completed','cancelled') NOT NULL DEFAULT 'submitted',
  `form_payload` json NOT NULL,
  `submitted_by_student_id` int NOT NULL,
  `submitted_at` datetime NOT NULL DEFAULT CURRENT_TIMESTAMP,
  `created_at` datetime NOT NULL DEFAULT CURRENT_TIMESTAMP,
  `updated_at` datetime NOT NULL DEFAULT CURRENT_TIMESTAMP,
  `defense_scheduled_at` datetime DEFAULT NULL,
  `defense_location` varchar(255) DEFAULT NULL,
  `defense_note` text,
  `scheduled_by_user_id` int DEFAULT NULL,
  `scheduled_at` datetime DEFAULT NULL,
  `advisor_approved_at` datetime DEFAULT NULL,
  `staff_verified_at` datetime DEFAULT NULL,
  `staff_verified_by_user_id` int DEFAULT NULL,
  `staff_verification_note` text,
  `submitted_late` tinyint(1) NOT NULL DEFAULT '0' COMMENT 'ส่งคำร้องหลังเวลากำหนดหรือไม่ (Google Classroom style)',
  `submission_delay_minutes` int DEFAULT NULL COMMENT 'จำนวนนาทีที่ส่งช้า (null = ส่งทันหรือไม่ได้ track)',
  `important_deadline_id` int DEFAULT NULL COMMENT 'เชื่อมโยงกับ deadline ที่ใช้ตรวจสอบ',
  PRIMARY KEY (`request_id`),
  UNIQUE KEY `uniq_project_defense_request` (`project_id`,`defense_type`),
  KEY `submitted_by_student_id` (`submitted_by_student_id`),
  KEY `project_defense_requests_scheduled_by_user_id_foreign_idx` (`scheduled_by_user_id`),
  KEY `project_defense_requests_staff_verified_by_user_id_foreign_idx` (`staff_verified_by_user_id`),
  KEY `idx_defense_requests_submitted_late` (`submitted_late`),
  KEY `idx_defense_requests_deadline_id` (`important_deadline_id`),
  CONSTRAINT `project_defense_requests_ibfk_1` FOREIGN KEY (`project_id`) REFERENCES `project_documents` (`project_id`) ON DELETE CASCADE ON UPDATE CASCADE,
  CONSTRAINT `project_defense_requests_ibfk_2` FOREIGN KEY (`submitted_by_student_id`) REFERENCES `students` (`student_id`) ON DELETE RESTRICT ON UPDATE CASCADE,
  CONSTRAINT `project_defense_requests_important_deadline_id_foreign_idx` FOREIGN KEY (`important_deadline_id`) REFERENCES `important_deadlines` (`id`) ON DELETE SET NULL ON UPDATE CASCADE,
  CONSTRAINT `project_defense_requests_scheduled_by_user_id_foreign_idx` FOREIGN KEY (`scheduled_by_user_id`) REFERENCES `users` (`user_id`) ON DELETE SET NULL ON UPDATE CASCADE,
  CONSTRAINT `project_defense_requests_staff_verified_by_user_id_foreign_idx` FOREIGN KEY (`staff_verified_by_user_id`) REFERENCES `users` (`user_id`) ON DELETE SET NULL ON UPDATE CASCADE
) ENGINE=InnoDB AUTO_INCREMENT=34 DEFAULT CHARSET=utf8mb4 COLLATE=utf8mb4_0900_ai_ci;
/*!40101 SET character_set_client = @saved_cs_client */;

--
-- Dumping data for table `project_defense_requests`
--

LOCK TABLES `project_defense_requests` WRITE;
/*!40000 ALTER TABLE `project_defense_requests` DISABLE KEYS */;
INSERT INTO `project_defense_requests` VALUES (17,75,'PROJECT1','completed','{\"students\": [{\"name\": \"ชินกฤต ศรีป่าน\", \"email\": \"\", \"phone\": \"\", \"studentId\": 1006, \"studentCode\": \"6404062630295\"}, {\"name\": \"นิวัฒน์ เสียงใส\", \"email\": \"\", \"phone\": \"\", \"studentId\": 1007, \"studentCode\": \"6404062610294\"}], \"advisorName\": \"อาจารย์อนุสรณ์ วงษ์สนิท\", \"requestDate\": \"2025-10-24\", \"coAdvisorName\": \"\", \"additionalNotes\": \"\", \"membersSnapshot\": [{\"name\": \"ชินกฤต ศรีป่าน\", \"role\": \"leader\", \"studentId\": 1006, \"studentCode\": \"6404062630295\"}, {\"name\": \"นิวัฒน์ เสียงใส\", \"role\": \"member\", \"studentId\": 1007, \"studentCode\": \"6404062610294\"}], \"projectSnapshot\": {\"advisorId\": 58, \"projectId\": 75, \"coAdvisorId\": null, \"projectCode\": \"PRJ2568-0075\", \"projectNameEn\": \"CSLogbook\", \"projectNameTh\": \"ระบบสมุดบันทึกติดตามฝึกงานโครงงานพิเศษและปริญญานิพนธ์\"}, \"projectSnapshotOverride\": {\"projectCode\": \"PRJ2568-0075\", \"projectNameEn\": \"CSLogbook\", \"projectNameTh\": \"ระบบสมุดบันทึกติดตามฝึกงานโครงงานพิเศษและปริญญานิพนธ์\"}}',1006,'2025-10-24 02:52:33','2025-10-24 02:52:33','2025-10-24 02:54:35',NULL,NULL,NULL,NULL,NULL,'2025-10-24 02:53:01','2025-10-24 02:54:15',726,NULL,0,NULL,NULL),(18,94,'PROJECT1','completed','{\"students\": [{\"name\": \"ศุภิสรา ฮงคะนาค\", \"email\": \"\", \"phone\": \"\", \"studentId\": 1065, \"studentCode\": \"6404062663088\"}, {\"name\": \"นิติพัฒน์ เตชธนานุรักษ์\", \"email\": \"\", \"phone\": \"\", \"studentId\": 1068, \"studentCode\": \"6404062663193\"}], \"advisorName\": \"ผู้ช่วยศาสตราจารย์ ดร.ธรรศฏภณ สุระศักดิ์\", \"requestDate\": \"2025-10-26\", \"coAdvisorName\": \"\", \"additionalNotes\": \"\", \"membersSnapshot\": [{\"name\": \"ศุภิสรา ฮงคะนาค\", \"role\": \"member\", \"studentId\": 1065, \"studentCode\": \"6404062663088\"}, {\"name\": \"นิติพัฒน์ เตชธนานุรักษ์\", \"role\": \"leader\", \"studentId\": 1068, \"studentCode\": \"6404062663193\"}], \"projectSnapshot\": {\"advisorId\": 63, \"projectId\": 94, \"coAdvisorId\": null, \"projectCode\": \"PRJ2568-0094\", \"projectNameEn\": \"CarbonEcho carbon accounting platform (CSB)\", \"projectNameTh\": \"CarbonEcho carbon accounting platform (CSB)\"}, \"projectSnapshotOverride\": {\"projectCode\": \"PRJ2568-0094\", \"projectNameEn\": \"CarbonEcho carbon accounting platform (CSB)\", \"projectNameTh\": \"CarbonEcho carbon accounting platform (CSB)\"}}',1068,'2025-10-26 00:10:12','2025-10-26 00:10:12','2025-10-27 13:04:55',NULL,NULL,NULL,NULL,NULL,'2025-10-26 00:10:33','2025-10-27 13:04:46',726,NULL,0,NULL,NULL),(19,98,'PROJECT1','completed','{\"students\": [{\"name\": \"พชร วรวัตร\", \"email\": \"\", \"phone\": \"\", \"studentId\": 1014, \"studentCode\": \"6404062610324\"}, {\"name\": \"พิชชากร อัตตะเปโม\", \"email\": \"\", \"phone\": \"\", \"studentId\": 1131, \"studentCode\": \"6404062636412\"}], \"advisorName\": \"ผู้ช่วยศาสตราจารย์ ดร.ธรรศฏภณ สุระศักดิ์\", \"requestDate\": \"2025-10-29\", \"coAdvisorName\": \"อาจารย์ ดร.ณัฐกิตติ์ จิตรเอื้อตระกูล\", \"additionalNotes\": \"\", \"membersSnapshot\": [{\"name\": \"พชร วรวัตร\", \"role\": \"leader\", \"studentId\": 1014, \"studentCode\": \"6404062610324\"}, {\"name\": \"พิชชากร อัตตะเปโม\", \"role\": \"member\", \"studentId\": 1131, \"studentCode\": \"6404062636412\"}], \"projectSnapshot\": {\"advisorId\": 63, \"projectId\": 98, \"coAdvisorId\": 64, \"projectCode\": \"PRJ2568-0098\", \"projectNameEn\": null, \"projectNameTh\": \"ขวดแลกยิ้ม (ตู้แยกขวดและกระป๋องกึ่งอัตโนมัติ)\"}, \"projectSnapshotOverride\": {\"projectCode\": \"PRJ2568-0098\", \"projectNameEn\": null, \"projectNameTh\": \"ขวดแลกยิ้ม (ตู้แยกขวดและกระป๋องกึ่งอัตโนมัติ)\"}}',1014,'2025-10-29 20:04:48','2025-10-29 20:04:48','2025-10-29 20:33:22',NULL,NULL,NULL,NULL,NULL,'2025-10-29 20:12:48','2025-10-29 20:13:15',727,NULL,0,NULL,NULL),(20,102,'PROJECT1','advisor_in_review','{\"students\": [{\"name\": \"ทดสอบ1 โครงานพิเศษ1\", \"email\": \"\", \"phone\": \"0899999999\", \"studentId\": 1368, \"studentCode\": \"6504062600001\"}, {\"name\": \"ทดสอบ2 โครงานพิเศษ1\", \"email\": \"\", \"phone\": \"0988888888\", \"studentId\": 1369, \"studentCode\": \"6504062600002\"}], \"advisorName\": \"ทดสอบ อาจารย์\", \"requestDate\": \"2025-11-02\", \"coAdvisorName\": \"\", \"additionalNotes\": \"\", \"membersSnapshot\": [{\"name\": \"ทดสอบ1 โครงานพิเศษ1\", \"role\": \"leader\", \"studentId\": 1368, \"studentCode\": \"6504062600001\"}, {\"name\": \"ทดสอบ2 โครงานพิเศษ1\", \"role\": \"member\", \"studentId\": 1369, \"studentCode\": \"6504062600002\"}], \"projectSnapshot\": {\"advisorId\": 71, \"projectId\": 102, \"coAdvisorId\": null, \"projectCode\": \"PRJ2568-0101\", \"projectNameEn\": \"Special Project Test 1\", \"projectNameTh\": \"ทดสอบโครงงานพิเศษ 1\"}, \"projectSnapshotOverride\": {\"projectCode\": \"PRJ2568-0101\", \"projectNameEn\": \"Special Project Test 1\", \"projectNameTh\": \"ทดสอบโครงงานพิเศษ 1\"}}',1368,'2025-11-02 23:12:38','2025-11-02 23:12:38','2025-11-02 23:12:38',NULL,NULL,NULL,NULL,NULL,NULL,NULL,NULL,NULL,0,NULL,NULL),(21,103,'PROJECT1','completed','{\"students\": [{\"name\": \"ทดสอบ3 ขอทดสอบระบบ\", \"email\": \"\", \"phone\": \"0899999999\", \"studentId\": 1370, \"studentCode\": \"6504062600003\"}, {\"name\": \"ทดสอบ4 ขอทดสอบระบบ\", \"email\": \"\", \"phone\": \"0877777777\", \"studentId\": 1371, \"studentCode\": \"6504062600004\"}], \"advisorName\": \"ทดสอบ อาจารย์\", \"requestDate\": \"2025-11-03\", \"coAdvisorName\": \"\", \"additionalNotes\": \"\", \"membersSnapshot\": [{\"name\": \"ทดสอบ3 ขอทดสอบระบบ\", \"role\": \"leader\", \"studentId\": 1370, \"studentCode\": \"6504062600003\"}, {\"name\": \"ทดสอบ4 ขอทดสอบระบบ\", \"role\": \"member\", \"studentId\": 1371, \"studentCode\": \"6504062600004\"}], \"projectSnapshot\": {\"advisorId\": 71, \"projectId\": 103, \"coAdvisorId\": null, \"projectCode\": \"PRJ2568-0103\", \"projectNameEn\": \"system test\", \"projectNameTh\": \"ขอทดสอบระบบ\"}, \"projectSnapshotOverride\": {\"projectCode\": \"PRJ2568-0103\", \"projectNameEn\": \"system test\", \"projectNameTh\": \"ขอทดสอบระบบ\"}}',1370,'2025-11-03 00:20:35','2025-11-03 00:20:35','2025-11-03 00:28:50',NULL,NULL,NULL,NULL,NULL,'2025-11-03 00:27:19','2025-11-03 00:28:22',727,NULL,0,NULL,NULL),(22,104,'PROJECT1','completed','{\"students\": [{\"name\": \"ทดสอบ5 โครงานพิเศษ2\", \"email\": \"\", \"phone\": \"\", \"studentId\": 1372, \"studentCode\": \"6504062600005\"}, {\"name\": \"ทดสอบ6 โครงานพิเศษ2\", \"email\": \"\", \"phone\": \"\", \"studentId\": 1373, \"studentCode\": \"6504062600006\"}], \"advisorName\": \"ทดสอบ อาจารย์\", \"requestDate\": \"2025-11-03\", \"coAdvisorName\": \"\", \"additionalNotes\": \"\", \"membersSnapshot\": [{\"name\": \"ทดสอบ5 โครงานพิเศษ2\", \"role\": \"leader\", \"studentId\": 1372, \"studentCode\": \"6504062600005\"}, {\"name\": \"ทดสอบ6 โครงานพิเศษ2\", \"role\": \"member\", \"studentId\": 1373, \"studentCode\": \"6504062600006\"}], \"projectSnapshot\": {\"advisorId\": 71, \"projectId\": 104, \"coAdvisorId\": null, \"projectCode\": \"PRJ2568-0104\", \"projectNameEn\": \"Special Project 2\", \"projectNameTh\": \"โครงานพิเศษ2\"}, \"projectSnapshotOverride\": {\"projectCode\": \"PRJ2568-0104\", \"projectNameEn\": \"Special Project 2\", \"projectNameTh\": \"โครงานพิเศษ2\"}}',1372,'2025-11-03 01:28:21','2025-11-03 01:28:21','2025-11-03 01:29:00',NULL,NULL,NULL,NULL,NULL,'2025-11-03 01:28:33','2025-11-03 01:28:54',727,NULL,0,NULL,NULL),(27,109,'PROJECT1','staff_verified','{\"students\": [{\"name\": \"ทดสอบ7 กรณีคู่โปรเจคข้ามชั้นปี\", \"email\": \"6504062600007@email.kmutnb.ac.th\", \"phone\": \"\", \"studentId\": 1374, \"studentCode\": \"6504062600007\"}, {\"name\": \"ทดสอบ8 กรณีคู่โปรเจคข้ามชั้นปี\", \"email\": \"6404062600007@email.kmutnb.ac.th\", \"phone\": \"0999999999\", \"studentId\": 1375, \"studentCode\": \"6404062600007\"}], \"advisorName\": \"ทดสอบ อาจารย์\", \"requestDate\": \"2025-11-05\", \"coAdvisorName\": \"\", \"additionalNotes\": \"\", \"membersSnapshot\": [{\"name\": \"ทดสอบ7 กรณีคู่โปรเจคข้ามชั้นปี\", \"role\": \"member\", \"studentId\": 1374, \"studentCode\": \"6504062600007\"}, {\"name\": \"ทดสอบ8 กรณีคู่โปรเจคข้ามชั้นปี\", \"role\": \"leader\", \"studentId\": 1375, \"studentCode\": \"6404062600007\"}], \"projectSnapshot\": {\"advisorId\": 71, \"projectId\": 109, \"coAdvisorId\": null, \"projectCode\": \"PRJ2568-0105\", \"projectNameEn\": \"Test the cross-year project case\", \"projectNameTh\": \"ทดสอบ กรณีคู่โปรเจคข้ามชั้นปี\"}, \"projectSnapshotOverride\": {\"projectCode\": \"PRJ2568-0105\", \"projectNameEn\": \"Test the cross-year project case\", \"projectNameTh\": \"ทดสอบ กรณีคู่โปรเจคข้ามชั้นปี\"}}',1375,'2025-11-05 01:22:19','2025-11-05 01:22:19','2025-11-05 01:23:02',NULL,NULL,NULL,NULL,NULL,'2025-11-05 01:22:28','2025-11-05 01:23:02',727,NULL,0,NULL,NULL),(28,109,'THESIS','completed','{\"students\": [{\"name\": \"ทดสอบ7 กรณีคู่โปรเจคข้ามชั้นปี\", \"email\": \"6504062600007@email.kmutnb.ac.th\", \"phone\": \"\", \"studentId\": 1374, \"studentCode\": \"6504062600007\"}, {\"name\": \"ทดสอบ8 กรณีคู่โปรเจคข้ามชั้นปี\", \"email\": \"6404062600007@email.kmutnb.ac.th\", \"phone\": \"0999999999\", \"studentId\": 1375, \"studentCode\": \"6404062600007\"}], \"advisorName\": \"\", \"requestDate\": \"2025-11-05\", \"coAdvisorName\": \"\", \"additionalNotes\": \"\", \"membersSnapshot\": [{\"name\": \"ทดสอบ7 กรณีคู่โปรเจคข้ามชั้นปี\", \"role\": \"member\", \"studentId\": 1374, \"studentCode\": \"6504062600007\"}, {\"name\": \"ทดสอบ8 กรณีคู่โปรเจคข้ามชั้นปี\", \"role\": \"leader\", \"studentId\": 1375, \"studentCode\": \"6404062600007\"}], \"progressSummary\": \"\", \"projectSnapshot\": {\"advisorId\": 71, \"projectId\": 109, \"coAdvisorId\": null, \"projectCode\": \"PRJ2568-0105\", \"projectNameEn\": \"Test the cross-year project case\", \"projectNameTh\": \"ทดสอบ กรณีคู่โปรเจคข้ามชั้นปี\"}, \"presentationFormat\": \"\", \"systemTestSnapshot\": {\"status\": \"staff_approved\", \"evidence\": {\"url\": \"/uploads/projects/PRJ2568-0105/system-test/evidence/evidence-1762284187895.pdf\", \"name\": \"à¸«à¸¥à¸±à¸à¸à¸²à¸à¸à¸²à¸£à¸à¸£à¸°à¹à¸¡à¸´à¸ 30 à¸§à¸±à¸.pdf\", \"path\": \"projects/PRJ2568-0105/system-test/evidence/evidence-1762284187895.pdf\"}, \"requestId\": 18, \"testDueDate\": \"2025-10-31T16:59:59.000Z\", \"testStartDate\": \"2025-09-30T17:00:00.000Z\", \"staffDecidedAt\": \"2025-11-04T19:22:49.000Z\", \"evidenceSubmittedAt\": \"2025-11-04T19:23:07.000Z\"}, \"additionalMaterials\": [], \"intendedDefenseDate\": null}',1375,'2025-11-05 02:23:19','2025-11-05 02:23:19','2025-11-05 02:23:48',NULL,NULL,NULL,NULL,NULL,'2025-11-05 02:23:23','2025-11-05 02:23:35',727,NULL,0,NULL,NULL),(29,110,'PROJECT1','staff_verified','{\"students\": [{\"name\": \"ผู้ใช้งาน ทดสอบ\", \"email\": \"s6504062600010@email.kmutnb.ac.th\", \"phone\": \"\", \"studentId\": 1378, \"studentCode\": \"6504062600010\"}, {\"name\": \"ผู้ใช้งาน ทดสอบ\", \"email\": \"s6504062600011@email.kmutnb.ac.th\", \"phone\": \"\", \"studentId\": 1379, \"studentCode\": \"6504062600011\"}], \"advisorName\": \"ทดสอบ อาจารย์\", \"requestDate\": \"2025-11-05\", \"coAdvisorName\": \"\", \"additionalNotes\": \"\", \"membersSnapshot\": [{\"name\": \"ผู้ใช้งาน ทดสอบ\", \"role\": \"leader\", \"studentId\": 1378, \"studentCode\": \"6504062600010\"}, {\"name\": \"ผู้ใช้งาน ทดสอบ\", \"role\": \"member\", \"studentId\": 1379, \"studentCode\": \"6504062600011\"}], \"projectSnapshot\": {\"advisorId\": 71, \"projectId\": 110, \"coAdvisorId\": null, \"projectCode\": \"PRJ2568-0110\", \"projectNameEn\": \"Thesis test\", \"projectNameTh\": \"ทดสอบปริญญานิพนธ์\"}, \"projectSnapshotOverride\": {\"projectCode\": \"PRJ2568-0110\", \"projectNameEn\": \"Thesis test\", \"projectNameTh\": \"ทดสอบปริญญานิพนธ์\"}}',1378,'2025-11-05 17:15:24','2025-11-05 17:15:24','2025-11-05 17:15:52',NULL,NULL,NULL,NULL,NULL,'2025-11-05 17:15:29','2025-11-05 17:15:52',727,NULL,0,NULL,NULL),(30,110,'THESIS','completed','{\"students\": [{\"name\": \"ผู้ใช้งาน ทดสอบ\", \"email\": \"s6504062600010@email.kmutnb.ac.th\", \"phone\": \"\", \"studentId\": 1378, \"studentCode\": \"6504062600010\"}, {\"name\": \"ผู้ใช้งาน ทดสอบ\", \"email\": \"s6504062600011@email.kmutnb.ac.th\", \"phone\": \"\", \"studentId\": 1379, \"studentCode\": \"6504062600011\"}], \"advisorName\": \"\", \"requestDate\": \"2025-11-05\", \"coAdvisorName\": \"\", \"additionalNotes\": \"\", \"membersSnapshot\": [{\"name\": \"ผู้ใช้งาน ทดสอบ\", \"role\": \"leader\", \"studentId\": 1378, \"studentCode\": \"6504062600010\"}, {\"name\": \"ผู้ใช้งาน ทดสอบ\", \"role\": \"member\", \"studentId\": 1379, \"studentCode\": \"6504062600011\"}], \"progressSummary\": \"\", \"projectSnapshot\": {\"advisorId\": 71, \"projectId\": 110, \"coAdvisorId\": null, \"projectCode\": \"PRJ2568-0110\", \"projectNameEn\": \"Thesis test\", \"projectNameTh\": \"ทดสอบปริญญานิพนธ์\"}, \"presentationFormat\": \"\", \"systemTestSnapshot\": {\"status\": \"staff_approved\", \"evidence\": {\"url\": \"/uploads/projects/PRJ2568-0110/system-test/evidence/evidence-1762337808040.pdf\", \"name\": \"à¸«à¸¥à¸±à¸à¸à¸²à¸à¸à¸²à¸£à¸à¸£à¸°à¹à¸¡à¸´à¸ 30 à¸§à¸±à¸.pdf\", \"path\": \"projects/PRJ2568-0110/system-test/evidence/evidence-1762337808040.pdf\"}, \"requestId\": 19, \"testDueDate\": \"2025-10-31T16:59:59.000Z\", \"testStartDate\": \"2025-09-30T17:00:00.000Z\", \"staffDecidedAt\": \"2025-11-05T10:16:35.000Z\", \"evidenceSubmittedAt\": \"2025-11-05T10:16:48.000Z\"}, \"additionalMaterials\": [], \"intendedDefenseDate\": null}',1378,'2025-11-05 17:20:45','2025-11-05 17:20:45','2025-11-05 17:21:35',NULL,NULL,NULL,NULL,NULL,'2025-11-05 17:20:50','2025-11-05 17:21:00',727,NULL,0,NULL,NULL),(31,111,'PROJECT1','advisor_approved','{\"students\": [{\"name\": \"ผู้ใช้งาน กรณีมีที่ปรึกษาร่วม\", \"email\": \"s6504062600008@email.kmutnb.ac.th\", \"phone\": \"\", \"studentId\": 1376, \"studentCode\": \"6504062600008\"}, {\"name\": \"ผู้ใช้งาน กรณีมีที่ปรึกษาร่วม\", \"email\": \"s6504062600009@email.kmutnb.ac.th\", \"phone\": \"\", \"studentId\": 1377, \"studentCode\": \"6504062600009\"}], \"advisorName\": \"ทดสอบ อาจารย์\", \"requestDate\": \"2025-11-05\", \"coAdvisorName\": \"\", \"additionalNotes\": \"\", \"membersSnapshot\": [{\"name\": \"ผู้ใช้งาน กรณีมีที่ปรึกษาร่วม\", \"role\": \"leader\", \"studentId\": 1376, \"studentCode\": \"6504062600008\"}, {\"name\": \"ผู้ใช้งาน กรณีมีที่ปรึกษาร่วม\", \"role\": \"member\", \"studentId\": 1377, \"studentCode\": \"6504062600009\"}], \"projectSnapshot\": {\"advisorId\": 71, \"projectId\": 111, \"coAdvisorId\": 72, \"projectCode\": \"PRJ2568-0111\", \"projectNameEn\": \"Test with a co-advisor\", \"projectNameTh\": \"ทดสอบมีที่ปรึกษาร่วม\"}, \"projectSnapshotOverride\": {\"projectCode\": \"PRJ2568-0111\", \"projectNameEn\": \"Test with a co-advisor\", \"projectNameTh\": \"ทดสอบมีที่ปรึกษาร่วม\"}}',1377,'2025-11-05 18:10:53','2025-11-05 18:10:53','2025-11-05 20:21:52',NULL,NULL,NULL,NULL,NULL,'2025-11-05 20:21:52',NULL,NULL,NULL,0,NULL,NULL),(32,104,'THESIS','advisor_in_review','{\"students\": [{\"name\": \"ทดสอบ5 โครงานพิเศษ2\", \"email\": \"6504062600005@email.kmutnb.ac.th\", \"phone\": \"\", \"studentId\": 1372, \"studentCode\": \"6504062600005\"}, {\"name\": \"ทดสอบ6 โครงานพิเศษ2\", \"email\": \"6504062600006@email.kmutnb.ac.th\", \"phone\": \"\", \"studentId\": 1373, \"studentCode\": \"6504062600006\"}], \"advisorName\": \"\", \"requestDate\": \"2025-11-05\", \"coAdvisorName\": \"\", \"additionalNotes\": \"\", \"membersSnapshot\": [{\"name\": \"ทดสอบ5 โครงานพิเศษ2\", \"role\": \"leader\", \"studentId\": 1372, \"studentCode\": \"6504062600005\"}, {\"name\": \"ทดสอบ6 โครงานพิเศษ2\", \"role\": \"member\", \"studentId\": 1373, \"studentCode\": \"6504062600006\"}], \"progressSummary\": \"\", \"projectSnapshot\": {\"advisorId\": 71, \"projectId\": 104, \"coAdvisorId\": null, \"projectCode\": \"PRJ2568-0104\", \"projectNameEn\": \"Special Project 2\", \"projectNameTh\": \"ทดสอบโครงานพิเศษ 2\"}, \"presentationFormat\": \"\", \"systemTestSnapshot\": {\"status\": \"staff_approved\", \"evidence\": {\"url\": \"/uploads/projects/PRJ2568-0104/system-test/evidence/evidence-1762108753147.pdf\", \"name\": \"à¸«à¸¥à¸±à¸à¸à¸²à¸à¸à¸²à¸£à¸à¸£à¸°à¹à¸¡à¸´à¸ 30 à¸§à¸±à¸.pdf\", \"path\": \"projects/PRJ2568-0104/system-test/evidence/evidence-1762108753147.pdf\"}, \"requestId\": 16, \"testDueDate\": \"2025-10-31T16:59:59.000Z\", \"testStartDate\": \"2025-09-30T17:00:00.000Z\", \"staffDecidedAt\": \"2025-11-02T18:36:43.000Z\", \"evidenceSubmittedAt\": \"2025-11-02T18:39:13.000Z\"}, \"additionalMaterials\": [], \"intendedDefenseDate\": null}',1373,'2025-11-05 23:08:23','2025-11-05 23:08:24','2025-11-05 23:08:24',NULL,NULL,NULL,NULL,NULL,NULL,NULL,NULL,NULL,0,NULL,NULL),(33,75,'THESIS','advisor_in_review','{\"students\": [{\"name\": \"ชินกฤต ศรีป่าน\", \"email\": \"s6404062630295@email.kmutnb.ac.th\", \"phone\": \"0946650259\", \"studentId\": 1006, \"studentCode\": \"6404062630295\"}, {\"name\": \"นิวัฒน์ เสียงใส\", \"email\": \"s6404062610294@email.kmutnb.ac.th\", \"phone\": \"0934357945\", \"studentId\": 1007, \"studentCode\": \"6404062610294\"}], \"advisorName\": \"\", \"requestDate\": \"2025-11-10\", \"coAdvisorName\": \"\", \"additionalNotes\": \"\", \"membersSnapshot\": [{\"name\": \"ชินกฤต ศรีป่าน\", \"role\": \"leader\", \"studentId\": 1006, \"studentCode\": \"6404062630295\"}, {\"name\": \"นิวัฒน์ เสียงใส\", \"role\": \"member\", \"studentId\": 1007, \"studentCode\": \"6404062610294\"}], \"progressSummary\": \"\", \"projectSnapshot\": {\"advisorId\": 58, \"projectId\": 75, \"coAdvisorId\": null, \"projectCode\": \"PRJ2568-0075\", \"projectNameEn\": \"CSLogbook\", \"projectNameTh\": \"ระบบสมุดบันทึกติดตามฝึกงานโครงงานพิเศษและปริญญานิพนธ์\"}, \"presentationFormat\": \"\", \"systemTestSnapshot\": {\"status\": \"staff_approved\", \"evidence\": {\"url\": \"/uploads/projects/PRJ2568-0075/system-test/evidence/evidence-1762746756410.pdf\", \"name\": \"à¸à¸¥à¸à¸à¸ªà¸­à¸à¸­à¸²à¸à¸²à¸£à¸¢à¹à¸à¸±à¸à¸¨à¸¶à¸à¸©à¸².pdf\", \"path\": \"projects/PRJ2568-0075/system-test/evidence/evidence-1762746756410.pdf\"}, \"requestId\": 23, \"testDueDate\": \"2025-10-31T16:59:59.000Z\", \"testStartDate\": \"2025-09-28T17:00:00.000Z\", \"staffDecidedAt\": \"2025-11-10T03:52:16.000Z\", \"evidenceSubmittedAt\": \"2025-11-10T03:52:36.000Z\"}, \"additionalMaterials\": [], \"intendedDefenseDate\": null}',1006,'2025-11-10 10:53:02','2025-11-10 10:53:02','2025-11-10 10:53:02',NULL,NULL,NULL,NULL,NULL,NULL,NULL,NULL,NULL,0,NULL,NULL);
/*!40000 ALTER TABLE `project_defense_requests` ENABLE KEYS */;
UNLOCK TABLES;

--
-- Table structure for table `project_documents`
--

DROP TABLE IF EXISTS `project_documents`;
/*!40101 SET @saved_cs_client     = @@character_set_client */;
/*!50503 SET character_set_client = utf8mb4 */;
CREATE TABLE `project_documents` (
  `project_id` int NOT NULL AUTO_INCREMENT,
  `document_id` int DEFAULT NULL,
  `project_name_th` varchar(255) DEFAULT NULL,
  `project_name_en` varchar(255) DEFAULT NULL,
  `project_type` enum('govern','private','research') DEFAULT NULL,
  `track` varchar(100) DEFAULT NULL,
  `advisor_id` int DEFAULT NULL,
  `co_advisor_id` int DEFAULT NULL,
  `created_at` timestamp NULL DEFAULT CURRENT_TIMESTAMP,
  `updated_at` timestamp NULL DEFAULT CURRENT_TIMESTAMP ON UPDATE CURRENT_TIMESTAMP,
  `status` enum('draft','advisor_assigned','in_progress','completed','archived','cancelled') NOT NULL DEFAULT 'draft',
  `academic_year` int DEFAULT NULL,
  `semester` tinyint DEFAULT NULL,
  `created_by_student_id` int DEFAULT NULL,
  `project_code` varchar(30) DEFAULT NULL,
  `archived_at` datetime DEFAULT NULL,
  `objective` text,
  `background` text,
  `scope` text,
  `expected_outcome` text,
  `benefit` text,
  `methodology` text,
  `tools` text,
  `timeline_note` text,
  `risk` text,
  `constraints` text,
  `exam_result` enum('passed','failed') DEFAULT NULL,
  `exam_fail_reason` text,
  `exam_result_at` datetime DEFAULT NULL,
  `student_acknowledged_at` datetime DEFAULT NULL,
  `submitted_late` tinyint(1) NOT NULL DEFAULT '0' COMMENT 'ส่งงานหลังเวลากำหนดหรือไม่',
  `submission_delay_minutes` int DEFAULT NULL COMMENT 'จำนวนนาทีที่ส่งช้า (null = ส่งทันหรือไม่ได้ track)',
  `important_deadline_id` int DEFAULT NULL COMMENT 'เชื่อมโยงกับ deadline ที่ใช้ตรวจสอบ',
  PRIMARY KEY (`project_id`),
  UNIQUE KEY `document_id` (`document_id`),
  UNIQUE KEY `project_code` (`project_code`),
  KEY `fk_project_advisor` (`advisor_id`),
  KEY `fk_project_co_advisor` (`co_advisor_id`),
  KEY `idx_project_name` (`project_name_th`),
  KEY `idx_project_type` (`project_type`),
  KEY `project_documents_created_by_student_id_foreign_idx` (`created_by_student_id`),
  KEY `idx_project_documents_submitted_late` (`submitted_late`),
  KEY `idx_project_documents_deadline_id` (`important_deadline_id`),
  CONSTRAINT `fk_project_document` FOREIGN KEY (`document_id`) REFERENCES `documents` (`document_id`) ON DELETE CASCADE,
  CONSTRAINT `fk_project_documents_advisor_teacher` FOREIGN KEY (`advisor_id`) REFERENCES `teachers` (`teacher_id`) ON DELETE SET NULL ON UPDATE CASCADE,
  CONSTRAINT `fk_project_documents_co_advisor_teacher` FOREIGN KEY (`co_advisor_id`) REFERENCES `teachers` (`teacher_id`) ON DELETE SET NULL ON UPDATE CASCADE,
  CONSTRAINT `project_documents_created_by_student_id_foreign_idx` FOREIGN KEY (`created_by_student_id`) REFERENCES `students` (`student_id`) ON DELETE SET NULL ON UPDATE CASCADE,
  CONSTRAINT `project_documents_important_deadline_id_foreign_idx` FOREIGN KEY (`important_deadline_id`) REFERENCES `important_deadlines` (`id`) ON DELETE SET NULL ON UPDATE CASCADE
) ENGINE=InnoDB AUTO_INCREMENT=112 DEFAULT CHARSET=utf8mb4 COLLATE=utf8mb4_0900_ai_ci;
/*!40101 SET character_set_client = @saved_cs_client */;

--
-- Dumping data for table `project_documents`
--

LOCK TABLES `project_documents` WRITE;
/*!40000 ALTER TABLE `project_documents` DISABLE KEYS */;
INSERT INTO `project_documents` VALUES (54,NULL,'ระบบจัดการสถาบันการเรียนและแอปนักเรียนสำหรับ Maths Wisdom',NULL,NULL,NULL,63,NULL,'2025-10-13 22:52:33','2025-10-15 06:30:33','in_progress',2568,1,784,'PRJ2568-0054',NULL,NULL,NULL,NULL,NULL,NULL,NULL,NULL,NULL,NULL,NULL,'passed',NULL,'2025-10-14 05:52:33',NULL,0,NULL,NULL),(55,NULL,'ระบบจัดการสินทรัพย์องค์กรอัจฉริยะ ที่ออกแบบมาเพื่ออนาคตของทุกองค์กร',NULL,NULL,NULL,47,NULL,'2025-10-13 22:53:53','2025-10-13 22:53:53','in_progress',2568,1,724,'PRJ2568-0055',NULL,NULL,NULL,NULL,NULL,NULL,NULL,NULL,NULL,NULL,NULL,'passed',NULL,'2025-10-14 05:53:53',NULL,0,NULL,NULL),(56,NULL,'ระบบเก็บสกิลคูลๆ',NULL,NULL,NULL,55,NULL,'2025-10-13 22:54:56','2025-10-13 22:54:56','in_progress',2568,1,772,'PRJ2568-0056',NULL,NULL,NULL,NULL,NULL,NULL,NULL,NULL,NULL,NULL,NULL,'passed',NULL,'2025-10-14 05:54:56',NULL,0,NULL,NULL),(57,NULL,'ระบบการตรวจสอบอุปกรณ์ในเน็ตเวิกต์อัตโนมัติโดยใช้ AI ตรวจสอบและวิเคราะห์',NULL,NULL,NULL,41,NULL,'2025-10-13 23:00:13','2025-10-13 23:00:13','in_progress',2568,1,730,'PRJ2568-0057',NULL,NULL,NULL,NULL,NULL,NULL,NULL,NULL,NULL,NULL,NULL,'passed',NULL,'2025-10-14 06:00:13',NULL,0,NULL,NULL),(58,NULL,'ระบบควบคุมและจัดการเครือข่ายแบบรวมศูนย์',NULL,NULL,NULL,63,64,'2025-10-13 23:02:07','2025-10-13 23:02:07','in_progress',2568,1,718,'PRJ2568-0058',NULL,NULL,NULL,NULL,NULL,NULL,NULL,NULL,NULL,NULL,NULL,'passed',NULL,'2025-10-14 06:02:07',NULL,0,NULL,NULL),(59,NULL,'เทสเตอร์เลส',NULL,NULL,NULL,54,44,'2025-10-13 23:03:56','2025-10-13 23:03:56','in_progress',2568,1,687,'PRJ2568-0059',NULL,NULL,NULL,NULL,NULL,NULL,NULL,NULL,NULL,NULL,NULL,'passed',NULL,'2025-10-14 06:03:56',NULL,0,NULL,NULL),(60,NULL,'ระบบจัดการข้อสอบเพื่อหน่วยงานด้านความยุติธรรม',NULL,NULL,NULL,45,NULL,'2025-10-13 23:10:35','2025-10-13 23:10:35','in_progress',2568,1,767,'PRJ2568-0060',NULL,NULL,NULL,NULL,NULL,NULL,NULL,NULL,NULL,NULL,NULL,'passed',NULL,'2025-10-14 06:10:35',NULL,0,NULL,NULL),(61,NULL,'ระบบช่วยเหลือผู้ป่วยผ่านการสื่อสารด้วยสายตา',NULL,NULL,NULL,46,NULL,'2025-10-13 23:11:04','2025-10-13 23:11:04','in_progress',2568,1,759,'PRJ2568-0061',NULL,NULL,NULL,NULL,NULL,NULL,NULL,NULL,NULL,NULL,NULL,'passed',NULL,'2025-10-14 06:11:04',NULL,0,NULL,NULL),(62,NULL,'ระบบเว็บไซต์ขายตู้แช่ และบริการหลังการขาย',NULL,NULL,NULL,60,NULL,'2025-10-13 23:11:38','2025-10-13 23:11:38','in_progress',2568,1,778,'PRJ2568-0062',NULL,NULL,NULL,NULL,NULL,NULL,NULL,NULL,NULL,NULL,NULL,'passed',NULL,'2025-10-14 06:11:38',NULL,0,NULL,NULL),(63,NULL,'ระบบตรวจจับ Phishing Email',NULL,NULL,NULL,53,56,'2025-10-13 23:14:22','2025-10-13 23:14:22','in_progress',2568,1,744,'PRJ2568-0063',NULL,NULL,NULL,NULL,NULL,NULL,NULL,NULL,NULL,NULL,NULL,'passed',NULL,'2025-10-14 06:14:22',NULL,0,NULL,NULL),(64,NULL,'ระบบสื่อจัดการสอนออนไลน์และผู้ช่วย AI Chat Bot สำหรับอาจารย์',NULL,NULL,NULL,57,56,'2025-10-13 23:19:04','2025-10-13 23:19:04','in_progress',2568,1,710,'PRJ2568-0064',NULL,NULL,NULL,NULL,NULL,NULL,NULL,NULL,NULL,NULL,NULL,'passed',NULL,'2025-10-14 06:19:04',NULL,0,NULL,NULL),(65,NULL,'ระบบจัดการงานเหล็กครบวงจร',NULL,NULL,NULL,50,NULL,'2025-10-13 23:19:58','2025-10-13 23:19:58','in_progress',2568,1,692,'PRJ2568-0065',NULL,NULL,NULL,NULL,NULL,NULL,NULL,NULL,NULL,NULL,NULL,'passed',NULL,'2025-10-14 06:19:58',NULL,0,NULL,NULL),(66,NULL,'ระบบจัดการอะพาร์ตเมนต์',NULL,NULL,NULL,62,NULL,'2025-10-13 23:21:01','2025-10-13 23:21:01','in_progress',2568,1,774,'PRJ2568-0066',NULL,NULL,NULL,NULL,NULL,NULL,NULL,NULL,NULL,NULL,NULL,'passed',NULL,'2025-10-14 06:21:01',NULL,0,NULL,NULL),(67,NULL,'เว็บแอปพลิเคชันการตรวจเช็คสภาพระบบก๊าซทางการแพทย์',NULL,NULL,NULL,58,NULL,'2025-10-13 23:21:33','2025-10-13 23:21:33','in_progress',2568,1,764,'PRJ2568-0067',NULL,NULL,NULL,NULL,NULL,NULL,NULL,NULL,NULL,NULL,NULL,'passed',NULL,'2025-10-14 06:21:33',NULL,0,NULL,NULL),(68,NULL,'โครงการพัฒนาเว็บไซต์ภาควิชาคอมพิวเตอร์และสารสนเทศ โดยมี Chatbot AI ช่วยตอบคำถาม',NULL,NULL,NULL,56,53,'2025-10-13 23:24:57','2025-10-13 23:24:57','in_progress',2568,1,716,'PRJ2568-0068',NULL,NULL,NULL,NULL,NULL,NULL,NULL,NULL,NULL,NULL,NULL,'passed',NULL,'2025-10-14 06:24:57',NULL,0,NULL,NULL),(69,NULL,'เทคโนโลยีเกษตรอัจฉริยะเพื่อเพิ่มประสิทธิภาพการบริหารจัดการแปลงนา',NULL,NULL,NULL,51,NULL,'2025-10-13 23:25:39','2025-10-13 23:25:39','in_progress',2568,1,725,'PRJ2568-0069',NULL,NULL,NULL,NULL,NULL,NULL,NULL,NULL,NULL,NULL,NULL,'passed',NULL,'2025-10-14 06:25:39',NULL,0,NULL,NULL),(70,NULL,'ระบบเบิกจ่ายอุปกรณ์เพื่อซ่อมบำรุง',NULL,NULL,NULL,60,NULL,'2025-10-13 23:26:20','2025-10-13 23:26:20','in_progress',2568,1,804,'PRJ2568-0070',NULL,NULL,NULL,NULL,NULL,NULL,NULL,NULL,NULL,NULL,NULL,'passed',NULL,'2025-10-14 06:26:20',NULL,0,NULL,NULL),(71,NULL,'ระบบสร้างเอกสารอัจฉริยะ',NULL,NULL,NULL,45,NULL,'2025-10-13 23:26:56','2025-10-13 23:26:56','in_progress',2568,1,745,'PRJ2568-0071',NULL,NULL,NULL,NULL,NULL,NULL,NULL,NULL,NULL,NULL,NULL,'passed',NULL,'2025-10-14 06:26:56',NULL,0,NULL,NULL),(72,NULL,'สุ่มเลี้ยงไก่ชนอัจฉริยะ',NULL,NULL,NULL,51,NULL,'2025-10-13 23:27:58','2025-10-13 23:27:58','in_progress',2568,1,788,'PRJ2568-0072',NULL,NULL,NULL,NULL,NULL,NULL,NULL,NULL,NULL,NULL,NULL,'passed',NULL,'2025-10-14 06:27:58',NULL,0,NULL,NULL),(73,NULL,'ER-Warn: ระบบเฝ้าระวังและแจ้งเตือนผู้ป่วยฉุกเฉินแบบเรียลไทม์',NULL,NULL,NULL,64,63,'2025-10-13 23:28:38','2025-10-13 23:28:38','in_progress',2568,1,787,'PRJ2568-0073',NULL,NULL,NULL,NULL,NULL,NULL,NULL,NULL,NULL,NULL,NULL,'passed',NULL,'2025-10-14 06:28:38',NULL,0,NULL,NULL),(74,NULL,'ระบบนัดหมายโรงพยาบาลผ่าน LINE OA',NULL,NULL,NULL,50,NULL,'2025-10-13 23:29:12','2025-10-13 23:29:12','in_progress',2568,1,796,'PRJ2568-0074',NULL,NULL,NULL,NULL,NULL,NULL,NULL,NULL,NULL,NULL,NULL,'passed',NULL,'2025-10-14 06:29:12',NULL,0,NULL,NULL),(75,NULL,'ระบบสมุดบันทึกติดตามฝึกงานโครงงานพิเศษและปริญญานิพนธ์','CSLogbook','private','WEBMOBILE',58,NULL,'2025-10-14 08:07:59','2025-10-23 19:54:35','in_progress',2568,1,1006,'PRJ2568-0075',NULL,'ระบบสามารถใช้ในการจัดการดูแลนักศึกษาฝึกงานของภาควิชาวิทยาการคอมพิวเตอร์และสารสนเทศ คณะวิทยาการศาสตร์ประยุกต์ มหาวิทยาลัยเทคโนโลยีพระจอมเกล้าพระนครเหนือ\n','ในปัจจุบัน การพัฒนาทักษะวิชาการและการจัดการงานเป็นสิ่งสำคัญสำหรับนักศึกษามหาวิทยาลัย โดยเฉพาะในสาขาวิทยาการคอมพิวเตอร์และสารสนเทศ โครงงานนี้มีจุดมุ่งหมายเพื่อช่วยนักศึกษาในการจัดการการฝึกงานและติดตามความก้าวหน้าของโครงงานพิเศษได้อย่างมีประสิทธิภาพ ซึ่งจะทำให้นักศึกษาสามารถสำเร็จการศึกษาได้ตามเป้าหมายที่วางไว้',NULL,NULL,NULL,NULL,NULL,NULL,NULL,NULL,'passed',NULL,'2025-10-24 02:54:35',NULL,0,NULL,NULL),(76,NULL,'ระบบทำนายสถานที่ตรวจสุขภาพที่เหมาะสมด้วย Machine Learning',NULL,NULL,NULL,59,NULL,'2025-10-15 02:42:30','2025-10-15 02:42:30','in_progress',2568,1,1035,'PRJ2568-0076',NULL,NULL,NULL,NULL,NULL,NULL,NULL,NULL,NULL,NULL,NULL,'passed',NULL,'2025-10-15 09:42:30',NULL,0,NULL,NULL),(77,NULL,'ระบบติดตามการฝึกงานสำหรับนักศึกษา',NULL,NULL,NULL,58,NULL,'2025-10-15 04:37:13','2025-10-15 04:37:13','in_progress',2568,1,1022,'PRJ2568-0077',NULL,NULL,NULL,NULL,NULL,NULL,NULL,NULL,NULL,NULL,NULL,'passed',NULL,'2025-10-15 11:37:13',NULL,0,NULL,NULL),(79,NULL,'ระบบแบ่งบิลมื้ออาหาร',NULL,NULL,NULL,60,NULL,'2025-10-15 06:13:09','2025-10-15 06:13:09','in_progress',2568,1,1045,'PRJ2568-0078',NULL,NULL,NULL,NULL,NULL,NULL,NULL,NULL,NULL,NULL,NULL,'passed',NULL,'2025-10-15 13:13:09',NULL,0,NULL,NULL),(80,NULL,'โค้ดอะเวคเคินส์',NULL,NULL,NULL,58,NULL,'2025-10-15 06:14:07','2025-10-15 06:14:07','in_progress',2568,1,785,'PRJ2568-0080',NULL,NULL,NULL,NULL,NULL,NULL,NULL,NULL,NULL,NULL,NULL,'passed',NULL,'2025-10-15 13:14:07',NULL,0,NULL,NULL),(81,NULL,'ระบบผู้ช่วยอัจฉริยะสำหรับศูนย์บริการลูกค้า','AI agent ',NULL,NULL,46,NULL,'2025-10-15 06:16:46','2025-10-15 06:16:46','in_progress',2568,1,1049,'PRJ2568-0081',NULL,NULL,NULL,NULL,NULL,NULL,NULL,NULL,NULL,NULL,NULL,'passed',NULL,'2025-10-15 13:16:46',NULL,0,NULL,NULL),(82,NULL,'ระบบจัดการข้อมูลโครงข่ายสถานีฐาน GNSS',NULL,NULL,NULL,45,NULL,'2025-10-15 06:19:21','2025-10-15 06:19:21','in_progress',2568,1,1018,'PRJ2568-0082',NULL,NULL,NULL,NULL,NULL,NULL,NULL,NULL,NULL,NULL,NULL,'passed',NULL,'2025-10-15 13:19:21',NULL,0,NULL,NULL),(83,NULL,'ระบบแนะนำการท่องเที่ยวปราสาทโบราณตามแนวชายแดนโดยใช้ฐานข้อมูลเวกเตอร์',NULL,NULL,NULL,61,NULL,'2025-10-15 06:20:51','2025-10-15 06:20:51','in_progress',2568,1,720,'PRJ2568-0083',NULL,NULL,NULL,NULL,NULL,NULL,NULL,NULL,NULL,NULL,NULL,'passed',NULL,'2025-10-15 13:20:51',NULL,0,NULL,NULL),(84,NULL,'ผู้โดยสารแห่งชีวิต:จุดหมายอันเงียบงัน',NULL,NULL,NULL,57,NULL,'2025-10-15 06:23:25','2025-10-15 06:23:25','in_progress',2568,1,1015,'PRJ2568-0084',NULL,NULL,NULL,NULL,NULL,NULL,NULL,NULL,NULL,NULL,NULL,'passed',NULL,'2025-10-15 13:23:25',NULL,0,NULL,NULL),(85,NULL,'อินฟินิตี้เฮลธ์',NULL,NULL,NULL,62,NULL,'2025-10-15 06:41:31','2025-10-15 06:41:31','in_progress',2568,1,1041,'PRJ2568-0085',NULL,NULL,NULL,NULL,NULL,NULL,NULL,NULL,NULL,NULL,NULL,'passed',NULL,'2025-10-15 13:41:31',NULL,0,NULL,NULL),(87,NULL,'ปฏิทินอัจริยะ',NULL,NULL,NULL,41,NULL,'2025-10-15 06:50:13','2025-10-15 06:50:13','in_progress',2568,1,1060,'PRJ2568-0086',NULL,NULL,NULL,NULL,NULL,NULL,NULL,NULL,NULL,NULL,NULL,'passed',NULL,'2025-10-15 13:50:13',NULL,0,NULL,NULL),(88,NULL,'ที่ไหนคือ-ระบบนำทางภายใน มจพ.',NULL,NULL,NULL,52,54,'2025-10-15 06:51:21','2025-10-15 06:51:21','in_progress',2568,1,795,'PRJ2568-0088',NULL,NULL,NULL,NULL,NULL,NULL,NULL,NULL,NULL,NULL,NULL,'passed',NULL,'2025-10-15 13:51:21',NULL,0,NULL,NULL),(89,NULL,'แพลตฟอร์มช่วยนำแอพลิเคชันเข้าสู่ระบบ',NULL,NULL,NULL,48,NULL,'2025-10-15 06:53:46','2025-10-15 06:53:46','in_progress',2568,1,1088,'PRJ2568-0089',NULL,NULL,NULL,NULL,NULL,NULL,NULL,NULL,NULL,NULL,NULL,'passed',NULL,'2025-10-15 13:53:46',NULL,0,NULL,NULL),(90,NULL,'ระบบควบคุมฟาร์มอัจฉริยะ พร้อมให้คำแนะนำด้วย AI',NULL,NULL,NULL,52,NULL,'2025-10-15 07:03:25','2025-10-15 07:03:25','in_progress',2568,1,1087,'PRJ2568-0090',NULL,NULL,NULL,NULL,NULL,NULL,NULL,NULL,NULL,NULL,NULL,'passed',NULL,'2025-10-15 14:03:25',NULL,0,NULL,NULL),(91,NULL,'ระบบจัดการคำสั่งซื้อและแนะนำสินค้าอัจฉริยะสำหรับร้านดอกไม้',NULL,NULL,NULL,52,NULL,'2025-10-15 07:06:19','2025-10-15 07:06:19','in_progress',2568,1,1077,'PRJ2568-0091',NULL,NULL,NULL,NULL,NULL,NULL,NULL,NULL,NULL,NULL,NULL,'passed',NULL,'2025-10-15 14:06:19',NULL,0,NULL,NULL),(92,NULL,'ระบบติดต่อซื้อขายสินค้าและชิ้นงานเชิงวิศวกรรม',NULL,NULL,NULL,44,NULL,'2025-10-15 07:09:34','2025-10-15 07:09:34','in_progress',2568,1,1135,'PRJ2568-0092',NULL,NULL,NULL,NULL,NULL,NULL,NULL,NULL,NULL,NULL,NULL,'passed',NULL,'2025-10-15 14:09:34',NULL,0,NULL,NULL),(93,NULL,'มิกซ์มี-ระบบเครื่องผสมเครื่องดื่มอัตโนมัติแบบปรับสูตรได้ พร้อมระบบจัดการผ่านเว็บแอปพลิเคชัน',NULL,NULL,NULL,52,NULL,'2025-10-15 07:10:55','2025-10-15 07:10:55','in_progress',2568,1,704,'PRJ2568-0093',NULL,NULL,NULL,NULL,NULL,NULL,NULL,NULL,NULL,NULL,NULL,'passed',NULL,'2025-10-15 14:10:55',NULL,0,NULL,NULL),(94,NULL,'CarbonEcho carbon accounting platform (CSB)','CarbonEcho carbon accounting platform (CSB)',NULL,NULL,63,NULL,'2025-10-25 16:32:00','2025-10-27 06:04:55','in_progress',2568,1,1068,'PRJ2568-0094',NULL,NULL,NULL,NULL,NULL,NULL,NULL,NULL,NULL,NULL,NULL,'passed',NULL,'2025-10-27 13:04:55',NULL,0,NULL,NULL),(95,NULL,'สแกนหน้าเช็คชื่อ',NULL,NULL,NULL,63,NULL,'2025-10-25 16:59:27','2025-10-25 16:59:27','in_progress',2568,1,1050,'PRJ2568-0095',NULL,NULL,NULL,NULL,NULL,NULL,NULL,NULL,NULL,NULL,NULL,'passed',NULL,'2025-10-25 23:59:27',NULL,0,NULL,NULL),(97,NULL,'เว็บไซต์อบรมความตระหนักทางด้านความมั่นคงในโลกไซเบอร์','Security Awareness Training',NULL,NULL,53,56,'2025-10-25 18:43:22','2025-10-25 18:43:22','in_progress',2568,1,1024,'PRJ2568-0096',NULL,NULL,NULL,NULL,NULL,NULL,NULL,NULL,NULL,NULL,NULL,'passed',NULL,'2025-10-26 01:43:22',NULL,0,NULL,NULL),(98,NULL,'ขวดแลกยิ้ม (ตู้แยกขวดและกระป๋องกึ่งอัตโนมัติ)',NULL,NULL,NULL,63,64,'2025-10-28 16:40:20','2025-10-29 13:33:22','in_progress',2568,1,1014,'PRJ2568-0098',NULL,NULL,NULL,NULL,NULL,NULL,NULL,NULL,NULL,NULL,NULL,'passed',NULL,'2025-10-29 20:33:22',NULL,0,NULL,NULL),(99,NULL,'ระบบจัดการเพาะเห็ดนางฟ้าภูฐาน',NULL,NULL,NULL,51,NULL,'2025-10-28 16:58:34','2025-10-28 16:58:34','in_progress',2568,1,1011,'PRJ2568-0099',NULL,NULL,NULL,NULL,NULL,NULL,NULL,NULL,NULL,NULL,NULL,'passed',NULL,'2025-10-28 23:58:34',NULL,0,NULL,NULL),(100,NULL,'ระบบบริหารจัดการครุภัณฑ์ภายในสำนักงาน','Asset managment system','govern','WEBMOBILE',61,NULL,'2025-10-30 16:36:26','2025-10-30 16:38:55','in_progress',2568,1,1034,'PRJ2568-0100',NULL,NULL,NULL,NULL,NULL,NULL,NULL,NULL,NULL,NULL,NULL,'passed',NULL,'2025-10-30 23:38:55',NULL,0,NULL,NULL),(102,NULL,'ทดสอบโครงงานพิเศษ 1','Special Project 1','govern','AI',71,NULL,'2025-11-02 15:39:42','2025-11-02 18:40:50','in_progress',2568,1,1368,'PRJ2568-0101',NULL,'เป้าหมาย','เหตุผล ความสำคัญ','ขอบเขต','ผลลัพธ์ที่คาดหวัง','ประโยชน์ที่จะได้รับ','กระบวนการ','เครื่องมือ','กำหนดการย่อ',NULL,NULL,'passed',NULL,'2025-11-02 22:41:06',NULL,0,NULL,NULL),(103,NULL,'ขอทดสอบระบบ','system test',NULL,NULL,71,NULL,'2025-11-02 16:49:14','2025-11-02 17:28:50','in_progress',2568,1,1370,'PRJ2568-0103',NULL,NULL,NULL,NULL,NULL,NULL,NULL,NULL,NULL,NULL,NULL,'passed',NULL,'2025-11-03 00:28:50',NULL,0,NULL,NULL),(104,NULL,'ทดสอบโครงานพิเศษ 2','Special Project 2',NULL,NULL,71,NULL,'2025-11-02 17:41:22','2025-11-02 18:40:50','in_progress',2568,1,1372,'PRJ2568-0104',NULL,NULL,NULL,NULL,NULL,NULL,NULL,NULL,NULL,NULL,NULL,'passed',NULL,'2025-11-03 01:29:00',NULL,0,NULL,NULL),(109,160,'ทดสอบ กรณีคู่โปรเจคข้ามชั้นปี','Test the cross-year project case','govern','WEBMOBILE',71,NULL,'2025-11-04 18:03:53','2025-11-05 10:22:09','completed',2568,1,1375,'PRJ2568-0105',NULL,'เป้าหมาย','ที่มา / เหตุผล',NULL,NULL,'เป้าหมาย',NULL,NULL,NULL,NULL,NULL,'passed',NULL,'2025-11-05 02:23:48',NULL,0,NULL,NULL),(110,NULL,'ทดสอบปริญญานิพนธ์','Thesis test','govern',NULL,71,NULL,'2025-11-05 10:08:03','2025-11-05 10:21:35','in_progress',2568,1,1378,'PRJ2568-0110',NULL,'ที่มา / เหตุผล','ที่มา / เหตุผล',NULL,NULL,'ที่มา / เหตุผล',NULL,NULL,NULL,NULL,NULL,'passed',NULL,'2025-11-05 17:21:35',NULL,0,NULL,NULL),(111,NULL,'ทดสอบมีที่ปรึกษาร่วม','Test with a co-advisor','govern',NULL,71,72,'2025-11-05 10:24:52','2025-11-05 11:06:42','in_progress',2568,1,1376,'PRJ2568-0111',NULL,'เนื้อเป้าหมาย','เนื้อหาที่มา / เหตุผล',NULL,NULL,'เนื้อหาประโยชน์ที่จะได้รับ',NULL,NULL,NULL,NULL,NULL,'passed',NULL,'2025-11-05 17:40:12',NULL,0,NULL,NULL);
/*!40000 ALTER TABLE `project_documents` ENABLE KEYS */;
UNLOCK TABLES;

--
-- Table structure for table `project_events`
--

DROP TABLE IF EXISTS `project_events`;
/*!40101 SET @saved_cs_client     = @@character_set_client */;
/*!50503 SET character_set_client = utf8mb4 */;
CREATE TABLE `project_events` (
  `event_id` int NOT NULL AUTO_INCREMENT,
  `project_id` int NOT NULL,
  `event_type` varchar(80) NOT NULL,
  `actor_role` varchar(40) DEFAULT NULL,
  `actor_user_id` int DEFAULT NULL,
  `meta_json` json DEFAULT NULL,
  `created_at` datetime DEFAULT CURRENT_TIMESTAMP,
  PRIMARY KEY (`event_id`),
  KEY `project_events_project_id_event_type` (`project_id`,`event_type`),
  KEY `project_events_created_at` (`created_at`),
  CONSTRAINT `project_events_ibfk_1` FOREIGN KEY (`project_id`) REFERENCES `project_documents` (`project_id`) ON DELETE CASCADE
) ENGINE=InnoDB DEFAULT CHARSET=utf8mb4 COLLATE=utf8mb4_0900_ai_ci;
/*!40101 SET character_set_client = @saved_cs_client */;

--
-- Dumping data for table `project_events`
--

LOCK TABLES `project_events` WRITE;
/*!40000 ALTER TABLE `project_events` DISABLE KEYS */;
/*!40000 ALTER TABLE `project_events` ENABLE KEYS */;
UNLOCK TABLES;

--
-- Table structure for table `project_exam_results`
--

DROP TABLE IF EXISTS `project_exam_results`;
/*!40101 SET @saved_cs_client     = @@character_set_client */;
/*!50503 SET character_set_client = utf8mb4 */;
CREATE TABLE `project_exam_results` (
  `exam_result_id` int NOT NULL AUTO_INCREMENT,
  `project_id` int NOT NULL,
  `exam_type` enum('PROJECT1','THESIS') NOT NULL COMMENT 'ประเภทการสอบ: โครงงานพิเศษ 1 หรือ ปริญญานิพนธ์',
  `result` enum('PASS','FAIL') NOT NULL COMMENT 'ผลการสอบ: ผ่าน หรือ ไม่ผ่าน',
  `score` decimal(5,2) DEFAULT NULL COMMENT 'คะแนนที่ได้ (ถ้ามี)',
  `notes` text COMMENT 'หมายเหตุ/ข้อเสนอแนะจากคณะกรรมการ',
  `require_scope_revision` tinyint(1) NOT NULL DEFAULT '0' COMMENT 'ต้องแก้ไข Scope หรือไม่ (กรณีผ่าน)',
  `recorded_by_user_id` int NOT NULL COMMENT 'ผู้บันทึกผล (เจ้าหน้าที่/กรรมการ)',
  `recorded_at` datetime NOT NULL DEFAULT CURRENT_TIMESTAMP COMMENT 'เวลาที่บันทึกผล',
  `student_acknowledged_at` datetime DEFAULT NULL COMMENT 'เวลาที่นักศึกษารับทราบผล (กรณีไม่ผ่าน)',
  `created_at` datetime NOT NULL DEFAULT CURRENT_TIMESTAMP,
  `updated_at` datetime NOT NULL DEFAULT CURRENT_TIMESTAMP ON UPDATE CURRENT_TIMESTAMP,
  PRIMARY KEY (`exam_result_id`),
  UNIQUE KEY `idx_project_exam_type` (`project_id`,`exam_type`),
  KEY `recorded_by_user_id` (`recorded_by_user_id`),
  KEY `idx_exam_result` (`result`),
  KEY `idx_recorded_at` (`recorded_at`),
  CONSTRAINT `project_exam_results_ibfk_1` FOREIGN KEY (`project_id`) REFERENCES `project_documents` (`project_id`) ON DELETE CASCADE ON UPDATE CASCADE,
  CONSTRAINT `project_exam_results_ibfk_2` FOREIGN KEY (`recorded_by_user_id`) REFERENCES `users` (`user_id`) ON DELETE RESTRICT ON UPDATE CASCADE
) ENGINE=InnoDB AUTO_INCREMENT=19 DEFAULT CHARSET=utf8mb4 COLLATE=utf8mb4_0900_ai_ci;
/*!40101 SET character_set_client = @saved_cs_client */;

--
-- Dumping data for table `project_exam_results`
--

LOCK TABLES `project_exam_results` WRITE;
/*!40000 ALTER TABLE `project_exam_results` DISABLE KEYS */;
INSERT INTO `project_exam_results` VALUES (10,75,'PROJECT1','PASS',NULL,NULL,0,726,'2025-10-24 02:54:35',NULL,'2025-10-24 02:54:35','2025-10-24 02:54:35'),(11,94,'PROJECT1','PASS',NULL,NULL,0,726,'2025-10-27 13:04:55',NULL,'2025-10-27 13:04:55','2025-10-27 13:04:55'),(12,98,'PROJECT1','PASS',NULL,NULL,0,727,'2025-10-29 20:33:22',NULL,'2025-10-29 20:33:22','2025-10-29 20:33:22'),(13,103,'PROJECT1','PASS',NULL,NULL,0,727,'2025-11-03 00:28:50',NULL,'2025-11-03 00:28:50','2025-11-03 00:28:50'),(14,104,'PROJECT1','PASS',NULL,NULL,0,727,'2025-11-03 01:29:00',NULL,'2025-11-03 01:29:00','2025-11-03 01:29:00'),(17,109,'THESIS','PASS',NULL,NULL,0,727,'2025-11-05 02:23:48',NULL,'2025-11-05 02:23:48','2025-11-05 02:23:48'),(18,110,'THESIS','PASS',NULL,NULL,0,727,'2025-11-05 17:21:35',NULL,'2025-11-05 17:21:35','2025-11-05 17:21:35');
/*!40000 ALTER TABLE `project_exam_results` ENABLE KEYS */;
UNLOCK TABLES;

--
-- Table structure for table `project_members`
--

DROP TABLE IF EXISTS `project_members`;
/*!40101 SET @saved_cs_client     = @@character_set_client */;
/*!50503 SET character_set_client = utf8mb4 */;
CREATE TABLE `project_members` (
  `project_id` int NOT NULL,
  `student_id` int NOT NULL,
  `role` enum('leader','member') NOT NULL,
  `joined_at` timestamp NULL DEFAULT CURRENT_TIMESTAMP,
  PRIMARY KEY (`project_id`,`student_id`),
  KEY `fk_member_student` (`student_id`),
  CONSTRAINT `fk_member_project` FOREIGN KEY (`project_id`) REFERENCES `project_documents` (`project_id`) ON DELETE CASCADE,
  CONSTRAINT `fk_member_student` FOREIGN KEY (`student_id`) REFERENCES `students` (`student_id`) ON DELETE CASCADE
) ENGINE=InnoDB DEFAULT CHARSET=utf8mb4 COLLATE=utf8mb4_0900_ai_ci;
/*!40101 SET character_set_client = @saved_cs_client */;

--
-- Dumping data for table `project_members`
--

LOCK TABLES `project_members` WRITE;
/*!40000 ALTER TABLE `project_members` DISABLE KEYS */;
INSERT INTO `project_members` VALUES (54,773,'member','2025-10-13 22:52:33'),(54,784,'leader','2025-10-13 22:52:33'),(55,722,'member','2025-10-13 22:53:53'),(55,724,'leader','2025-10-13 22:53:53'),(56,771,'member','2025-10-13 22:54:56'),(56,772,'leader','2025-10-13 22:54:56'),(57,730,'leader','2025-10-13 23:00:13'),(57,732,'member','2025-10-13 23:00:13'),(58,718,'leader','2025-10-13 23:02:07'),(58,728,'member','2025-10-13 23:02:07'),(59,687,'leader','2025-10-13 23:03:56'),(59,708,'member','2025-10-13 23:03:56'),(60,765,'member','2025-10-13 23:10:35'),(60,767,'leader','2025-10-13 23:10:35'),(61,699,'member','2025-10-13 23:11:04'),(61,759,'leader','2025-10-13 23:11:04'),(62,778,'leader','2025-10-13 23:11:38'),(62,786,'member','2025-10-13 23:11:38'),(63,744,'leader','2025-10-13 23:14:22'),(63,755,'member','2025-10-13 23:14:22'),(64,710,'leader','2025-10-13 23:19:04'),(64,769,'member','2025-10-13 23:19:04'),(65,692,'leader','2025-10-13 23:19:58'),(65,700,'member','2025-10-13 23:19:58'),(66,766,'member','2025-10-13 23:21:01'),(66,774,'leader','2025-10-13 23:21:01'),(67,763,'member','2025-10-13 23:21:33'),(67,764,'leader','2025-10-13 23:21:33'),(68,697,'member','2025-10-13 23:24:57'),(68,716,'leader','2025-10-13 23:24:57'),(69,719,'member','2025-10-13 23:25:39'),(69,725,'leader','2025-10-13 23:25:39'),(70,752,'member','2025-10-13 23:26:20'),(70,804,'leader','2025-10-13 23:26:20'),(71,731,'member','2025-10-13 23:26:56'),(71,745,'leader','2025-10-13 23:26:56'),(72,788,'leader','2025-10-13 23:27:58'),(72,791,'member','2025-10-13 23:27:58'),(73,787,'leader','2025-10-13 23:28:38'),(73,790,'member','2025-10-13 23:28:38'),(74,796,'leader','2025-10-13 23:29:12'),(74,799,'member','2025-10-13 23:29:12'),(75,1006,'leader','2025-10-14 08:07:59'),(75,1007,'member','2025-10-14 08:07:59'),(76,1028,'member','2025-10-15 02:42:30'),(76,1035,'leader','2025-10-15 02:42:30'),(77,1021,'member','2025-10-15 04:37:13'),(77,1022,'leader','2025-10-15 04:37:13'),(79,1045,'leader','2025-10-15 06:13:09'),(79,1058,'member','2025-10-15 06:13:09'),(80,713,'member','2025-10-15 06:14:07'),(80,785,'leader','2025-10-15 06:14:07'),(81,1020,'member','2025-10-15 06:16:46'),(81,1049,'leader','2025-10-15 06:16:46'),(82,1018,'leader','2025-10-15 06:19:21'),(82,1055,'member','2025-10-15 06:19:21'),(83,720,'leader','2025-10-15 06:20:51'),(83,1027,'member','2025-10-15 06:20:51'),(84,1008,'member','2025-10-15 06:23:25'),(84,1015,'leader','2025-10-15 06:23:25'),(85,768,'member','2025-10-15 06:41:31'),(85,1041,'leader','2025-10-15 06:41:31'),(87,1060,'leader','2025-10-15 06:50:13'),(87,1070,'member','2025-10-15 06:50:13'),(88,795,'leader','2025-10-15 06:51:21'),(88,1073,'member','2025-10-15 06:51:21'),(89,1088,'leader','2025-10-15 06:53:46'),(89,1096,'member','2025-10-15 06:53:46'),(90,1075,'member','2025-10-15 07:03:25'),(90,1087,'leader','2025-10-15 07:03:25'),(91,1077,'leader','2025-10-15 07:06:19'),(91,1081,'member','2025-10-15 07:06:19'),(92,1104,'member','2025-10-15 07:09:34'),(92,1135,'leader','2025-10-15 07:09:34'),(93,704,'leader','2025-10-15 07:10:55'),(93,1079,'member','2025-10-15 07:10:55'),(94,1065,'member','2025-10-25 16:32:00'),(94,1068,'leader','2025-10-25 16:32:00'),(95,1050,'leader','2025-10-25 16:59:27'),(95,1133,'member','2025-10-25 16:59:27'),(97,1024,'leader','2025-10-25 18:43:22'),(97,1025,'member','2025-10-25 18:43:22'),(98,1014,'leader','2025-10-28 16:40:20'),(98,1131,'member','2025-10-28 16:40:20'),(99,1011,'leader','2025-10-28 16:58:34'),(99,1026,'member','2025-10-28 16:58:34'),(100,1034,'leader','2025-10-30 16:36:26'),(100,1051,'member','2025-10-30 16:37:07'),(102,1368,'leader','2025-11-02 15:39:42'),(102,1369,'member','2025-11-02 15:40:24'),(103,1370,'leader','2025-11-02 16:49:14'),(103,1371,'member','2025-11-02 16:49:14'),(104,1372,'leader','2025-11-02 17:41:22'),(104,1373,'member','2025-11-02 17:41:22'),(109,1374,'member','2025-11-04 18:03:53'),(109,1375,'leader','2025-11-04 18:03:53'),(110,1378,'leader','2025-11-05 10:08:03'),(110,1379,'member','2025-11-05 10:08:03'),(111,1376,'leader','2025-11-05 10:24:52'),(111,1377,'member','2025-11-05 10:24:52');
/*!40000 ALTER TABLE `project_members` ENABLE KEYS */;
UNLOCK TABLES;

--
-- Table structure for table `project_milestones`
--

DROP TABLE IF EXISTS `project_milestones`;
/*!40101 SET @saved_cs_client     = @@character_set_client */;
/*!50503 SET character_set_client = utf8mb4 */;
CREATE TABLE `project_milestones` (
  `milestone_id` int NOT NULL AUTO_INCREMENT,
  `project_id` int NOT NULL,
  `title` varchar(255) NOT NULL,
  `due_date` date DEFAULT NULL,
  `progress` tinyint NOT NULL DEFAULT '0',
  `status` enum('pending','submitted','accepted','rejected') NOT NULL DEFAULT 'pending',
  `feedback` text,
  `submitted_at` datetime DEFAULT NULL,
  `reviewed_at` datetime DEFAULT NULL,
  `created_at` datetime DEFAULT CURRENT_TIMESTAMP,
  `updated_at` datetime DEFAULT CURRENT_TIMESTAMP,
  PRIMARY KEY (`milestone_id`),
  KEY `project_milestones_project_id` (`project_id`),
  KEY `project_milestones_project_id_status` (`project_id`,`status`),
  CONSTRAINT `project_milestones_ibfk_1` FOREIGN KEY (`project_id`) REFERENCES `project_documents` (`project_id`) ON DELETE CASCADE
) ENGINE=InnoDB AUTO_INCREMENT=3 DEFAULT CHARSET=utf8mb4 COLLATE=utf8mb4_0900_ai_ci;
/*!40101 SET character_set_client = @saved_cs_client */;

--
-- Dumping data for table `project_milestones`
--

LOCK TABLES `project_milestones` WRITE;
/*!40000 ALTER TABLE `project_milestones` DISABLE KEYS */;
/*!40000 ALTER TABLE `project_milestones` ENABLE KEYS */;
UNLOCK TABLES;

--
-- Table structure for table `project_test_requests`
--

DROP TABLE IF EXISTS `project_test_requests`;
/*!40101 SET @saved_cs_client     = @@character_set_client */;
/*!50503 SET character_set_client = utf8mb4 */;
CREATE TABLE `project_test_requests` (
  `request_id` int NOT NULL AUTO_INCREMENT,
  `project_id` int NOT NULL,
  `submitted_by_student_id` int NOT NULL,
  `status` enum('pending_advisor','advisor_rejected','pending_staff','staff_rejected','staff_approved') NOT NULL DEFAULT 'pending_advisor',
  `request_file_path` varchar(500) DEFAULT NULL,
  `request_file_name` varchar(255) DEFAULT NULL,
  `student_note` text,
  `submitted_at` datetime NOT NULL DEFAULT CURRENT_TIMESTAMP,
  `test_start_date` datetime NOT NULL,
  `test_due_date` datetime NOT NULL,
  `advisor_teacher_id` int DEFAULT NULL,
  `advisor_decision_note` text,
  `advisor_decided_at` datetime DEFAULT NULL,
  `staff_user_id` int DEFAULT NULL,
  `staff_decision_note` text,
  `staff_decided_at` datetime DEFAULT NULL,
  `evidence_file_path` varchar(500) DEFAULT NULL,
  `evidence_file_name` varchar(255) DEFAULT NULL,
  `evidence_submitted_at` datetime DEFAULT NULL,
  `created_at` datetime NOT NULL DEFAULT CURRENT_TIMESTAMP,
  `updated_at` datetime NOT NULL DEFAULT CURRENT_TIMESTAMP,
  `submitted_late` tinyint(1) NOT NULL DEFAULT '0' COMMENT 'ส่งคำขอหลังเวลากำหนดหรือไม่ (Google Classroom style)',
  `submission_delay_minutes` int DEFAULT NULL COMMENT 'จำนวนนาทีที่ส่งช้า (null = ส่งทันหรือไม่ได้ track)',
  `important_deadline_id` int DEFAULT NULL COMMENT 'เชื่อมโยงกับ deadline ที่ใช้ตรวจสอบ',
  `co_advisor_teacher_id` int DEFAULT NULL COMMENT 'อาจารย์ที่ปรึกษาร่วม',
  `co_advisor_decision_note` text COMMENT 'หมายเหตุการพิจารณาของอาจารย์ที่ปรึกษาร่วม',
  `co_advisor_decided_at` datetime DEFAULT NULL COMMENT 'วันที่อาจารย์ที่ปรึกษาร่วมพิจารณา',
  PRIMARY KEY (`request_id`),
  KEY `submitted_by_student_id` (`submitted_by_student_id`),
  KEY `advisor_teacher_id` (`advisor_teacher_id`),
  KEY `staff_user_id` (`staff_user_id`),
  KEY `idx_project_test_requests_project_id` (`project_id`),
  KEY `idx_project_test_requests_status` (`status`),
  KEY `idx_test_requests_submitted_late` (`submitted_late`),
  KEY `idx_test_requests_deadline_id` (`important_deadline_id`),
  KEY `idx_project_test_requests_co_advisor_teacher_id` (`co_advisor_teacher_id`),
  CONSTRAINT `project_test_requests_co_advisor_teacher_id_foreign_idx` FOREIGN KEY (`co_advisor_teacher_id`) REFERENCES `teachers` (`teacher_id`) ON DELETE SET NULL ON UPDATE CASCADE,
  CONSTRAINT `project_test_requests_ibfk_1` FOREIGN KEY (`project_id`) REFERENCES `project_documents` (`project_id`) ON DELETE CASCADE ON UPDATE CASCADE,
  CONSTRAINT `project_test_requests_ibfk_2` FOREIGN KEY (`submitted_by_student_id`) REFERENCES `students` (`student_id`) ON DELETE RESTRICT ON UPDATE CASCADE,
  CONSTRAINT `project_test_requests_ibfk_3` FOREIGN KEY (`advisor_teacher_id`) REFERENCES `teachers` (`teacher_id`) ON DELETE SET NULL ON UPDATE CASCADE,
  CONSTRAINT `project_test_requests_ibfk_4` FOREIGN KEY (`staff_user_id`) REFERENCES `users` (`user_id`) ON DELETE SET NULL ON UPDATE CASCADE,
  CONSTRAINT `project_test_requests_important_deadline_id_foreign_idx` FOREIGN KEY (`important_deadline_id`) REFERENCES `important_deadlines` (`id`) ON DELETE SET NULL ON UPDATE CASCADE
) ENGINE=InnoDB AUTO_INCREMENT=24 DEFAULT CHARSET=utf8mb4 COLLATE=utf8mb4_0900_ai_ci;
/*!40101 SET character_set_client = @saved_cs_client */;

--
-- Dumping data for table `project_test_requests`
--

LOCK TABLES `project_test_requests` WRITE;
/*!40000 ALTER TABLE `project_test_requests` DISABLE KEYS */;
INSERT INTO `project_test_requests` VALUES (14,98,1014,'pending_advisor','projects/PRJ2568-0098/system-test/request/request-1762005992173.pdf','à¸à¸04 à¸à¸§à¸à¹à¸¥à¸à¸¢à¸´à¹à¸¡.pdf',NULL,'2025-11-01 21:06:32','2025-09-30 00:00:00','2025-10-30 23:59:59',63,NULL,NULL,NULL,NULL,NULL,NULL,NULL,NULL,'2025-11-01 21:06:32','2025-11-01 21:06:32',0,NULL,NULL,NULL,NULL,NULL),(15,103,1370,'pending_advisor','projects/PRJ2568-0103/system-test/request/request-1762105160109.pdf','à¸à¸.04à¸«à¸à¸±à¸à¸ªà¸·à¸­à¸£à¸±à¸à¸£à¸­à¸à¸à¸²à¸£à¸à¸à¸ªà¸­à¸à¹à¸à¸£à¸à¸à¸²à¸à¸à¸´à¹à¸¨à¸©.pdf',NULL,'2025-11-03 00:39:20','2025-10-01 00:00:00','2025-10-31 23:59:59',71,NULL,NULL,NULL,NULL,NULL,NULL,NULL,NULL,'2025-11-03 00:39:20','2025-11-03 00:39:20',0,NULL,NULL,NULL,NULL,NULL),(16,104,1372,'staff_approved','projects/PRJ2568-0104/system-test/request/request-1762108512631.pdf','à¸à¸.04à¸«à¸à¸±à¸à¸ªà¸·à¸­à¸£à¸±à¸à¸£à¸­à¸à¸à¸²à¸£à¸à¸à¸ªà¸­à¸à¹à¸à¸£à¸à¸à¸²à¸à¸à¸´à¹à¸¨à¸©.pdf',NULL,'2025-11-03 01:35:12','2025-10-01 00:00:00','2025-10-31 23:59:59',71,NULL,'2025-11-03 01:35:17',727,NULL,'2025-11-03 01:36:43','projects/PRJ2568-0104/system-test/evidence/evidence-1762108753147.pdf','à¸«à¸¥à¸±à¸à¸à¸²à¸à¸à¸²à¸£à¸à¸£à¸°à¹à¸¡à¸´à¸ 30 à¸§à¸±à¸.pdf','2025-11-03 01:39:13','2025-11-03 01:35:12','2025-11-03 01:39:13',0,NULL,NULL,NULL,NULL,NULL),(18,109,1375,'staff_approved','projects/PRJ2568-0105/system-test/request/request-1762283990222.pdf','KP-04-Project-Testing-Certificate-Form.pdf',NULL,'2025-11-05 02:19:50','2025-10-01 00:00:00','2025-10-31 23:59:59',71,NULL,'2025-11-05 02:20:06',727,NULL,'2025-11-05 02:22:49','projects/PRJ2568-0105/system-test/evidence/evidence-1762284187895.pdf','à¸«à¸¥à¸±à¸à¸à¸²à¸à¸à¸²à¸£à¸à¸£à¸°à¹à¸¡à¸´à¸ 30 à¸§à¸±à¸.pdf','2025-11-05 02:23:07','2025-11-05 02:19:50','2025-11-05 02:23:07',0,NULL,NULL,NULL,NULL,NULL),(19,110,1378,'staff_approved','projects/PRJ2568-0110/system-test/request/request-1762337779694.pdf','à¸à¸.04à¸«à¸à¸±à¸à¸ªà¸·à¸­à¸£à¸±à¸à¸£à¸­à¸à¸à¸²à¸£à¸à¸à¸ªà¸­à¸à¹à¸à¸£à¸à¸à¸²à¸à¸à¸´à¹à¸¨à¸©.pdf',NULL,'2025-11-05 17:16:19','2025-10-01 00:00:00','2025-10-31 23:59:59',71,NULL,'2025-11-05 17:16:27',727,NULL,'2025-11-05 17:16:35','projects/PRJ2568-0110/system-test/evidence/evidence-1762337808040.pdf','à¸«à¸¥à¸±à¸à¸à¸²à¸à¸à¸²à¸£à¸à¸£à¸°à¹à¸¡à¸´à¸ 30 à¸§à¸±à¸.pdf','2025-11-05 17:16:48','2025-11-05 17:16:19','2025-11-05 17:16:48',0,NULL,NULL,NULL,NULL,NULL),(22,111,1377,'pending_advisor',NULL,NULL,NULL,'2025-11-05 21:41:09','2025-10-06 00:00:00','2025-11-30 23:59:59',71,NULL,NULL,NULL,NULL,NULL,NULL,NULL,NULL,'2025-11-05 21:41:09','2025-11-05 21:41:09',0,NULL,NULL,NULL,NULL,NULL),(23,75,1006,'staff_approved','projects/PRJ2568-0075/system-test/request/request-1762356739119.pdf','à¸ªà¸³à¹à¸à¸²à¸à¸³à¸£à¹à¸­à¸à¸à¸­à¸à¸à¸ªà¸­à¸à¸£à¸°à¸à¸.pdf',NULL,'2025-11-05 22:32:19','2025-09-29 00:00:00','2025-10-31 23:59:59',58,NULL,'2025-11-10 10:51:38',726,NULL,'2025-11-10 10:52:16','projects/PRJ2568-0075/system-test/evidence/evidence-1762746756410.pdf','à¸à¸¥à¸à¸à¸ªà¸­à¸à¸­à¸²à¸à¸²à¸£à¸¢à¹à¸à¸±à¸à¸¨à¸¶à¸à¸©à¸².pdf','2025-11-10 10:52:36','2025-11-05 22:32:19','2025-11-10 10:52:36',0,NULL,NULL,NULL,NULL,NULL);
/*!40000 ALTER TABLE `project_test_requests` ENABLE KEYS */;
UNLOCK TABLES;

--
-- Table structure for table `project_tracks`
--

DROP TABLE IF EXISTS `project_tracks`;
/*!40101 SET @saved_cs_client     = @@character_set_client */;
/*!50503 SET character_set_client = utf8mb4 */;
CREATE TABLE `project_tracks` (
  `project_track_id` int NOT NULL AUTO_INCREMENT,
  `project_id` int NOT NULL,
  `track_code` enum('NETSEC','WEBMOBILE','SMART','AI','GAMEMEDIA') NOT NULL,
  `created_at` datetime NOT NULL DEFAULT CURRENT_TIMESTAMP,
  `updated_at` datetime NOT NULL DEFAULT CURRENT_TIMESTAMP,
  PRIMARY KEY (`project_track_id`),
  UNIQUE KEY `uq_project_track_unique` (`project_id`,`track_code`),
  KEY `idx_project_tracks_code` (`track_code`),
  CONSTRAINT `project_tracks_ibfk_1` FOREIGN KEY (`project_id`) REFERENCES `project_documents` (`project_id`) ON DELETE CASCADE ON UPDATE CASCADE
) ENGINE=InnoDB AUTO_INCREMENT=113 DEFAULT CHARSET=utf8mb4 COLLATE=utf8mb4_0900_ai_ci;
/*!40101 SET character_set_client = @saved_cs_client */;

--
-- Dumping data for table `project_tracks`
--

LOCK TABLES `project_tracks` WRITE;
/*!40000 ALTER TABLE `project_tracks` DISABLE KEYS */;
INSERT INTO `project_tracks` VALUES (86,75,'WEBMOBILE','2025-10-14 15:16:24','2025-10-14 15:16:24'),(87,94,'WEBMOBILE','2025-10-25 23:32:00','2025-10-25 23:32:00'),(88,97,'WEBMOBILE','2025-10-26 01:43:22','2025-10-26 01:43:22'),(89,97,'NETSEC','2025-10-26 01:43:22','2025-10-26 01:43:22'),(90,98,'SMART','2025-10-28 23:40:20','2025-10-28 23:40:20'),(91,99,'SMART','2025-10-28 23:58:34','2025-10-28 23:58:34'),(93,100,'WEBMOBILE','2025-10-30 23:37:34','2025-10-30 23:37:34'),(98,102,'AI','2025-11-02 22:40:29','2025-11-02 22:40:29'),(99,103,'AI','2025-11-02 23:49:14','2025-11-02 23:49:14'),(100,104,'WEBMOBILE','2025-11-03 00:41:22','2025-11-03 00:41:22'),(110,109,'WEBMOBILE','2025-11-05 01:04:17','2025-11-05 01:04:17'),(111,110,'AI','2025-11-05 17:08:03','2025-11-05 17:08:03'),(112,111,'WEBMOBILE','2025-11-05 17:24:52','2025-11-05 17:24:52');
/*!40000 ALTER TABLE `project_tracks` ENABLE KEYS */;
UNLOCK TABLES;

--
-- Table structure for table `project_workflow_states`
--

DROP TABLE IF EXISTS `project_workflow_states`;
/*!40101 SET @saved_cs_client     = @@character_set_client */;
/*!50503 SET character_set_client = utf8mb4 */;
CREATE TABLE `project_workflow_states` (
  `id` int NOT NULL AUTO_INCREMENT,
  `project_id` int NOT NULL,
  `current_phase` enum('DRAFT','PENDING_ADVISOR','ADVISOR_ASSIGNED','TOPIC_SUBMISSION','TOPIC_EXAM_PENDING','TOPIC_EXAM_SCHEDULED','TOPIC_FAILED','IN_PROGRESS','THESIS_SUBMISSION','THESIS_EXAM_PENDING','THESIS_EXAM_SCHEDULED','THESIS_FAILED','COMPLETED','ARCHIVED','CANCELLED') NOT NULL DEFAULT 'DRAFT',
  `current_step` varchar(100) DEFAULT NULL COMMENT 'Step ย่อยภายใน phase เช่น topic_submit, defense_submit, document_upload',
  `project_status` varchar(50) DEFAULT NULL COMMENT 'Snapshot of project_documents.status',
  `topic_exam_result` enum('PENDING','PASS','FAIL') DEFAULT NULL COMMENT 'ผลสอบหัวข้อ (PROJECT1)',
  `topic_exam_date` datetime DEFAULT NULL COMMENT 'วันที่สอบหัวข้อ',
  `thesis_exam_result` enum('PENDING','PASS','FAIL') DEFAULT NULL COMMENT 'ผลสอบปริญญานิพนธ์ (THESIS)',
  `thesis_exam_date` datetime DEFAULT NULL COMMENT 'วันที่สอบปริญญานิพนธ์',
  `topic_defense_request_id` int DEFAULT NULL COMMENT 'ID ของคำขอสอบหัวข้อล่าสุด',
  `topic_defense_status` varchar(50) DEFAULT NULL COMMENT 'Snapshot of project_defense_requests.status (PROJECT1)',
  `thesis_defense_request_id` int DEFAULT NULL COMMENT 'ID ของคำขอสอบปริญญานิพนธ์ล่าสุด',
  `thesis_defense_status` varchar(50) DEFAULT NULL COMMENT 'Snapshot of project_defense_requests.status (THESIS)',
  `system_test_request_id` int DEFAULT NULL COMMENT 'ID ของคำขอทดสอบระบบล่าสุด',
  `system_test_status` varchar(50) DEFAULT NULL COMMENT 'สถานะการทดสอบระบบ: pending, advisor_approved, staff_verified',
  `final_document_id` int DEFAULT NULL COMMENT 'ID ของเอกสารรายงานฉบับสมบูรณ์',
  `final_document_status` varchar(50) DEFAULT NULL COMMENT 'Snapshot of documents.status (final report)',
  `meeting_count` int NOT NULL DEFAULT '0' COMMENT 'จำนวนครั้งที่พบอาจารย์',
  `approved_meeting_count` int NOT NULL DEFAULT '0' COMMENT 'จำนวนครั้งที่อาจารย์อนุมัติแล้ว',
  `is_blocked` tinyint(1) NOT NULL DEFAULT '0' COMMENT 'ถูกบล็อกการทำงาน (เช่น สอบไม่ผ่าน รอแก้ไข)',
  `block_reason` text COMMENT 'เหตุผลที่ถูกบล็อก',
  `is_overdue` tinyint(1) NOT NULL DEFAULT '0' COMMENT 'เลยกำหนดเวลา (deadline)',
  `last_activity_at` datetime DEFAULT NULL COMMENT 'เวลาที่มีการเปลี่ยนแปลงล่าสุด',
  `last_activity_type` varchar(100) DEFAULT NULL COMMENT 'ประเภทของการเปลี่ยนแปลงล่าสุด',
  `last_updated_by` int DEFAULT NULL COMMENT 'User ID ที่อัปเดตสถานะล่าสุด',
  `created_at` datetime NOT NULL DEFAULT CURRENT_TIMESTAMP,
  `updated_at` datetime NOT NULL DEFAULT CURRENT_TIMESTAMP,
  PRIMARY KEY (`id`),
  UNIQUE KEY `project_id` (`project_id`),
  KEY `project_workflow_states_current_phase` (`current_phase`),
  KEY `project_workflow_states_is_blocked` (`is_blocked`),
  KEY `project_workflow_states_is_overdue` (`is_overdue`),
  KEY `project_workflow_states_last_activity_at` (`last_activity_at`),
  CONSTRAINT `project_workflow_states_ibfk_1` FOREIGN KEY (`project_id`) REFERENCES `project_documents` (`project_id`) ON DELETE CASCADE ON UPDATE CASCADE
) ENGINE=InnoDB AUTO_INCREMENT=70 DEFAULT CHARSET=utf8mb4 COLLATE=utf8mb4_0900_ai_ci;
/*!40101 SET character_set_client = @saved_cs_client */;

--
-- Dumping data for table `project_workflow_states`
--

LOCK TABLES `project_workflow_states` WRITE;
/*!40000 ALTER TABLE `project_workflow_states` DISABLE KEYS */;
INSERT INTO `project_workflow_states` VALUES (3,109,'COMPLETED',NULL,NULL,NULL,NULL,'PASS','2025-11-05 02:23:48',27,'scheduled',28,'scheduled',NULL,NULL,NULL,NULL,0,0,0,NULL,0,'2025-11-05 02:23:48','thesis_exam_recorded',727,'2025-11-05 01:03:53','2025-11-06 03:47:34'),(4,110,'COMPLETED',NULL,NULL,NULL,NULL,'PASS','2025-11-05 17:21:35',29,'scheduled',30,'scheduled',NULL,NULL,NULL,NULL,0,0,0,NULL,0,'2025-11-05 17:21:35','thesis_exam_recorded',727,'2025-11-05 17:08:03','2025-11-05 17:21:35'),(5,111,'TOPIC_EXAM_PENDING',NULL,NULL,NULL,NULL,NULL,NULL,31,'submitted',NULL,NULL,NULL,NULL,NULL,NULL,0,0,0,NULL,1,'2025-11-05 18:10:53','defense_request_submitted',1377,'2025-11-05 17:24:52','2025-11-16 07:00:00'),(6,75,'THESIS_EXAM_PENDING',NULL,'in_progress',NULL,NULL,NULL,NULL,NULL,NULL,33,'submitted',NULL,NULL,NULL,NULL,9,9,0,NULL,0,'2025-11-10 10:53:02','defense_request_submitted',1006,'2025-11-05 15:31:52','2025-11-10 10:53:02'),(7,54,'DRAFT',NULL,'in_progress',NULL,NULL,NULL,NULL,NULL,NULL,NULL,NULL,NULL,NULL,NULL,NULL,0,0,0,NULL,1,'2025-10-15 06:30:33','backfill_batch',NULL,'2025-11-05 15:41:12','2025-11-16 07:00:01'),(8,55,'DRAFT',NULL,'in_progress',NULL,NULL,NULL,NULL,NULL,NULL,NULL,NULL,NULL,NULL,NULL,NULL,0,0,0,NULL,1,'2025-10-13 22:53:53','backfill_batch',NULL,'2025-11-05 15:41:12','2025-11-16 07:00:01'),(9,56,'DRAFT',NULL,'in_progress',NULL,NULL,NULL,NULL,NULL,NULL,NULL,NULL,NULL,NULL,NULL,NULL,0,0,0,NULL,1,'2025-10-13 22:54:56','backfill_batch',NULL,'2025-11-05 15:41:12','2025-11-16 07:00:01'),(10,57,'DRAFT',NULL,'in_progress',NULL,NULL,NULL,NULL,NULL,NULL,NULL,NULL,NULL,NULL,NULL,NULL,0,0,0,NULL,1,'2025-10-13 23:00:13','backfill_batch',NULL,'2025-11-05 15:41:12','2025-11-16 07:00:01'),(11,58,'DRAFT',NULL,'in_progress',NULL,NULL,NULL,NULL,NULL,NULL,NULL,NULL,NULL,NULL,NULL,NULL,0,0,0,NULL,1,'2025-10-13 23:02:07','backfill_batch',NULL,'2025-11-05 15:41:12','2025-11-16 07:00:01'),(12,59,'DRAFT',NULL,'in_progress',NULL,NULL,NULL,NULL,NULL,NULL,NULL,NULL,NULL,NULL,NULL,NULL,0,0,0,NULL,1,'2025-10-13 23:03:56','backfill_batch',NULL,'2025-11-05 15:41:12','2025-11-16 07:00:01'),(13,60,'DRAFT',NULL,'in_progress',NULL,NULL,NULL,NULL,NULL,NULL,NULL,NULL,NULL,NULL,NULL,NULL,0,0,0,NULL,1,'2025-10-13 23:10:35','backfill_batch',NULL,'2025-11-05 15:41:12','2025-11-16 07:00:01'),(14,61,'DRAFT',NULL,'in_progress',NULL,NULL,NULL,NULL,NULL,NULL,NULL,NULL,NULL,NULL,NULL,NULL,1,0,0,NULL,1,'2025-10-13 23:11:04','backfill_batch',NULL,'2025-11-05 15:41:12','2025-11-16 07:00:01'),(15,62,'DRAFT',NULL,'in_progress',NULL,NULL,NULL,NULL,NULL,NULL,NULL,NULL,NULL,NULL,NULL,NULL,0,0,0,NULL,1,'2025-10-13 23:11:38','backfill_batch',NULL,'2025-11-05 15:41:12','2025-11-16 07:00:01'),(16,63,'DRAFT',NULL,'in_progress',NULL,NULL,NULL,NULL,NULL,NULL,NULL,NULL,NULL,NULL,NULL,NULL,0,0,0,NULL,1,'2025-10-13 23:14:22','backfill_batch',NULL,'2025-11-05 15:41:12','2025-11-16 07:00:01'),(17,64,'DRAFT',NULL,'in_progress',NULL,NULL,NULL,NULL,NULL,NULL,NULL,NULL,NULL,NULL,NULL,NULL,0,0,0,NULL,1,'2025-10-13 23:19:04','backfill_batch',NULL,'2025-11-05 15:41:12','2025-11-16 07:00:01'),(18,65,'DRAFT',NULL,'in_progress',NULL,NULL,NULL,NULL,NULL,NULL,NULL,NULL,NULL,NULL,NULL,NULL,3,0,0,NULL,1,'2025-10-13 23:19:58','backfill_batch',NULL,'2025-11-05 15:41:12','2025-11-16 07:00:02'),(19,66,'DRAFT',NULL,'in_progress',NULL,NULL,NULL,NULL,NULL,NULL,NULL,NULL,NULL,NULL,NULL,NULL,0,0,0,NULL,1,'2025-10-13 23:21:01','backfill_batch',NULL,'2025-11-05 15:41:12','2025-11-16 07:00:02'),(20,67,'DRAFT',NULL,'in_progress',NULL,NULL,NULL,NULL,NULL,NULL,NULL,NULL,NULL,NULL,NULL,NULL,3,3,0,NULL,1,'2025-10-13 23:21:33','backfill_batch',NULL,'2025-11-05 15:41:12','2025-11-16 07:00:02'),(21,68,'DRAFT',NULL,'in_progress',NULL,NULL,NULL,NULL,NULL,NULL,NULL,NULL,NULL,NULL,NULL,NULL,0,0,0,NULL,1,'2025-10-13 23:24:57','backfill_batch',NULL,'2025-11-05 15:41:12','2025-11-16 07:00:02'),(22,69,'DRAFT',NULL,'in_progress',NULL,NULL,NULL,NULL,NULL,NULL,NULL,NULL,NULL,NULL,NULL,NULL,0,0,0,NULL,1,'2025-10-13 23:25:39','backfill_batch',NULL,'2025-11-05 15:41:12','2025-11-16 07:00:02'),(23,70,'DRAFT',NULL,'in_progress',NULL,NULL,NULL,NULL,NULL,NULL,NULL,NULL,NULL,NULL,NULL,NULL,0,0,0,NULL,1,'2025-10-13 23:26:20','backfill_batch',NULL,'2025-11-05 15:41:12','2025-11-16 07:00:02'),(24,71,'DRAFT',NULL,'in_progress',NULL,NULL,NULL,NULL,NULL,NULL,NULL,NULL,NULL,NULL,NULL,NULL,0,0,0,NULL,1,'2025-10-13 23:26:56','backfill_batch',NULL,'2025-11-05 15:41:12','2025-11-16 07:00:02'),(25,72,'DRAFT',NULL,'in_progress',NULL,NULL,NULL,NULL,NULL,NULL,NULL,NULL,NULL,NULL,NULL,NULL,0,0,0,NULL,1,'2025-10-13 23:27:58','backfill_batch',NULL,'2025-11-05 15:41:12','2025-11-16 07:00:02'),(26,73,'DRAFT',NULL,'in_progress',NULL,NULL,NULL,NULL,NULL,NULL,NULL,NULL,NULL,NULL,NULL,NULL,0,0,0,NULL,1,'2025-10-13 23:28:38','backfill_batch',NULL,'2025-11-05 15:41:12','2025-11-16 07:00:02'),(27,74,'DRAFT',NULL,'in_progress',NULL,NULL,NULL,NULL,NULL,NULL,NULL,NULL,NULL,NULL,NULL,NULL,0,0,0,NULL,1,'2025-10-13 23:29:12','backfill_batch',NULL,'2025-11-05 15:41:12','2025-11-16 07:00:02'),(28,76,'DRAFT',NULL,'in_progress',NULL,NULL,NULL,NULL,NULL,NULL,NULL,NULL,NULL,NULL,NULL,NULL,0,0,0,NULL,1,'2025-10-15 02:42:30','backfill_batch',NULL,'2025-11-05 15:41:12','2025-11-16 07:00:02'),(29,77,'DRAFT',NULL,'in_progress',NULL,NULL,NULL,NULL,NULL,NULL,NULL,NULL,NULL,NULL,NULL,NULL,5,3,0,NULL,1,'2025-10-15 04:37:13','backfill_batch',NULL,'2025-11-05 15:41:12','2025-11-16 07:00:02'),(30,79,'DRAFT',NULL,'in_progress',NULL,NULL,NULL,NULL,NULL,NULL,NULL,NULL,NULL,NULL,NULL,NULL,2,0,0,NULL,1,'2025-10-15 06:13:09','backfill_batch',NULL,'2025-11-05 15:41:12','2025-11-16 07:00:03'),(31,80,'DRAFT',NULL,'in_progress',NULL,NULL,NULL,NULL,NULL,NULL,NULL,NULL,NULL,NULL,NULL,NULL,0,0,0,NULL,1,'2025-10-15 06:14:07','backfill_batch',NULL,'2025-11-05 15:41:12','2025-11-16 07:00:03'),(32,81,'DRAFT',NULL,'in_progress',NULL,NULL,NULL,NULL,NULL,NULL,NULL,NULL,NULL,NULL,NULL,NULL,0,0,0,NULL,1,'2025-10-15 06:16:46','backfill_batch',NULL,'2025-11-05 15:41:12','2025-11-16 07:00:03'),(33,82,'DRAFT',NULL,'in_progress',NULL,NULL,NULL,NULL,NULL,NULL,NULL,NULL,NULL,NULL,NULL,NULL,0,0,0,NULL,1,'2025-10-15 06:19:21','backfill_batch',NULL,'2025-11-05 15:41:12','2025-11-16 07:00:03'),(34,83,'DRAFT',NULL,'in_progress',NULL,NULL,NULL,NULL,NULL,NULL,NULL,NULL,NULL,NULL,NULL,NULL,5,0,0,NULL,1,'2025-10-15 06:20:51','backfill_batch',NULL,'2025-11-05 15:41:12','2025-11-16 07:00:03'),(35,84,'DRAFT',NULL,'in_progress',NULL,NULL,NULL,NULL,NULL,NULL,NULL,NULL,NULL,NULL,NULL,NULL,0,0,0,NULL,1,'2025-10-15 06:23:25','backfill_batch',NULL,'2025-11-05 15:41:12','2025-11-16 07:00:03'),(36,85,'DRAFT',NULL,'in_progress',NULL,NULL,NULL,NULL,NULL,NULL,NULL,NULL,NULL,NULL,NULL,NULL,0,0,0,NULL,1,'2025-10-15 06:41:31','backfill_batch',NULL,'2025-11-05 15:41:12','2025-11-16 07:00:03'),(37,87,'DRAFT',NULL,'in_progress',NULL,NULL,NULL,NULL,NULL,NULL,NULL,NULL,NULL,NULL,NULL,NULL,0,0,0,NULL,1,'2025-10-15 06:50:13','backfill_batch',NULL,'2025-11-05 15:41:12','2025-11-16 07:00:03'),(38,88,'DRAFT',NULL,'in_progress',NULL,NULL,NULL,NULL,NULL,NULL,NULL,NULL,NULL,NULL,NULL,NULL,0,0,0,NULL,1,'2025-10-15 06:51:21','backfill_batch',NULL,'2025-11-05 15:41:12','2025-11-16 07:00:03'),(39,89,'DRAFT',NULL,'in_progress',NULL,NULL,NULL,NULL,NULL,NULL,NULL,NULL,NULL,NULL,NULL,NULL,0,0,0,NULL,1,'2025-10-15 06:53:46','backfill_batch',NULL,'2025-11-05 15:41:12','2025-11-16 07:00:03'),(40,90,'DRAFT',NULL,'in_progress',NULL,NULL,NULL,NULL,NULL,NULL,NULL,NULL,NULL,NULL,NULL,NULL,0,0,0,NULL,1,'2025-10-15 07:03:25','backfill_batch',NULL,'2025-11-05 15:41:12','2025-11-16 07:00:03'),(41,91,'DRAFT',NULL,'in_progress',NULL,NULL,NULL,NULL,NULL,NULL,NULL,NULL,NULL,NULL,NULL,NULL,0,0,0,NULL,1,'2025-10-15 07:06:19','backfill_batch',NULL,'2025-11-05 15:41:12','2025-11-16 07:00:03'),(42,92,'DRAFT',NULL,'in_progress',NULL,NULL,NULL,NULL,NULL,NULL,NULL,NULL,NULL,NULL,NULL,NULL,0,0,0,NULL,1,'2025-10-15 07:09:34','backfill_batch',NULL,'2025-11-05 15:41:12','2025-11-16 07:00:03'),(43,93,'DRAFT',NULL,'in_progress',NULL,NULL,NULL,NULL,NULL,NULL,NULL,NULL,NULL,NULL,NULL,NULL,0,0,0,NULL,1,'2025-10-15 07:10:55','backfill_batch',NULL,'2025-11-05 15:41:12','2025-11-16 07:00:03'),(44,94,'IN_PROGRESS',NULL,'in_progress','PASS',NULL,NULL,NULL,18,'completed',NULL,NULL,NULL,NULL,NULL,NULL,9,5,0,NULL,0,'2025-10-27 06:04:55','backfill_batch',NULL,'2025-11-05 15:41:12','2025-11-05 15:41:12'),(45,95,'DRAFT',NULL,'in_progress',NULL,NULL,NULL,NULL,NULL,NULL,NULL,NULL,NULL,NULL,NULL,NULL,8,0,0,NULL,1,'2025-10-25 16:59:27','backfill_batch',NULL,'2025-11-05 15:41:12','2025-11-16 07:00:03'),(46,97,'DRAFT',NULL,'in_progress',NULL,NULL,NULL,NULL,NULL,NULL,NULL,NULL,NULL,NULL,NULL,NULL,1,0,0,NULL,1,'2025-10-25 18:43:22','backfill_batch',NULL,'2025-11-05 15:41:12','2025-11-16 07:00:03'),(47,98,'IN_PROGRESS',NULL,'in_progress','PASS',NULL,NULL,NULL,19,'completed',NULL,NULL,NULL,NULL,NULL,NULL,3,4,0,NULL,0,'2025-10-29 13:33:22','backfill_batch',NULL,'2025-11-05 15:41:12','2025-11-05 15:41:12'),(48,99,'DRAFT',NULL,'in_progress',NULL,NULL,NULL,NULL,NULL,NULL,NULL,NULL,NULL,NULL,NULL,NULL,0,0,0,NULL,1,'2025-10-28 16:58:34','backfill_batch',NULL,'2025-11-05 15:41:12','2025-11-16 07:00:03'),(49,100,'DRAFT',NULL,'in_progress',NULL,NULL,NULL,NULL,NULL,NULL,NULL,NULL,NULL,NULL,NULL,NULL,2,0,0,NULL,1,'2025-10-30 16:38:55','backfill_batch',NULL,'2025-11-05 15:41:12','2025-11-16 07:00:03'),(50,102,'DRAFT',NULL,'in_progress',NULL,NULL,NULL,NULL,20,'advisor_in_review',NULL,NULL,NULL,NULL,NULL,NULL,5,5,0,NULL,1,'2025-11-02 18:40:50','backfill_batch',NULL,'2025-11-05 15:41:12','2025-11-16 07:00:03'),(51,103,'IN_PROGRESS',NULL,'in_progress','PASS',NULL,NULL,NULL,21,'completed',NULL,NULL,NULL,NULL,NULL,NULL,8,8,0,NULL,0,'2025-11-02 17:28:50','backfill_batch',NULL,'2025-11-05 15:41:12','2025-11-05 15:41:12'),(52,104,'THESIS_EXAM_PENDING',NULL,'in_progress','PASS',NULL,NULL,NULL,22,'completed',32,'submitted',NULL,NULL,NULL,NULL,8,8,0,NULL,0,'2025-11-05 23:08:24','defense_request_submitted',1373,'2025-11-05 15:41:12','2025-11-05 23:08:24');
/*!40000 ALTER TABLE `project_workflow_states` ENABLE KEYS */;
UNLOCK TABLES;

--
-- Table structure for table `sequelizemeta`
--

DROP TABLE IF EXISTS `sequelizemeta`;
/*!40101 SET @saved_cs_client     = @@character_set_client */;
/*!50503 SET character_set_client = utf8mb4 */;
CREATE TABLE `sequelizemeta` (
  `name` varchar(255) CHARACTER SET utf8mb3 COLLATE utf8mb3_unicode_ci NOT NULL,
  PRIMARY KEY (`name`),
  UNIQUE KEY `name` (`name`)
) ENGINE=InnoDB DEFAULT CHARSET=utf8mb3 COLLATE=utf8mb3_unicode_ci;
/*!40101 SET character_set_client = @saved_cs_client */;

--
-- Dumping data for table `sequelizemeta`
--

LOCK TABLES `sequelizemeta` WRITE;
/*!40000 ALTER TABLE `sequelizemeta` DISABLE KEYS */;
/*!40000 ALTER TABLE `sequelizemeta` ENABLE KEYS */;
UNLOCK TABLES;

--
-- Table structure for table `student_academic_histories`
--

DROP TABLE IF EXISTS `student_academic_histories`;
/*!40101 SET @saved_cs_client     = @@character_set_client */;
/*!50503 SET character_set_client = utf8mb4 */;
CREATE TABLE `student_academic_histories` (
  `id` int NOT NULL AUTO_INCREMENT,
  `student_id` int NOT NULL COMMENT 'รหัสนักศึกษาที่อ้างอิง',
  `academic_year` int NOT NULL COMMENT 'ปีการศึกษา',
  `semester` int NOT NULL COMMENT 'ภาคเรียน (1, 2, 3)',
  `status` varchar(32) NOT NULL COMMENT 'สถานะ เช่น enrolled, leave, repeat, graduated',
  `note` varchar(255) DEFAULT NULL COMMENT 'หมายเหตุเพิ่มเติม',
  `created_at` datetime NOT NULL DEFAULT CURRENT_TIMESTAMP,
  `updated_at` datetime NOT NULL DEFAULT CURRENT_TIMESTAMP,
  PRIMARY KEY (`id`),
  KEY `student_id` (`student_id`),
  CONSTRAINT `student_academic_histories_ibfk_1` FOREIGN KEY (`student_id`) REFERENCES `students` (`student_id`) ON DELETE CASCADE ON UPDATE CASCADE
) ENGINE=InnoDB AUTO_INCREMENT=554 DEFAULT CHARSET=utf8mb4 COLLATE=utf8mb4_0900_ai_ci;
/*!40101 SET character_set_client = @saved_cs_client */;

--
-- Dumping data for table `student_academic_histories`
--

LOCK TABLES `student_academic_histories` WRITE;
/*!40000 ALTER TABLE `student_academic_histories` DISABLE KEYS */;
INSERT INTO `student_academic_histories` VALUES (176,804,2568,1,'enrolled','เพิ่มนักศึกษาใหม่','2025-10-08 17:47:17','2025-10-08 17:47:17'),(177,804,2568,1,'updated','อัปเดตข้อมูลนักศึกษา','2025-10-12 15:12:50','2025-10-12 15:12:50'),(178,684,2568,1,'updated','อัปเดตข้อมูลนักศึกษา','2025-10-12 15:13:02','2025-10-12 15:13:02'),(179,685,2568,1,'updated','อัปเดตข้อมูลนักศึกษา','2025-10-12 15:13:16','2025-10-12 15:13:16'),(180,686,2568,1,'updated','อัปเดตข้อมูลนักศึกษา','2025-10-12 15:13:26','2025-10-12 15:13:26'),(181,687,2568,1,'updated','อัปเดตข้อมูลนักศึกษา','2025-10-12 15:13:41','2025-10-12 15:13:41'),(182,688,2568,1,'updated','อัปเดตข้อมูลนักศึกษา','2025-10-12 15:13:50','2025-10-12 15:13:50'),(183,689,2568,1,'updated','อัปเดตข้อมูลนักศึกษา','2025-10-12 15:14:03','2025-10-12 15:14:03'),(184,690,2568,1,'updated','อัปเดตข้อมูลนักศึกษา','2025-10-12 15:14:12','2025-10-12 15:14:12'),(185,691,2568,1,'updated','อัปเดตข้อมูลนักศึกษา','2025-10-12 15:14:24','2025-10-12 15:14:24'),(186,692,2568,1,'updated','อัปเดตข้อมูลนักศึกษา','2025-10-12 15:14:33','2025-10-12 15:14:33'),(187,693,2568,1,'updated','อัปเดตข้อมูลนักศึกษา','2025-10-12 15:14:49','2025-10-12 15:14:49'),(188,694,2568,1,'updated','อัปเดตข้อมูลนักศึกษา','2025-10-12 15:14:59','2025-10-12 15:14:59'),(189,695,2568,1,'updated','อัปเดตข้อมูลนักศึกษา','2025-10-12 15:15:09','2025-10-12 15:15:09'),(190,696,2568,1,'updated','อัปเดตข้อมูลนักศึกษา','2025-10-12 15:15:21','2025-10-12 15:15:21'),(191,697,2568,1,'updated','อัปเดตข้อมูลนักศึกษา','2025-10-12 15:15:29','2025-10-12 15:15:29'),(192,698,2568,1,'updated','อัปเดตข้อมูลนักศึกษา','2025-10-12 15:15:44','2025-10-12 15:15:44'),(193,699,2568,1,'updated','อัปเดตข้อมูลนักศึกษา','2025-10-12 15:16:02','2025-10-12 15:16:02'),(194,700,2568,1,'updated','อัปเดตข้อมูลนักศึกษา','2025-10-12 15:16:10','2025-10-12 15:16:10'),(195,701,2568,1,'updated','อัปเดตข้อมูลนักศึกษา','2025-10-12 15:16:19','2025-10-12 15:16:19'),(196,702,2568,1,'updated','อัปเดตข้อมูลนักศึกษา','2025-10-12 15:16:27','2025-10-12 15:16:27'),(197,703,2568,1,'updated','อัปเดตข้อมูลนักศึกษา','2025-10-12 15:16:56','2025-10-12 15:16:56'),(198,704,2568,1,'updated','อัปเดตข้อมูลนักศึกษา','2025-10-12 15:17:04','2025-10-12 15:17:04'),(199,705,2568,1,'updated','อัปเดตข้อมูลนักศึกษา','2025-10-12 15:17:12','2025-10-12 15:17:12'),(200,706,2568,1,'updated','อัปเดตข้อมูลนักศึกษา','2025-10-12 15:17:23','2025-10-12 15:17:23'),(201,707,2568,1,'updated','อัปเดตข้อมูลนักศึกษา','2025-10-12 15:17:32','2025-10-12 15:17:32'),(202,708,2568,1,'updated','อัปเดตข้อมูลนักศึกษา','2025-10-12 15:17:40','2025-10-12 15:17:40'),(203,709,2568,1,'updated','อัปเดตข้อมูลนักศึกษา','2025-10-12 15:17:50','2025-10-12 15:17:50'),(204,710,2568,1,'updated','อัปเดตข้อมูลนักศึกษา','2025-10-12 15:17:59','2025-10-12 15:17:59'),(205,711,2568,1,'updated','อัปเดตข้อมูลนักศึกษา','2025-10-12 15:18:08','2025-10-12 15:18:08'),(206,712,2568,1,'updated','อัปเดตข้อมูลนักศึกษา','2025-10-12 15:18:17','2025-10-12 15:18:17'),(207,713,2568,1,'updated','อัปเดตข้อมูลนักศึกษา','2025-10-12 15:18:46','2025-10-12 15:18:46'),(208,714,2568,1,'updated','อัปเดตข้อมูลนักศึกษา','2025-10-12 15:18:57','2025-10-12 15:18:57'),(209,715,2568,1,'updated','อัปเดตข้อมูลนักศึกษา','2025-10-12 15:19:06','2025-10-12 15:19:06'),(210,715,2568,1,'updated','อัปเดตข้อมูลนักศึกษา','2025-10-12 15:19:18','2025-10-12 15:19:18'),(211,716,2568,1,'updated','อัปเดตข้อมูลนักศึกษา','2025-10-12 15:19:26','2025-10-12 15:19:26'),(212,717,2568,1,'updated','อัปเดตข้อมูลนักศึกษา','2025-10-12 15:19:35','2025-10-12 15:19:35'),(213,718,2568,1,'updated','อัปเดตข้อมูลนักศึกษา','2025-10-12 15:19:45','2025-10-12 15:19:45'),(214,719,2568,1,'updated','อัปเดตข้อมูลนักศึกษา','2025-10-12 15:19:59','2025-10-12 15:19:59'),(215,720,2568,1,'updated','อัปเดตข้อมูลนักศึกษา','2025-10-12 15:20:07','2025-10-12 15:20:07'),(216,720,2568,1,'updated','อัปเดตข้อมูลนักศึกษา','2025-10-12 15:20:12','2025-10-12 15:20:12'),(217,721,2568,1,'updated','อัปเดตข้อมูลนักศึกษา','2025-10-12 15:20:21','2025-10-12 15:20:21'),(218,722,2568,1,'updated','อัปเดตข้อมูลนักศึกษา','2025-10-12 15:20:32','2025-10-12 15:20:32'),(219,723,2568,1,'updated','อัปเดตข้อมูลนักศึกษา','2025-10-12 15:20:48','2025-10-12 15:20:48'),(220,724,2568,1,'updated','อัปเดตข้อมูลนักศึกษา','2025-10-12 15:20:58','2025-10-12 15:20:58'),(221,725,2568,1,'updated','อัปเดตข้อมูลนักศึกษา','2025-10-12 15:21:07','2025-10-12 15:21:07'),(222,725,2568,1,'updated','อัปเดตข้อมูลนักศึกษา','2025-10-12 15:21:11','2025-10-12 15:21:11'),(223,726,2568,1,'updated','อัปเดตข้อมูลนักศึกษา','2025-10-12 15:21:20','2025-10-12 15:21:20'),(224,727,2568,1,'updated','อัปเดตข้อมูลนักศึกษา','2025-10-12 15:21:27','2025-10-12 15:21:27'),(225,728,2568,1,'updated','อัปเดตข้อมูลนักศึกษา','2025-10-12 15:21:37','2025-10-12 15:21:37'),(226,729,2568,1,'updated','อัปเดตข้อมูลนักศึกษา','2025-10-12 15:21:57','2025-10-12 15:21:57'),(227,730,2568,1,'updated','อัปเดตข้อมูลนักศึกษา','2025-10-12 15:22:12','2025-10-12 15:22:12'),(228,731,2568,1,'updated','อัปเดตข้อมูลนักศึกษา','2025-10-12 15:22:19','2025-10-12 15:22:19'),(229,732,2568,1,'updated','อัปเดตข้อมูลนักศึกษา','2025-10-12 15:22:29','2025-10-12 15:22:29'),(230,733,2568,1,'updated','อัปเดตข้อมูลนักศึกษา','2025-10-12 15:22:48','2025-10-12 15:22:48'),(231,734,2568,1,'updated','อัปเดตข้อมูลนักศึกษา','2025-10-12 15:22:56','2025-10-12 15:22:56'),(232,735,2568,1,'updated','อัปเดตข้อมูลนักศึกษา','2025-10-12 15:23:04','2025-10-12 15:23:04'),(233,736,2568,1,'updated','อัปเดตข้อมูลนักศึกษา','2025-10-12 15:23:13','2025-10-12 15:23:13'),(234,737,2568,1,'updated','อัปเดตข้อมูลนักศึกษา','2025-10-12 15:23:25','2025-10-12 15:23:25'),(235,738,2568,1,'updated','อัปเดตข้อมูลนักศึกษา','2025-10-12 15:23:37','2025-10-12 15:23:37'),(236,739,2568,1,'updated','อัปเดตข้อมูลนักศึกษา','2025-10-12 15:23:47','2025-10-12 15:23:47'),(237,740,2568,1,'updated','อัปเดตข้อมูลนักศึกษา','2025-10-12 15:24:01','2025-10-12 15:24:01'),(238,741,2568,1,'updated','อัปเดตข้อมูลนักศึกษา','2025-10-12 15:24:15','2025-10-12 15:24:15'),(239,742,2568,1,'updated','อัปเดตข้อมูลนักศึกษา','2025-10-12 15:24:35','2025-10-12 15:24:35'),(240,743,2568,1,'updated','อัปเดตข้อมูลนักศึกษา','2025-10-12 15:24:58','2025-10-12 15:24:58'),(241,744,2568,1,'updated','อัปเดตข้อมูลนักศึกษา','2025-10-12 15:25:11','2025-10-12 15:25:11'),(242,745,2568,1,'updated','อัปเดตข้อมูลนักศึกษา','2025-10-12 15:25:26','2025-10-12 15:25:26'),(243,746,2568,1,'updated','อัปเดตข้อมูลนักศึกษา','2025-10-12 15:25:38','2025-10-12 15:25:38'),(244,747,2568,1,'updated','อัปเดตข้อมูลนักศึกษา','2025-10-12 15:25:48','2025-10-12 15:25:48'),(245,748,2568,1,'updated','อัปเดตข้อมูลนักศึกษา','2025-10-12 15:25:57','2025-10-12 15:25:57'),(246,749,2568,1,'updated','อัปเดตข้อมูลนักศึกษา','2025-10-12 15:26:10','2025-10-12 15:26:10'),(247,750,2568,1,'updated','อัปเดตข้อมูลนักศึกษา','2025-10-12 15:26:17','2025-10-12 15:26:17'),(248,751,2568,1,'updated','อัปเดตข้อมูลนักศึกษา','2025-10-12 15:26:28','2025-10-12 15:26:28'),(249,752,2568,1,'updated','อัปเดตข้อมูลนักศึกษา','2025-10-12 15:26:36','2025-10-12 15:26:36'),(250,753,2568,1,'updated','อัปเดตข้อมูลนักศึกษา','2025-10-12 15:27:10','2025-10-12 15:27:10'),(251,754,2568,1,'updated','อัปเดตข้อมูลนักศึกษา','2025-10-12 15:27:18','2025-10-12 15:27:18'),(252,755,2568,1,'updated','อัปเดตข้อมูลนักศึกษา','2025-10-12 15:27:30','2025-10-12 15:27:30'),(253,756,2568,1,'updated','อัปเดตข้อมูลนักศึกษา','2025-10-12 15:27:44','2025-10-12 15:27:44'),(254,757,2568,1,'updated','อัปเดตข้อมูลนักศึกษา','2025-10-12 15:27:55','2025-10-12 15:27:55'),(255,758,2568,1,'updated','อัปเดตข้อมูลนักศึกษา','2025-10-12 15:28:15','2025-10-12 15:28:15'),(256,759,2568,1,'updated','อัปเดตข้อมูลนักศึกษา','2025-10-12 15:28:25','2025-10-12 15:28:25'),(257,760,2568,1,'updated','อัปเดตข้อมูลนักศึกษา','2025-10-12 15:28:39','2025-10-12 15:28:39'),(258,761,2568,1,'updated','อัปเดตข้อมูลนักศึกษา','2025-10-12 15:28:53','2025-10-12 15:28:53'),(259,762,2568,1,'updated','อัปเดตข้อมูลนักศึกษา','2025-10-12 15:29:00','2025-10-12 15:29:00'),(260,763,2568,1,'updated','อัปเดตข้อมูลนักศึกษา','2025-10-12 15:29:26','2025-10-12 15:29:26'),(261,764,2568,1,'updated','อัปเดตข้อมูลนักศึกษา','2025-10-12 15:29:36','2025-10-12 15:29:36'),(262,765,2568,1,'updated','อัปเดตข้อมูลนักศึกษา','2025-10-12 15:29:45','2025-10-12 15:29:45'),(263,766,2568,1,'updated','อัปเดตข้อมูลนักศึกษา','2025-10-12 15:30:03','2025-10-12 15:30:03'),(264,767,2568,1,'updated','อัปเดตข้อมูลนักศึกษา','2025-10-12 15:30:19','2025-10-12 15:30:19'),(265,768,2568,1,'updated','อัปเดตข้อมูลนักศึกษา','2025-10-12 15:30:29','2025-10-12 15:30:29'),(266,769,2568,1,'updated','อัปเดตข้อมูลนักศึกษา','2025-10-12 15:30:38','2025-10-12 15:30:38'),(267,770,2568,1,'updated','อัปเดตข้อมูลนักศึกษา','2025-10-12 15:30:47','2025-10-12 15:30:47'),(268,771,2568,1,'updated','อัปเดตข้อมูลนักศึกษา','2025-10-12 15:30:56','2025-10-12 15:30:56'),(269,772,2568,1,'updated','อัปเดตข้อมูลนักศึกษา','2025-10-12 15:31:08','2025-10-12 15:31:08'),(270,773,2568,1,'updated','อัปเดตข้อมูลนักศึกษา','2025-10-12 15:31:24','2025-10-12 15:31:24'),(271,774,2568,1,'updated','อัปเดตข้อมูลนักศึกษา','2025-10-12 15:31:33','2025-10-12 15:31:33'),(272,775,2568,1,'updated','อัปเดตข้อมูลนักศึกษา','2025-10-12 15:31:42','2025-10-12 15:31:42'),(273,776,2568,1,'updated','อัปเดตข้อมูลนักศึกษา','2025-10-12 15:31:55','2025-10-12 15:31:55'),(274,777,2568,1,'updated','อัปเดตข้อมูลนักศึกษา','2025-10-12 15:32:08','2025-10-12 15:32:08'),(275,778,2568,1,'updated','อัปเดตข้อมูลนักศึกษา','2025-10-12 15:32:17','2025-10-12 15:32:17'),(276,779,2568,1,'updated','อัปเดตข้อมูลนักศึกษา','2025-10-12 15:32:29','2025-10-12 15:32:29'),(277,780,2568,1,'updated','อัปเดตข้อมูลนักศึกษา','2025-10-12 15:32:49','2025-10-12 15:32:49'),(278,781,2568,1,'updated','อัปเดตข้อมูลนักศึกษา','2025-10-12 15:32:59','2025-10-12 15:32:59'),(279,782,2568,1,'updated','อัปเดตข้อมูลนักศึกษา','2025-10-12 15:33:14','2025-10-12 15:33:14'),(280,783,2568,1,'updated','อัปเดตข้อมูลนักศึกษา','2025-10-12 15:33:46','2025-10-12 15:33:46'),(281,784,2568,1,'updated','อัปเดตข้อมูลนักศึกษา','2025-10-12 15:34:03','2025-10-12 15:34:03'),(282,785,2568,1,'updated','อัปเดตข้อมูลนักศึกษา','2025-10-12 15:34:12','2025-10-12 15:34:12'),(283,786,2568,1,'updated','อัปเดตข้อมูลนักศึกษา','2025-10-12 15:34:20','2025-10-12 15:34:20'),(284,787,2568,1,'updated','อัปเดตข้อมูลนักศึกษา','2025-10-12 15:34:29','2025-10-12 15:34:29'),(285,788,2568,1,'updated','อัปเดตข้อมูลนักศึกษา','2025-10-12 15:34:39','2025-10-12 15:34:39'),(286,789,2568,1,'updated','อัปเดตข้อมูลนักศึกษา','2025-10-12 15:34:50','2025-10-12 15:34:50'),(287,790,2568,1,'updated','อัปเดตข้อมูลนักศึกษา','2025-10-12 15:35:03','2025-10-12 15:35:03'),(288,791,2568,1,'updated','อัปเดตข้อมูลนักศึกษา','2025-10-12 15:35:17','2025-10-12 15:35:17'),(289,792,2568,1,'updated','อัปเดตข้อมูลนักศึกษา','2025-10-12 15:35:28','2025-10-12 15:35:28'),(290,793,2568,1,'updated','อัปเดตข้อมูลนักศึกษา','2025-10-12 15:35:51','2025-10-12 15:35:51'),(291,794,2568,1,'updated','อัปเดตข้อมูลนักศึกษา','2025-10-12 15:36:03','2025-10-12 15:36:03'),(292,795,2568,1,'updated','อัปเดตข้อมูลนักศึกษา','2025-10-12 15:36:13','2025-10-12 15:36:13'),(293,796,2568,1,'updated','อัปเดตข้อมูลนักศึกษา','2025-10-12 15:36:27','2025-10-12 15:36:27'),(294,797,2568,1,'updated','อัปเดตข้อมูลนักศึกษา','2025-10-12 15:36:41','2025-10-12 15:36:41'),(295,798,2568,1,'updated','อัปเดตข้อมูลนักศึกษา','2025-10-12 15:36:52','2025-10-12 15:36:52'),(296,799,2568,1,'updated','อัปเดตข้อมูลนักศึกษา','2025-10-12 15:37:02','2025-10-12 15:37:02'),(297,800,2568,1,'updated','อัปเดตข้อมูลนักศึกษา','2025-10-12 15:37:11','2025-10-12 15:37:11'),(298,801,2568,1,'updated','อัปเดตข้อมูลนักศึกษา','2025-10-12 15:37:22','2025-10-12 15:37:22'),(299,802,2568,1,'updated','อัปเดตข้อมูลนักศึกษา','2025-10-12 15:37:31','2025-10-12 15:37:31'),(300,803,2568,1,'updated','อัปเดตข้อมูลนักศึกษา','2025-10-12 15:37:42','2025-10-12 15:37:42'),(301,1006,2568,1,'enrolled','เพิ่มนักศึกษาใหม่','2025-10-14 06:31:49','2025-10-14 06:31:49'),(302,1006,2568,1,'updated','อัปเดตข้อมูลนักศึกษา','2025-10-14 06:36:51','2025-10-14 06:36:51'),(303,1007,2568,1,'enrolled','เพิ่มนักศึกษาใหม่','2025-10-14 14:23:54','2025-10-14 14:23:54'),(304,1007,2568,1,'updated','อัปเดตข้อมูลนักศึกษา','2025-10-14 14:24:23','2025-10-14 14:24:23'),(305,1007,2568,1,'updated','อัปเดตข้อมูลนักศึกษา','2025-10-15 08:51:39','2025-10-15 08:51:39'),(306,1122,2568,1,'updated','อัปเดตข้อมูลนักศึกษา','2025-10-15 09:25:32','2025-10-15 09:25:32'),(307,1123,2568,1,'updated','อัปเดตข้อมูลนักศึกษา','2025-10-15 09:25:41','2025-10-15 09:25:41'),(308,1124,2568,1,'updated','อัปเดตข้อมูลนักศึกษา','2025-10-15 09:25:48','2025-10-15 09:25:48'),(309,1125,2568,1,'updated','อัปเดตข้อมูลนักศึกษา','2025-10-15 09:25:54','2025-10-15 09:25:54'),(310,1114,2568,1,'updated','อัปเดตข้อมูลนักศึกษา','2025-10-15 09:26:02','2025-10-15 09:26:02'),(311,1115,2568,1,'updated','อัปเดตข้อมูลนักศึกษา','2025-10-15 09:26:12','2025-10-15 09:26:12'),(312,1116,2568,1,'updated','อัปเดตข้อมูลนักศึกษา','2025-10-15 09:26:22','2025-10-15 09:26:22'),(313,1117,2568,1,'updated','อัปเดตข้อมูลนักศึกษา','2025-10-15 09:26:28','2025-10-15 09:26:28'),(314,1118,2568,1,'updated','อัปเดตข้อมูลนักศึกษา','2025-10-15 09:26:34','2025-10-15 09:26:34'),(315,1119,2568,1,'updated','อัปเดตข้อมูลนักศึกษา','2025-10-15 09:26:40','2025-10-15 09:26:40'),(316,1120,2568,1,'updated','อัปเดตข้อมูลนักศึกษา','2025-10-15 09:29:15','2025-10-15 09:29:15'),(317,1121,2568,1,'updated','อัปเดตข้อมูลนักศึกษา','2025-10-15 09:29:32','2025-10-15 09:29:32'),(318,1096,2568,1,'updated','อัปเดตข้อมูลนักศึกษา','2025-10-15 09:29:37','2025-10-15 09:29:37'),(319,1097,2568,1,'updated','อัปเดตข้อมูลนักศึกษา','2025-10-15 09:29:46','2025-10-15 09:29:46'),(320,1098,2568,1,'updated','อัปเดตข้อมูลนักศึกษา','2025-10-15 09:29:55','2025-10-15 09:29:55'),(321,1099,2568,1,'updated','อัปเดตข้อมูลนักศึกษา','2025-10-15 09:30:02','2025-10-15 09:30:02'),(322,1100,2568,1,'updated','อัปเดตข้อมูลนักศึกษา','2025-10-15 09:30:11','2025-10-15 09:30:11'),(323,1101,2568,1,'updated','อัปเดตข้อมูลนักศึกษา','2025-10-15 09:30:18','2025-10-15 09:30:18'),(324,1102,2568,1,'updated','อัปเดตข้อมูลนักศึกษา','2025-10-15 09:30:25','2025-10-15 09:30:25'),(325,1103,2568,1,'updated','อัปเดตข้อมูลนักศึกษา','2025-10-15 09:30:32','2025-10-15 09:30:32'),(326,1104,2568,1,'updated','อัปเดตข้อมูลนักศึกษา','2025-10-15 09:30:42','2025-10-15 09:30:42'),(327,1105,2568,1,'updated','อัปเดตข้อมูลนักศึกษา','2025-10-15 09:30:47','2025-10-15 09:30:47'),(328,1106,2568,1,'updated','อัปเดตข้อมูลนักศึกษา','2025-10-15 09:30:54','2025-10-15 09:30:54'),(329,1107,2568,1,'updated','อัปเดตข้อมูลนักศึกษา','2025-10-15 09:31:01','2025-10-15 09:31:01'),(330,1108,2568,1,'updated','อัปเดตข้อมูลนักศึกษา','2025-10-15 09:31:08','2025-10-15 09:31:08'),(331,1109,2568,1,'updated','อัปเดตข้อมูลนักศึกษา','2025-10-15 09:31:15','2025-10-15 09:31:15'),(332,1110,2568,1,'updated','อัปเดตข้อมูลนักศึกษา','2025-10-15 09:31:21','2025-10-15 09:31:21'),(333,1111,2568,1,'updated','อัปเดตข้อมูลนักศึกษา','2025-10-15 09:31:27','2025-10-15 09:31:27'),(334,1112,2568,1,'updated','อัปเดตข้อมูลนักศึกษา','2025-10-15 09:31:33','2025-10-15 09:31:33'),(335,1113,2568,1,'updated','อัปเดตข้อมูลนักศึกษา','2025-10-15 09:31:39','2025-10-15 09:31:39'),(336,1074,2568,1,'updated','อัปเดตข้อมูลนักศึกษา','2025-10-15 09:31:49','2025-10-15 09:31:49'),(337,1075,2568,1,'updated','อัปเดตข้อมูลนักศึกษา','2025-10-15 09:31:55','2025-10-15 09:31:55'),(338,1076,2568,1,'updated','อัปเดตข้อมูลนักศึกษา','2025-10-15 09:32:01','2025-10-15 09:32:01'),(339,1077,2568,1,'updated','อัปเดตข้อมูลนักศึกษา','2025-10-15 09:32:06','2025-10-15 09:32:06'),(340,1078,2568,1,'updated','อัปเดตข้อมูลนักศึกษา','2025-10-15 09:32:12','2025-10-15 09:32:12'),(341,1079,2568,1,'updated','อัปเดตข้อมูลนักศึกษา','2025-10-15 09:32:19','2025-10-15 09:32:19'),(342,1080,2568,1,'updated','อัปเดตข้อมูลนักศึกษา','2025-10-15 09:32:25','2025-10-15 09:32:25'),(343,1081,2568,1,'updated','อัปเดตข้อมูลนักศึกษา','2025-10-15 09:32:30','2025-10-15 09:32:30'),(344,1082,2568,1,'updated','อัปเดตข้อมูลนักศึกษา','2025-10-15 09:32:35','2025-10-15 09:32:35'),(345,1083,2568,1,'updated','อัปเดตข้อมูลนักศึกษา','2025-10-15 09:32:41','2025-10-15 09:32:41'),(346,1084,2568,1,'updated','อัปเดตข้อมูลนักศึกษา','2025-10-15 09:32:54','2025-10-15 09:32:54'),(347,1085,2568,1,'updated','อัปเดตข้อมูลนักศึกษา','2025-10-15 09:33:00','2025-10-15 09:33:00'),(348,1086,2568,1,'updated','อัปเดตข้อมูลนักศึกษา','2025-10-15 09:33:06','2025-10-15 09:33:06'),(349,1087,2568,1,'updated','อัปเดตข้อมูลนักศึกษา','2025-10-15 09:33:12','2025-10-15 09:33:12'),(350,1088,2568,1,'updated','อัปเดตข้อมูลนักศึกษา','2025-10-15 09:33:20','2025-10-15 09:33:20'),(351,1089,2568,1,'updated','อัปเดตข้อมูลนักศึกษา','2025-10-15 09:33:26','2025-10-15 09:33:26'),(352,1090,2568,1,'updated','อัปเดตข้อมูลนักศึกษา','2025-10-15 09:33:34','2025-10-15 09:33:34'),(353,1091,2568,1,'updated','อัปเดตข้อมูลนักศึกษา','2025-10-15 09:33:42','2025-10-15 09:33:42'),(354,1092,2568,1,'updated','อัปเดตข้อมูลนักศึกษา','2025-10-15 09:34:25','2025-10-15 09:34:25'),(355,1093,2568,1,'updated','อัปเดตข้อมูลนักศึกษา','2025-10-15 09:34:37','2025-10-15 09:34:37'),(356,1094,2568,1,'updated','อัปเดตข้อมูลนักศึกษา','2025-10-15 09:35:04','2025-10-15 09:35:04'),(357,1095,2568,1,'updated','อัปเดตข้อมูลนักศึกษา','2025-10-15 09:35:09','2025-10-15 09:35:09'),(358,1035,2568,1,'updated','อัปเดตข้อมูลนักศึกษา','2025-10-15 09:40:36','2025-10-15 09:40:36'),(359,1126,2568,1,'enrolled','เพิ่มนักศึกษาใหม่','2025-10-15 09:40:45','2025-10-15 09:40:45'),(360,1126,2568,1,'updated','อัปเดตข้อมูลนักศึกษา','2025-10-15 09:41:09','2025-10-15 09:41:09'),(361,1028,2568,1,'updated','อัปเดตข้อมูลนักศึกษา','2025-10-15 09:41:11','2025-10-15 09:41:11'),(362,1008,2568,1,'updated','อัปเดตข้อมูลนักศึกษา','2025-10-15 09:49:49','2025-10-15 09:49:49'),(363,1009,2568,1,'updated','อัปเดตข้อมูลนักศึกษา','2025-10-15 09:49:59','2025-10-15 09:49:59'),(364,1010,2568,1,'updated','อัปเดตข้อมูลนักศึกษา','2025-10-15 09:50:25','2025-10-15 09:50:25'),(365,1011,2568,1,'updated','อัปเดตข้อมูลนักศึกษา','2025-10-15 09:50:36','2025-10-15 09:50:36'),(366,1012,2568,1,'updated','อัปเดตข้อมูลนักศึกษา','2025-10-15 09:50:45','2025-10-15 09:50:45'),(367,1013,2568,1,'updated','อัปเดตข้อมูลนักศึกษา','2025-10-15 09:51:12','2025-10-15 09:51:12'),(368,1022,2568,1,'updated','อัปเดตข้อมูลนักศึกษา','2025-10-15 11:36:04','2025-10-15 11:36:04'),(369,1021,2568,1,'updated','อัปเดตข้อมูลนักศึกษา','2025-10-15 11:36:16','2025-10-15 11:36:16'),(370,1007,2568,1,'updated','อัปเดตข้อมูลนักศึกษา','2025-10-15 12:17:47','2025-10-15 12:17:47'),(371,1014,2568,1,'updated','อัปเดตข้อมูลนักศึกษา','2025-10-15 12:18:21','2025-10-15 12:18:21'),(372,1127,2568,1,'enrolled','เพิ่มนักศึกษาใหม่','2025-10-15 12:19:55','2025-10-15 12:19:55'),(373,1015,2568,1,'updated','อัปเดตข้อมูลนักศึกษา','2025-10-15 12:20:27','2025-10-15 12:20:27'),(374,1016,2568,1,'updated','อัปเดตข้อมูลนักศึกษา','2025-10-15 12:20:50','2025-10-15 12:20:50'),(375,1017,2568,1,'updated','อัปเดตข้อมูลนักศึกษา','2025-10-15 12:21:15','2025-10-15 12:21:15'),(376,1018,2568,1,'updated','อัปเดตข้อมูลนักศึกษา','2025-10-15 12:21:46','2025-10-15 12:21:46'),(377,1019,2568,1,'updated','อัปเดตข้อมูลนักศึกษา','2025-10-15 12:22:15','2025-10-15 12:22:15'),(378,1020,2568,1,'updated','อัปเดตข้อมูลนักศึกษา','2025-10-15 12:22:54','2025-10-15 12:22:54'),(379,1021,2568,1,'updated','อัปเดตข้อมูลนักศึกษา','2025-10-15 12:23:20','2025-10-15 12:23:20'),(380,1022,2568,1,'updated','อัปเดตข้อมูลนักศึกษา','2025-10-15 12:23:44','2025-10-15 12:23:44'),(381,1023,2568,1,'updated','อัปเดตข้อมูลนักศึกษา','2025-10-15 12:24:05','2025-10-15 12:24:05'),(382,1024,2568,1,'updated','อัปเดตข้อมูลนักศึกษา','2025-10-15 12:24:30','2025-10-15 12:24:30'),(383,1025,2568,1,'updated','อัปเดตข้อมูลนักศึกษา','2025-10-15 12:24:49','2025-10-15 12:24:49'),(384,1026,2568,1,'updated','อัปเดตข้อมูลนักศึกษา','2025-10-15 12:25:04','2025-10-15 12:25:04'),(385,1027,2568,1,'updated','อัปเดตข้อมูลนักศึกษา','2025-10-15 12:25:23','2025-10-15 12:25:23'),(386,1028,2568,1,'updated','อัปเดตข้อมูลนักศึกษา','2025-10-15 12:25:39','2025-10-15 12:25:39'),(387,1029,2568,1,'updated','อัปเดตข้อมูลนักศึกษา','2025-10-15 12:26:09','2025-10-15 12:26:09'),(388,1030,2568,1,'updated','อัปเดตข้อมูลนักศึกษา','2025-10-15 12:26:34','2025-10-15 12:26:34'),(389,1031,2568,1,'updated','อัปเดตข้อมูลนักศึกษา','2025-10-15 12:26:53','2025-10-15 12:26:53'),(390,1032,2568,1,'updated','อัปเดตข้อมูลนักศึกษา','2025-10-15 12:27:14','2025-10-15 12:27:14'),(391,1033,2568,1,'updated','อัปเดตข้อมูลนักศึกษา','2025-10-15 12:27:29','2025-10-15 12:27:29'),(392,1128,2568,1,'enrolled','เพิ่มนักศึกษาใหม่','2025-10-15 12:29:05','2025-10-15 12:29:05'),(393,1006,2568,1,'updated','อัปเดตข้อมูลนักศึกษา','2025-10-15 12:29:23','2025-10-15 12:29:23'),(394,1034,2568,1,'updated','อัปเดตข้อมูลนักศึกษา','2025-10-15 12:29:47','2025-10-15 12:29:47'),(395,1129,2568,1,'enrolled','เพิ่มนักศึกษาใหม่','2025-10-15 12:30:37','2025-10-15 12:30:37'),(396,1129,2568,1,'updated','อัปเดตข้อมูลนักศึกษา','2025-10-15 12:30:53','2025-10-15 12:30:53'),(397,1035,2568,1,'updated','อัปเดตข้อมูลนักศึกษา','2025-10-15 12:31:12','2025-10-15 12:31:12'),(398,1036,2568,1,'updated','อัปเดตข้อมูลนักศึกษา','2025-10-15 12:31:30','2025-10-15 12:31:30'),(399,1037,2568,1,'updated','อัปเดตข้อมูลนักศึกษา','2025-10-15 12:31:46','2025-10-15 12:31:46'),(400,1038,2568,1,'updated','อัปเดตข้อมูลนักศึกษา','2025-10-15 12:32:11','2025-10-15 12:32:11'),(401,1039,2568,1,'updated','อัปเดตข้อมูลนักศึกษา','2025-10-15 12:32:28','2025-10-15 12:32:28'),(402,1040,2568,1,'updated','อัปเดตข้อมูลนักศึกษา','2025-10-15 12:32:44','2025-10-15 12:32:44'),(403,1041,2568,1,'updated','อัปเดตข้อมูลนักศึกษา','2025-10-15 12:33:04','2025-10-15 12:33:04'),(404,1042,2568,1,'updated','อัปเดตข้อมูลนักศึกษา','2025-10-15 12:33:19','2025-10-15 12:33:19'),(405,1043,2568,1,'updated','อัปเดตข้อมูลนักศึกษา','2025-10-15 12:33:32','2025-10-15 12:33:32'),(406,1044,2568,1,'updated','อัปเดตข้อมูลนักศึกษา','2025-10-15 12:34:13','2025-10-15 12:34:13'),(407,1045,2568,1,'updated','อัปเดตข้อมูลนักศึกษา','2025-10-15 12:34:29','2025-10-15 12:34:29'),(408,1046,2568,1,'updated','อัปเดตข้อมูลนักศึกษา','2025-10-15 12:34:47','2025-10-15 12:34:47'),(409,1047,2568,1,'updated','อัปเดตข้อมูลนักศึกษา','2025-10-15 12:35:05','2025-10-15 12:35:05'),(410,1048,2568,1,'updated','อัปเดตข้อมูลนักศึกษา','2025-10-15 12:35:25','2025-10-15 12:35:25'),(411,1049,2568,1,'updated','อัปเดตข้อมูลนักศึกษา','2025-10-15 12:35:44','2025-10-15 12:35:44'),(412,1049,2568,1,'updated','อัปเดตข้อมูลนักศึกษา','2025-10-15 12:35:45','2025-10-15 12:35:45'),(413,1049,2568,1,'updated','อัปเดตข้อมูลนักศึกษา','2025-10-15 12:35:46','2025-10-15 12:35:46'),(414,1049,2568,1,'updated','อัปเดตข้อมูลนักศึกษา','2025-10-15 12:35:47','2025-10-15 12:35:47'),(415,1050,2568,1,'updated','อัปเดตข้อมูลนักศึกษา','2025-10-15 12:36:07','2025-10-15 12:36:07'),(416,1051,2568,1,'updated','อัปเดตข้อมูลนักศึกษา','2025-10-15 12:36:24','2025-10-15 12:36:24'),(417,1130,2568,1,'enrolled','เพิ่มนักศึกษาใหม่','2025-10-15 12:37:29','2025-10-15 12:37:29'),(418,1131,2568,1,'enrolled','เพิ่มนักศึกษาใหม่','2025-10-15 12:41:49','2025-10-15 12:41:49'),(419,1052,2568,1,'updated','อัปเดตข้อมูลนักศึกษา','2025-10-15 12:42:06','2025-10-15 12:42:06'),(420,1053,2568,1,'updated','อัปเดตข้อมูลนักศึกษา','2025-10-15 12:42:36','2025-10-15 12:42:36'),(421,1054,2568,1,'updated','อัปเดตข้อมูลนักศึกษา','2025-10-15 12:42:52','2025-10-15 12:42:52'),(422,1055,2568,1,'updated','อัปเดตข้อมูลนักศึกษา','2025-10-15 12:43:07','2025-10-15 12:43:07'),(423,1132,2568,1,'enrolled','เพิ่มนักศึกษาใหม่','2025-10-15 12:44:05','2025-10-15 12:44:05'),(424,1056,2568,1,'updated','อัปเดตข้อมูลนักศึกษา','2025-10-15 12:44:32','2025-10-15 12:44:32'),(425,1133,2568,1,'enrolled','เพิ่มนักศึกษาใหม่','2025-10-15 12:45:50','2025-10-15 12:45:50'),(426,1057,2568,1,'updated','อัปเดตข้อมูลนักศึกษา','2025-10-15 12:46:19','2025-10-15 12:46:19'),(427,1058,2568,1,'updated','อัปเดตข้อมูลนักศึกษา','2025-10-15 12:46:39','2025-10-15 12:46:39'),(428,1059,2568,1,'updated','อัปเดตข้อมูลนักศึกษา','2025-10-15 12:46:54','2025-10-15 12:46:54'),(429,1060,2568,1,'updated','อัปเดตข้อมูลนักศึกษา','2025-10-15 12:47:10','2025-10-15 12:47:10'),(430,1061,2568,1,'updated','อัปเดตข้อมูลนักศึกษา','2025-10-15 12:47:29','2025-10-15 12:47:29'),(431,1062,2568,1,'updated','อัปเดตข้อมูลนักศึกษา','2025-10-15 12:47:46','2025-10-15 12:47:46'),(432,1063,2568,1,'updated','อัปเดตข้อมูลนักศึกษา','2025-10-15 12:48:07','2025-10-15 12:48:07'),(433,1064,2568,1,'updated','อัปเดตข้อมูลนักศึกษา','2025-10-15 12:48:22','2025-10-15 12:48:22'),(434,1065,2568,1,'updated','อัปเดตข้อมูลนักศึกษา','2025-10-15 12:48:45','2025-10-15 12:48:45'),(435,1066,2568,1,'updated','อัปเดตข้อมูลนักศึกษา','2025-10-15 12:49:02','2025-10-15 12:49:02'),(436,1067,2568,1,'updated','อัปเดตข้อมูลนักศึกษา','2025-10-15 12:49:22','2025-10-15 12:49:22'),(437,1068,2568,1,'updated','อัปเดตข้อมูลนักศึกษา','2025-10-15 12:49:38','2025-10-15 12:49:38'),(438,1069,2568,1,'updated','อัปเดตข้อมูลนักศึกษา','2025-10-15 12:49:52','2025-10-15 12:49:52'),(439,1070,2568,1,'updated','อัปเดตข้อมูลนักศึกษา','2025-10-15 12:50:05','2025-10-15 12:50:05'),(440,1071,2568,1,'updated','อัปเดตข้อมูลนักศึกษา','2025-10-15 12:50:18','2025-10-15 12:50:18'),(441,1072,2568,1,'updated','อัปเดตข้อมูลนักศึกษา','2025-10-15 12:50:32','2025-10-15 12:50:32'),(442,1073,2568,1,'updated','อัปเดตข้อมูลนักศึกษา','2025-10-15 12:50:50','2025-10-15 12:50:50'),(443,1127,2568,1,'updated','อัปเดตข้อมูลนักศึกษา','2025-10-15 12:51:48','2025-10-15 12:51:48'),(444,1131,2568,1,'updated','อัปเดตข้อมูลนักศึกษา','2025-10-15 12:51:54','2025-10-15 12:51:54'),(445,968,2568,1,'updated','อัปเดตข้อมูลนักศึกษา','2025-10-15 12:52:00','2025-10-15 12:52:00'),(446,1128,2568,1,'updated','อัปเดตข้อมูลนักศึกษา','2025-10-15 12:52:19','2025-10-15 12:52:19'),(447,1130,2568,1,'updated','อัปเดตข้อมูลนักศึกษา','2025-10-15 12:52:51','2025-10-15 12:52:51'),(448,1132,2568,1,'updated','อัปเดตข้อมูลนักศึกษา','2025-10-15 12:53:05','2025-10-15 12:53:05'),(449,1133,2568,1,'updated','อัปเดตข้อมูลนักศึกษา','2025-10-15 12:53:56','2025-10-15 12:53:56'),(450,1057,2568,1,'updated','อัปเดตข้อมูลนักศึกษา','2025-10-15 12:54:00','2025-10-15 12:54:00'),(451,1022,2568,1,'updated','อัปเดตข้อมูลนักศึกษา','2025-10-15 13:26:08','2025-10-15 13:26:08'),(452,1088,2568,1,'updated','อัปเดตข้อมูลนักศึกษา','2025-10-15 13:52:38','2025-10-15 13:52:38'),(453,1134,2568,1,'enrolled','เพิ่มนักศึกษาใหม่','2025-10-15 13:55:39','2025-10-15 13:55:39'),(454,1134,2568,1,'updated','อัปเดตข้อมูลนักศึกษา','2025-10-15 13:56:03','2025-10-15 13:56:03'),(455,1135,2568,1,'enrolled','เพิ่มนักศึกษาใหม่','2025-10-15 14:07:47','2025-10-15 14:07:47'),(456,1135,2568,1,'updated','อัปเดตข้อมูลนักศึกษา','2025-10-15 14:08:56','2025-10-15 14:08:56'),(457,1045,2568,1,'updated','อัปเดตข้อมูลนักศึกษา','2025-10-29 21:05:37','2025-10-29 21:05:37'),(458,1188,2568,1,'updated','อัปเดตข้อมูลนักศึกษา','2025-10-30 19:00:55','2025-10-30 19:00:55'),(459,1199,2568,1,'updated','อัปเดตข้อมูลนักศึกษา','2025-10-30 19:01:09','2025-10-30 19:01:09'),(460,1182,2568,1,'updated','อัปเดตข้อมูลนักศึกษา','2025-10-30 21:56:43','2025-10-30 21:56:43'),(461,1182,2568,1,'updated','อัปเดตข้อมูลนักศึกษา','2025-10-30 22:01:42','2025-10-30 22:01:42'),(477,1358,2568,1,'enrolled','เพิ่มนักศึกษาใหม่','2025-11-01 14:25:22','2025-11-01 14:25:22'),(478,1358,2568,1,'updated','อัปเดตข้อมูลนักศึกษา','2025-11-01 14:25:34','2025-11-01 14:25:34'),(483,1361,2568,1,'enrolled','เพิ่มนักศึกษาใหม่','2025-11-01 14:55:42','2025-11-01 14:55:42'),(484,1362,2568,1,'enrolled','เพิ่มนักศึกษาใหม่','2025-11-01 14:59:40','2025-11-01 14:59:40'),(485,1361,2568,1,'updated','อัปเดตข้อมูลนักศึกษา','2025-11-01 14:59:44','2025-11-01 14:59:44'),(486,1362,2568,1,'updated','อัปเดตข้อมูลนักศึกษา','2025-11-01 14:59:46','2025-11-01 14:59:46'),(487,1363,2568,1,'enrolled','เพิ่มนักศึกษาใหม่','2025-11-01 15:03:25','2025-11-01 15:03:25'),(488,1363,2568,1,'updated','อัปเดตข้อมูลนักศึกษา','2025-11-01 15:03:28','2025-11-01 15:03:28'),(489,1364,2568,1,'enrolled','เพิ่มนักศึกษาใหม่','2025-11-01 15:05:38','2025-11-01 15:05:38'),(490,1364,2568,1,'updated','อัปเดตข้อมูลนักศึกษา','2025-11-01 15:05:41','2025-11-01 15:05:41'),(491,1365,2568,1,'updated','อัปเดตข้อมูลนักศึกษา','2025-11-01 19:18:54','2025-11-01 19:18:54'),(492,1366,2568,1,'updated','อัปเดตข้อมูลนักศึกษา','2025-11-01 19:55:59','2025-11-01 19:55:59'),(493,1367,2568,1,'enrolled','เพิ่มนักศึกษาใหม่','2025-11-01 22:14:14','2025-11-01 22:14:14'),(494,1367,2568,1,'updated','อัปเดตข้อมูลนักศึกษา','2025-11-01 22:14:17','2025-11-01 22:14:17'),(495,1368,2568,1,'enrolled','เพิ่มนักศึกษาใหม่','2025-11-02 21:26:08','2025-11-02 21:26:08'),(496,1368,2568,1,'updated','อัปเดตข้อมูลนักศึกษา','2025-11-02 21:26:42','2025-11-02 21:26:42'),(497,1368,2568,1,'updated','อัปเดตข้อมูลนักศึกษา','2025-11-02 21:47:00','2025-11-02 21:47:00'),(498,1369,2568,1,'enrolled','เพิ่มนักศึกษาใหม่','2025-11-02 21:48:18','2025-11-02 21:48:18'),(499,1369,2568,1,'updated','อัปเดตข้อมูลนักศึกษา','2025-11-02 21:49:11','2025-11-02 21:49:11'),(500,1369,2568,1,'updated','อัปเดตข้อมูลนักศึกษา','2025-11-02 21:50:05','2025-11-02 21:50:05'),(501,1368,2568,1,'updated','อัปเดตข้อมูลนักศึกษา','2025-11-02 21:51:03','2025-11-02 21:51:03'),(502,1369,2568,1,'updated','อัปเดตข้อมูลนักศึกษา','2025-11-02 21:51:17','2025-11-02 21:51:17'),(503,1367,2568,1,'updated','อัปเดตข้อมูลนักศึกษา','2025-11-02 21:51:51','2025-11-02 21:51:51'),(504,1358,2568,1,'updated','อัปเดตข้อมูลนักศึกษา','2025-11-02 21:51:58','2025-11-02 21:51:58'),(505,1363,2568,1,'updated','อัปเดตข้อมูลนักศึกษา','2025-11-02 21:52:03','2025-11-02 21:52:03'),(506,1364,2568,1,'updated','อัปเดตข้อมูลนักศึกษา','2025-11-02 21:52:07','2025-11-02 21:52:07'),(507,1361,2568,1,'updated','อัปเดตข้อมูลนักศึกษา','2025-11-02 21:52:11','2025-11-02 21:52:11'),(508,1362,2568,1,'updated','อัปเดตข้อมูลนักศึกษา','2025-11-02 21:52:15','2025-11-02 21:52:15'),(509,1365,2568,1,'updated','อัปเดตข้อมูลนักศึกษา','2025-11-02 21:52:18','2025-11-02 21:52:18'),(510,1366,2568,1,'updated','อัปเดตข้อมูลนักศึกษา','2025-11-02 21:52:22','2025-11-02 21:52:22'),(511,1367,2568,1,'updated','อัปเดตข้อมูลนักศึกษา','2025-11-02 22:28:28','2025-11-02 22:28:28'),(512,1367,2568,1,'updated','อัปเดตข้อมูลนักศึกษา','2025-11-02 22:29:10','2025-11-02 22:29:10'),(513,1358,2568,1,'updated','อัปเดตข้อมูลนักศึกษา','2025-11-02 22:29:27','2025-11-02 22:29:27'),(514,1363,2568,1,'updated','อัปเดตข้อมูลนักศึกษา','2025-11-02 22:29:36','2025-11-02 22:29:36'),(515,1364,2568,1,'updated','อัปเดตข้อมูลนักศึกษา','2025-11-02 22:29:57','2025-11-02 22:29:57'),(516,1361,2568,1,'updated','อัปเดตข้อมูลนักศึกษา','2025-11-02 22:30:12','2025-11-02 22:30:12'),(517,1362,2568,1,'updated','อัปเดตข้อมูลนักศึกษา','2025-11-02 22:30:25','2025-11-02 22:30:25'),(518,1365,2568,1,'updated','อัปเดตข้อมูลนักศึกษา','2025-11-02 22:30:36','2025-11-02 22:30:36'),(519,1366,2568,1,'updated','อัปเดตข้อมูลนักศึกษา','2025-11-02 22:30:50','2025-11-02 22:30:50'),(520,1368,2568,1,'updated','อัปเดตข้อมูลนักศึกษา','2025-11-02 22:47:03','2025-11-02 22:47:03'),(521,1369,2568,1,'updated','อัปเดตข้อมูลนักศึกษา','2025-11-02 22:47:24','2025-11-02 22:47:24'),(522,1370,2568,1,'enrolled','เพิ่มนักศึกษาใหม่','2025-11-02 23:21:55','2025-11-02 23:21:55'),(523,1370,2568,1,'updated','อัปเดตข้อมูลนักศึกษา','2025-11-02 23:21:58','2025-11-02 23:21:58'),(524,1371,2568,1,'enrolled','เพิ่มนักศึกษาใหม่','2025-11-02 23:24:55','2025-11-02 23:24:55'),(525,1371,2568,1,'updated','อัปเดตข้อมูลนักศึกษา','2025-11-02 23:25:26','2025-11-02 23:25:26'),(526,1372,2568,1,'enrolled','เพิ่มนักศึกษาใหม่','2025-11-02 23:31:14','2025-11-02 23:31:14'),(527,1373,2568,1,'enrolled','เพิ่มนักศึกษาใหม่','2025-11-02 23:31:56','2025-11-02 23:31:56'),(528,1372,2568,1,'updated','อัปเดตข้อมูลนักศึกษา','2025-11-02 23:33:12','2025-11-02 23:33:12'),(529,1373,2568,1,'updated','อัปเดตข้อมูลนักศึกษา','2025-11-02 23:33:21','2025-11-02 23:33:21'),(530,1358,2568,1,'updated','อัปเดตข้อมูลนักศึกษา','2025-11-03 00:55:52','2025-11-03 00:55:52'),(531,1358,2568,1,'updated','อัปเดตข้อมูลนักศึกษา','2025-11-03 00:56:20','2025-11-03 00:56:20'),(532,1280,2568,1,'updated','อัปเดตข้อมูลนักศึกษา','2025-11-03 01:02:47','2025-11-03 01:02:47'),(533,1280,2568,1,'updated','อัปเดตข้อมูลนักศึกษา','2025-11-03 01:03:34','2025-11-03 01:03:34'),(534,1374,2568,1,'enrolled','เพิ่มนักศึกษาใหม่','2025-11-03 03:12:53','2025-11-03 03:12:53'),(535,1374,2568,1,'updated','อัปเดตข้อมูลนักศึกษา','2025-11-03 03:13:03','2025-11-03 03:13:03'),(536,1367,2568,1,'updated','อัปเดตข้อมูลนักศึกษา','2025-11-03 03:22:10','2025-11-03 03:22:10'),(537,1374,2568,1,'updated','อัปเดตข้อมูลนักศึกษา','2025-11-03 18:43:51','2025-11-03 18:43:51'),(538,1375,2568,1,'enrolled','เพิ่มนักศึกษาใหม่','2025-11-03 21:54:18','2025-11-03 21:54:18'),(539,1375,2568,1,'updated','อัปเดตข้อมูลนักศึกษา','2025-11-03 21:54:30','2025-11-03 21:54:30'),(540,1374,2568,1,'updated','อัปเดตข้อมูลนักศึกษา','2025-11-04 23:43:36','2025-11-04 23:43:36'),(541,1006,2568,1,'updated','อัปเดตข้อมูลนักศึกษา','2025-11-04 23:59:13','2025-11-04 23:59:13'),(542,1377,2568,1,'updated','อัปเดตข้อมูลนักศึกษา','2025-11-05 15:39:53','2025-11-05 15:39:53'),(543,1376,2568,1,'updated','อัปเดตข้อมูลนักศึกษา','2025-11-05 15:40:04','2025-11-05 15:40:04'),(544,1379,2568,1,'updated','อัปเดตข้อมูลนักศึกษา','2025-11-05 17:03:29','2025-11-05 17:03:29'),(545,1378,2568,1,'updated','อัปเดตข้อมูลนักศึกษา','2025-11-05 17:03:41','2025-11-05 17:03:41'),(546,1379,2568,1,'updated','อัปเดตข้อมูลนักศึกษา','2025-11-05 17:09:13','2025-11-05 17:09:13'),(547,1380,2568,1,'updated','อัปเดตข้อมูลนักศึกษา','2025-11-05 22:25:06','2025-11-05 22:25:06'),(548,1381,2568,1,'updated','อัปเดตข้อมูลนักศึกษา','2025-11-06 09:41:28','2025-11-06 09:41:28'),(549,1384,2568,1,'updated','อัปเดตข้อมูลนักศึกษา','2025-11-06 09:54:27','2025-11-06 09:54:27'),(550,1385,2568,1,'updated','อัปเดตข้อมูลนักศึกษา','2025-11-06 09:54:41','2025-11-06 09:54:41'),(551,1367,2568,1,'updated','อัปเดตข้อมูลนักศึกษา','2025-11-06 10:45:54','2025-11-06 10:45:54'),(552,1367,2568,1,'updated','อัปเดตข้อมูลนักศึกษา','2025-11-06 10:47:33','2025-11-06 10:47:33'),(553,1367,2568,1,'updated','อัปเดตข้อมูลนักศึกษา','2025-11-06 10:51:47','2025-11-06 10:51:47');
/*!40000 ALTER TABLE `student_academic_histories` ENABLE KEYS */;
UNLOCK TABLES;

--
-- Table structure for table `student_deadline_statuses`
--

DROP TABLE IF EXISTS `student_deadline_statuses`;
/*!40101 SET @saved_cs_client     = @@character_set_client */;
/*!50503 SET character_set_client = utf8mb4 */;
CREATE TABLE `student_deadline_statuses` (
  `student_deadline_status_id` int NOT NULL AUTO_INCREMENT,
  `student_id` int NOT NULL,
  `important_deadline_id` int NOT NULL,
  `status` enum('pending','completed','exempt','late') NOT NULL DEFAULT 'pending',
  `completed_at` datetime DEFAULT NULL,
  `completed_by` int DEFAULT NULL,
  `note` text,
  `created_at` datetime NOT NULL DEFAULT CURRENT_TIMESTAMP,
  `updated_at` datetime NOT NULL DEFAULT CURRENT_TIMESTAMP,
  PRIMARY KEY (`student_deadline_status_id`),
  UNIQUE KEY `uq_student_deadline_pair` (`student_id`,`important_deadline_id`),
  KEY `student_deadline_statuses_important_deadline_id` (`important_deadline_id`),
  KEY `student_deadline_statuses_student_id` (`student_id`),
  KEY `student_deadline_statuses_status` (`status`),
  CONSTRAINT `student_deadline_statuses_ibfk_1` FOREIGN KEY (`important_deadline_id`) REFERENCES `important_deadlines` (`id`) ON DELETE CASCADE
) ENGINE=InnoDB DEFAULT CHARSET=utf8mb4 COLLATE=utf8mb4_0900_ai_ci;
/*!40101 SET character_set_client = @saved_cs_client */;

--
-- Dumping data for table `student_deadline_statuses`
--

LOCK TABLES `student_deadline_statuses` WRITE;
/*!40000 ALTER TABLE `student_deadline_statuses` DISABLE KEYS */;
/*!40000 ALTER TABLE `student_deadline_statuses` ENABLE KEYS */;
UNLOCK TABLES;

--
-- Table structure for table `student_progress`
--

DROP TABLE IF EXISTS `student_progress`;
/*!40101 SET @saved_cs_client     = @@character_set_client */;
/*!50503 SET character_set_client = utf8mb4 */;
CREATE TABLE `student_progress` (
  `student_progress_id` int NOT NULL AUTO_INCREMENT,
  `student_id` int NOT NULL,
  `progress_type` enum('internship','project') CHARACTER SET utf8mb4 COLLATE utf8mb4_unicode_ci NOT NULL,
  `current_step` int NOT NULL DEFAULT '0',
  `total_steps` int NOT NULL,
  `progress_percent` int NOT NULL DEFAULT '0',
  `is_blocked` tinyint(1) DEFAULT '0',
  `block_reason` text CHARACTER SET utf8mb4 COLLATE utf8mb4_unicode_ci,
  `next_action` varchar(100) CHARACTER SET utf8mb4 COLLATE utf8mb4_unicode_ci DEFAULT NULL,
  `last_updated` datetime DEFAULT CURRENT_TIMESTAMP,
  `created_at` datetime DEFAULT CURRENT_TIMESTAMP,
  `updated_at` datetime DEFAULT CURRENT_TIMESTAMP,
  PRIMARY KEY (`student_progress_id`),
  KEY `student_progress_student_id_progress_type` (`student_id`,`progress_type`),
  CONSTRAINT `student_progress_ibfk_1` FOREIGN KEY (`student_id`) REFERENCES `students` (`student_id`)
) ENGINE=InnoDB AUTO_INCREMENT=3 DEFAULT CHARSET=utf8mb4 COLLATE=utf8mb4_unicode_ci;
/*!40101 SET character_set_client = @saved_cs_client */;

--
-- Dumping data for table `student_progress`
--

LOCK TABLES `student_progress` WRITE;
/*!40000 ALTER TABLE `student_progress` DISABLE KEYS */;
/*!40000 ALTER TABLE `student_progress` ENABLE KEYS */;
UNLOCK TABLES;

--
-- Table structure for table `student_workflow_activities`
--

DROP TABLE IF EXISTS `student_workflow_activities`;
/*!40101 SET @saved_cs_client     = @@character_set_client */;
/*!50503 SET character_set_client = utf8mb4 */;
CREATE TABLE `student_workflow_activities` (
  `activity_id` int NOT NULL AUTO_INCREMENT,
  `student_id` int NOT NULL,
  `workflow_type` enum('internship','project1','project2') NOT NULL,
  `current_step_key` varchar(255) NOT NULL,
  `current_step_status` enum('pending','in_progress','awaiting_student_action','awaiting_admin_action','completed','rejected','skipped','blocked','cancelled') NOT NULL DEFAULT 'pending',
  `overall_workflow_status` enum('not_started','eligible','enrolled','in_progress','completed','blocked','failed','archived','cancelled') NOT NULL DEFAULT 'not_started',
  `data_payload` json DEFAULT NULL,
  `started_at` datetime DEFAULT NULL,
  `completed_at` datetime DEFAULT NULL,
  `created_at` datetime NOT NULL DEFAULT CURRENT_TIMESTAMP,
  `updated_at` datetime NOT NULL DEFAULT CURRENT_TIMESTAMP,
  PRIMARY KEY (`activity_id`),
  UNIQUE KEY `uq_student_workflow_type` (`student_id`,`workflow_type`),
  KEY `idx_student_workflow_student_id` (`student_id`),
  KEY `idx_student_workflow_type` (`workflow_type`),
  KEY `idx_student_workflow_current_step` (`current_step_key`),
  CONSTRAINT `student_workflow_activities_ibfk_1` FOREIGN KEY (`student_id`) REFERENCES `students` (`student_id`) ON DELETE CASCADE ON UPDATE CASCADE
) ENGINE=InnoDB AUTO_INCREMENT=82 DEFAULT CHARSET=utf8mb4 COLLATE=utf8mb4_0900_ai_ci;
/*!40101 SET character_set_client = @saved_cs_client */;

--
-- Dumping data for table `student_workflow_activities`
--

LOCK TABLES `student_workflow_activities` WRITE;
/*!40000 ALTER TABLE `student_workflow_activities` DISABLE KEYS */;
INSERT INTO `student_workflow_activities` VALUES (38,1006,'project1','PROJECT1_DEFENSE_RESULT','completed','completed','\"{\\\"projectId\\\":75,\\\"projectStatus\\\":\\\"in_progress\\\",\\\"examResult\\\":\\\"passed\\\",\\\"membersCount\\\":2,\\\"advisorId\\\":58,\\\"archivedAt\\\":null,\\\"studentAcknowledgedAt\\\":null,\\\"topicSubmitted\\\":true,\\\"project1DefenseRequestSubmitted\\\":true,\\\"project1DefenseScheduled\\\":true,\\\"project1DefenseSchedule\\\":null,\\\"failureAcknowledged\\\":false,\\\"meetingMetrics\\\":{\\\"approvedLogs\\\":5,\\\"requiredApprovedLogs\\\":4,\\\"attendedMeetings\\\":5,\\\"totalApprovedLogs\\\":5,\\\"totalMeetings\\\":5,\\\"lastApprovedLogAt\\\":\\\"2025-10-23T19:51:35.000Z\\\"}}\"','2025-10-14 15:16:24',NULL,'2025-10-14 15:16:24','2025-11-16 19:21:02'),(39,1007,'project1','PROJECT1_DEFENSE_RESULT','completed','completed','\"{\\\"projectId\\\":75,\\\"projectStatus\\\":\\\"in_progress\\\",\\\"examResult\\\":\\\"passed\\\",\\\"membersCount\\\":2,\\\"advisorId\\\":58,\\\"archivedAt\\\":null,\\\"studentAcknowledgedAt\\\":null,\\\"topicSubmitted\\\":true,\\\"project1DefenseRequestSubmitted\\\":true,\\\"project1DefenseScheduled\\\":true,\\\"project1DefenseSchedule\\\":null,\\\"failureAcknowledged\\\":false,\\\"meetingMetrics\\\":{\\\"approvedLogs\\\":5,\\\"requiredApprovedLogs\\\":4,\\\"attendedMeetings\\\":5,\\\"totalApprovedLogs\\\":5,\\\"totalMeetings\\\":5,\\\"lastApprovedLogAt\\\":\\\"2025-10-23T19:51:35.000Z\\\"}}\"','2025-10-14 15:16:24',NULL,'2025-10-14 15:16:24','2025-11-16 19:21:02'),(40,692,'project1','PROJECT1_TEAM_READY','awaiting_student_action','completed','\"{\\\"projectId\\\":65,\\\"projectStatus\\\":\\\"in_progress\\\",\\\"examResult\\\":\\\"passed\\\",\\\"membersCount\\\":2,\\\"advisorId\\\":50,\\\"archivedAt\\\":null,\\\"studentAcknowledgedAt\\\":null,\\\"topicSubmitted\\\":false,\\\"project1DefenseRequestSubmitted\\\":false,\\\"project1DefenseScheduled\\\":false,\\\"project1DefenseSchedule\\\":null,\\\"failureAcknowledged\\\":false,\\\"meetingMetrics\\\":{\\\"approvedLogs\\\":0,\\\"requiredApprovedLogs\\\":5,\\\"attendedMeetings\\\":1,\\\"totalApprovedLogs\\\":0,\\\"totalMeetings\\\":1,\\\"lastApprovedLogAt\\\":null}}\"','2025-10-23 17:18:18',NULL,'2025-10-23 17:18:18','2025-10-23 17:22:51'),(41,700,'project1','PROJECT1_TEAM_READY','awaiting_student_action','completed','\"{\\\"projectId\\\":65,\\\"projectStatus\\\":\\\"in_progress\\\",\\\"examResult\\\":\\\"passed\\\",\\\"membersCount\\\":2,\\\"advisorId\\\":50,\\\"archivedAt\\\":null,\\\"studentAcknowledgedAt\\\":null,\\\"topicSubmitted\\\":false,\\\"project1DefenseRequestSubmitted\\\":false,\\\"project1DefenseScheduled\\\":false,\\\"project1DefenseSchedule\\\":null,\\\"failureAcknowledged\\\":false,\\\"meetingMetrics\\\":{\\\"approvedLogs\\\":0,\\\"requiredApprovedLogs\\\":5,\\\"attendedMeetings\\\":1,\\\"totalApprovedLogs\\\":0,\\\"totalMeetings\\\":1,\\\"lastApprovedLogAt\\\":null}}\"','2025-10-23 17:18:18',NULL,'2025-10-23 17:18:18','2025-10-23 17:22:51'),(42,1065,'project1','PROJECT1_DEFENSE_RESULT','completed','completed','\"{\\\"projectId\\\":94,\\\"projectStatus\\\":\\\"in_progress\\\",\\\"examResult\\\":\\\"passed\\\",\\\"membersCount\\\":2,\\\"advisorId\\\":63,\\\"archivedAt\\\":null,\\\"studentAcknowledgedAt\\\":null,\\\"topicSubmitted\\\":true,\\\"project1DefenseRequestSubmitted\\\":true,\\\"project1DefenseScheduled\\\":true,\\\"project1DefenseSchedule\\\":null,\\\"failureAcknowledged\\\":false,\\\"meetingMetrics\\\":{\\\"approvedLogs\\\":5,\\\"requiredApprovedLogs\\\":4,\\\"attendedMeetings\\\":5,\\\"totalApprovedLogs\\\":5,\\\"totalMeetings\\\":5,\\\"lastApprovedLogAt\\\":\\\"2025-10-25T17:07:59.000Z\\\"}}\"','2025-10-26 00:10:12',NULL,'2025-10-26 00:10:12','2025-10-27 13:04:46'),(43,1068,'project1','PROJECT1_DEFENSE_RESULT','completed','completed','\"{\\\"projectId\\\":94,\\\"projectStatus\\\":\\\"in_progress\\\",\\\"examResult\\\":\\\"passed\\\",\\\"membersCount\\\":2,\\\"advisorId\\\":63,\\\"archivedAt\\\":null,\\\"studentAcknowledgedAt\\\":null,\\\"topicSubmitted\\\":true,\\\"project1DefenseRequestSubmitted\\\":true,\\\"project1DefenseScheduled\\\":true,\\\"project1DefenseSchedule\\\":null,\\\"failureAcknowledged\\\":false,\\\"meetingMetrics\\\":{\\\"approvedLogs\\\":5,\\\"requiredApprovedLogs\\\":4,\\\"attendedMeetings\\\":5,\\\"totalApprovedLogs\\\":5,\\\"totalMeetings\\\":5,\\\"lastApprovedLogAt\\\":\\\"2025-10-25T17:07:59.000Z\\\"}}\"','2025-10-26 00:10:12',NULL,'2025-10-26 00:10:12','2025-10-27 13:04:46'),(44,1024,'project1','PROJECT1_PROGRESS_CHECKINS','in_progress','completed','\"{\\\"projectId\\\":97,\\\"projectStatus\\\":\\\"in_progress\\\",\\\"examResult\\\":\\\"passed\\\",\\\"membersCount\\\":2,\\\"advisorId\\\":53,\\\"archivedAt\\\":null,\\\"studentAcknowledgedAt\\\":null,\\\"topicSubmitted\\\":true,\\\"project1DefenseRequestSubmitted\\\":false,\\\"project1DefenseScheduled\\\":false,\\\"project1DefenseSchedule\\\":null,\\\"failureAcknowledged\\\":false,\\\"meetingMetrics\\\":{\\\"approvedLogs\\\":0,\\\"requiredApprovedLogs\\\":4,\\\"attendedMeetings\\\":0,\\\"totalApprovedLogs\\\":0,\\\"totalMeetings\\\":0,\\\"lastApprovedLogAt\\\":null}}\"','2025-10-26 01:38:23',NULL,'2025-10-26 01:38:23','2025-10-30 21:18:04'),(45,763,'project1','PROJECT1_TEAM_READY','awaiting_student_action','completed','\"{\\\"projectId\\\":67,\\\"projectStatus\\\":\\\"in_progress\\\",\\\"examResult\\\":\\\"passed\\\",\\\"membersCount\\\":2,\\\"advisorId\\\":58,\\\"archivedAt\\\":null,\\\"studentAcknowledgedAt\\\":null,\\\"topicSubmitted\\\":false,\\\"project1DefenseRequestSubmitted\\\":false,\\\"project1DefenseScheduled\\\":false,\\\"project1DefenseSchedule\\\":null,\\\"failureAcknowledged\\\":false,\\\"meetingMetrics\\\":{\\\"approvedLogs\\\":0,\\\"requiredApprovedLogs\\\":4,\\\"attendedMeetings\\\":3,\\\"totalApprovedLogs\\\":0,\\\"totalMeetings\\\":3,\\\"lastApprovedLogAt\\\":null}}\"','2025-10-27 12:52:22',NULL,'2025-10-27 12:52:22','2025-10-27 12:52:22'),(46,764,'project1','PROJECT1_TEAM_READY','awaiting_student_action','completed','\"{\\\"projectId\\\":67,\\\"projectStatus\\\":\\\"in_progress\\\",\\\"examResult\\\":\\\"passed\\\",\\\"membersCount\\\":2,\\\"advisorId\\\":58,\\\"archivedAt\\\":null,\\\"studentAcknowledgedAt\\\":null,\\\"topicSubmitted\\\":false,\\\"project1DefenseRequestSubmitted\\\":false,\\\"project1DefenseScheduled\\\":false,\\\"project1DefenseSchedule\\\":null,\\\"failureAcknowledged\\\":false,\\\"meetingMetrics\\\":{\\\"approvedLogs\\\":0,\\\"requiredApprovedLogs\\\":4,\\\"attendedMeetings\\\":3,\\\"totalApprovedLogs\\\":0,\\\"totalMeetings\\\":3,\\\"lastApprovedLogAt\\\":null}}\"','2025-10-27 12:52:22',NULL,'2025-10-27 12:52:22','2025-10-27 12:52:22'),(47,1006,'internship','INTERNSHIP_COMPANY_RESPONSE_PENDING','awaiting_student_action','in_progress','\"{\\\"nextAction\\\":\\\"upload_acceptance_letter\\\"}\"','2025-10-28 13:47:32',NULL,'2025-10-28 13:47:32','2025-11-02 03:22:33'),(48,1014,'project1','PROJECT1_TEAM_READY','awaiting_student_action','completed','\"{\\\"projectId\\\":98,\\\"projectStatus\\\":\\\"in_progress\\\",\\\"examResult\\\":\\\"passed\\\",\\\"membersCount\\\":2,\\\"advisorId\\\":63,\\\"archivedAt\\\":null,\\\"studentAcknowledgedAt\\\":null,\\\"topicSubmitted\\\":false,\\\"project1DefenseRequestSubmitted\\\":true,\\\"project1DefenseScheduled\\\":true,\\\"project1DefenseSchedule\\\":null,\\\"failureAcknowledged\\\":false,\\\"meetingMetrics\\\":{\\\"approvedLogs\\\":4,\\\"requiredApprovedLogs\\\":4,\\\"attendedMeetings\\\":3,\\\"totalApprovedLogs\\\":4,\\\"totalMeetings\\\":3,\\\"lastApprovedLogAt\\\":\\\"2025-10-29T12:38:54.000Z\\\"}}\"','2025-10-29 20:04:48',NULL,'2025-10-29 20:04:48','2025-10-29 20:13:15'),(49,1131,'project1','PROJECT1_TEAM_READY','awaiting_student_action','completed','\"{\\\"projectId\\\":98,\\\"projectStatus\\\":\\\"in_progress\\\",\\\"examResult\\\":\\\"passed\\\",\\\"membersCount\\\":2,\\\"advisorId\\\":63,\\\"archivedAt\\\":null,\\\"studentAcknowledgedAt\\\":null,\\\"topicSubmitted\\\":false,\\\"project1DefenseRequestSubmitted\\\":true,\\\"project1DefenseScheduled\\\":true,\\\"project1DefenseSchedule\\\":null,\\\"failureAcknowledged\\\":false,\\\"meetingMetrics\\\":{\\\"approvedLogs\\\":4,\\\"requiredApprovedLogs\\\":4,\\\"attendedMeetings\\\":3,\\\"totalApprovedLogs\\\":4,\\\"totalMeetings\\\":3,\\\"lastApprovedLogAt\\\":\\\"2025-10-29T12:38:54.000Z\\\"}}\"','2025-10-29 20:04:48',NULL,'2025-10-29 20:04:48','2025-10-29 20:13:15'),(50,1199,'internship','INTERNSHIP_COMPANY_RESPONSE_PENDING','awaiting_student_action','in_progress','\"{\\\"nextAction\\\":\\\"upload_acceptance_letter\\\"}\"','2025-10-30 19:30:49',NULL,'2025-10-30 19:30:49','2025-10-30 19:30:49'),(51,1034,'internship','INTERNSHIP_COMPANY_RESPONSE_PENDING','awaiting_student_action','in_progress','\"{\\\"nextAction\\\":\\\"upload_acceptance_letter\\\"}\"','2025-10-30 19:46:34',NULL,'2025-10-30 19:46:34','2025-10-30 19:46:34'),(52,1024,'internship','INTERNSHIP_COMPANY_RESPONSE_PENDING','awaiting_student_action','in_progress','\"{\\\"nextAction\\\":\\\"upload_acceptance_letter\\\"}\"','2025-10-30 21:05:30',NULL,'2025-10-30 21:05:30','2025-10-30 21:05:30'),(53,1025,'project1','PROJECT1_PROGRESS_CHECKINS','in_progress','completed','\"{\\\"projectId\\\":97,\\\"projectStatus\\\":\\\"in_progress\\\",\\\"examResult\\\":\\\"passed\\\",\\\"membersCount\\\":2,\\\"advisorId\\\":53,\\\"archivedAt\\\":null,\\\"studentAcknowledgedAt\\\":null,\\\"topicSubmitted\\\":true,\\\"project1DefenseRequestSubmitted\\\":false,\\\"project1DefenseScheduled\\\":false,\\\"project1DefenseSchedule\\\":null,\\\"failureAcknowledged\\\":false,\\\"meetingMetrics\\\":{\\\"approvedLogs\\\":0,\\\"requiredApprovedLogs\\\":4,\\\"attendedMeetings\\\":0,\\\"totalApprovedLogs\\\":0,\\\"totalMeetings\\\":0,\\\"lastApprovedLogAt\\\":null}}\"','2025-10-30 21:18:04',NULL,'2025-10-30 21:18:04','2025-10-30 21:18:04'),(54,1182,'internship','INTERNSHIP_COMPANY_RESPONSE_PENDING','awaiting_student_action','in_progress','\"{\\\"nextAction\\\":\\\"upload_acceptance_letter\\\"}\"','2025-10-30 22:11:46',NULL,'2025-10-30 22:11:46','2025-10-30 22:11:46'),(55,1034,'project1','PROJECT1_PROGRESS_CHECKINS','in_progress','completed','\"{\\\"projectId\\\":100,\\\"projectStatus\\\":\\\"in_progress\\\",\\\"examResult\\\":\\\"passed\\\",\\\"membersCount\\\":2,\\\"advisorId\\\":61,\\\"archivedAt\\\":null,\\\"studentAcknowledgedAt\\\":null,\\\"topicSubmitted\\\":true,\\\"project1DefenseRequestSubmitted\\\":false,\\\"project1DefenseScheduled\\\":false,\\\"project1DefenseSchedule\\\":null,\\\"failureAcknowledged\\\":false,\\\"meetingMetrics\\\":{\\\"approvedLogs\\\":0,\\\"requiredApprovedLogs\\\":4,\\\"attendedMeetings\\\":0,\\\"totalApprovedLogs\\\":0,\\\"totalMeetings\\\":0,\\\"lastApprovedLogAt\\\":null}}\"','2025-10-30 23:36:26',NULL,'2025-10-30 23:36:26','2025-10-30 23:38:55'),(56,1051,'project1','PROJECT1_PROGRESS_CHECKINS','in_progress','completed','\"{\\\"projectId\\\":100,\\\"projectStatus\\\":\\\"in_progress\\\",\\\"examResult\\\":\\\"passed\\\",\\\"membersCount\\\":2,\\\"advisorId\\\":61,\\\"archivedAt\\\":null,\\\"studentAcknowledgedAt\\\":null,\\\"topicSubmitted\\\":true,\\\"project1DefenseRequestSubmitted\\\":false,\\\"project1DefenseScheduled\\\":false,\\\"project1DefenseSchedule\\\":null,\\\"failureAcknowledged\\\":false,\\\"meetingMetrics\\\":{\\\"approvedLogs\\\":0,\\\"requiredApprovedLogs\\\":4,\\\"attendedMeetings\\\":0,\\\"totalApprovedLogs\\\":0,\\\"totalMeetings\\\":0,\\\"lastApprovedLogAt\\\":null}}\"','2025-10-30 23:37:07',NULL,'2025-10-30 23:37:07','2025-10-30 23:38:55'),(59,1364,'internship','INTERNSHIP_COMPANY_RESPONSE_PENDING','awaiting_student_action','in_progress','\"{\\\"nextAction\\\":\\\"upload_acceptance_letter\\\"}\"','2025-11-01 15:47:40',NULL,'2025-11-01 15:47:40','2025-11-01 16:37:39'),(60,1361,'internship','INTERNSHIP_COMPANY_RESPONSE_PENDING','awaiting_student_action','in_progress','\"{\\\"nextAction\\\":\\\"upload_acceptance_letter\\\"}\"','2025-11-01 17:53:23',NULL,'2025-11-01 17:53:23','2025-11-01 17:53:23'),(61,1362,'internship','INTERNSHIP_COMPANY_RESPONSE_PENDING','awaiting_student_action','in_progress','\"{\\\"nextAction\\\":\\\"upload_acceptance_letter\\\"}\"','2025-11-01 18:14:49',NULL,'2025-11-01 18:14:49','2025-11-01 18:14:49'),(62,1365,'internship','INTERNSHIP_COMPANY_RESPONSE_PENDING','awaiting_student_action','in_progress','\"{\\\"nextAction\\\":\\\"upload_acceptance_letter\\\"}\"','2025-11-01 19:22:18',NULL,'2025-11-01 19:22:18','2025-11-01 19:22:18'),(63,1366,'internship','INTERNSHIP_COMPANY_RESPONSE_PENDING','awaiting_student_action','in_progress','\"{\\\"nextAction\\\":\\\"upload_acceptance_letter\\\"}\"','2025-11-01 20:00:01',NULL,'2025-11-01 20:00:01','2025-11-01 20:00:01'),(64,1007,'internship','INTERNSHIP_COMPANY_RESPONSE_RECEIVED','completed','in_progress','\"{\\\"acceptanceLetterDocId\\\":159,\\\"uploadedAt\\\":\\\"2025-11-04T09:25:14.148Z\\\"}\"','2025-11-02 20:03:19',NULL,'2025-11-02 20:03:19','2025-11-04 16:25:14'),(65,1358,'project1','PROJECT1_TEAM_READY','awaiting_student_action','not_started','\"{\\\"projectId\\\":101,\\\"projectStatus\\\":\\\"draft\\\",\\\"examResult\\\":null,\\\"membersCount\\\":2,\\\"advisorId\\\":null,\\\"archivedAt\\\":null,\\\"studentAcknowledgedAt\\\":null,\\\"topicSubmitted\\\":false,\\\"project1DefenseRequestSubmitted\\\":false,\\\"project1DefenseScheduled\\\":false,\\\"project1DefenseSchedule\\\":null,\\\"failureAcknowledged\\\":false,\\\"meetingMetrics\\\":{\\\"approvedLogs\\\":0,\\\"requiredApprovedLogs\\\":4,\\\"attendedMeetings\\\":0,\\\"totalApprovedLogs\\\":0,\\\"totalMeetings\\\":0,\\\"lastApprovedLogAt\\\":null}}\"','2025-11-02 21:21:30',NULL,'2025-11-02 21:21:30','2025-11-02 21:26:44'),(66,1368,'project1','PROJECT1_DEFENSE_REQUEST','awaiting_student_action','completed','\"{\\\"projectId\\\":102,\\\"projectStatus\\\":\\\"in_progress\\\",\\\"examResult\\\":\\\"passed\\\",\\\"membersCount\\\":2,\\\"advisorId\\\":71,\\\"archivedAt\\\":null,\\\"studentAcknowledgedAt\\\":null,\\\"topicSubmitted\\\":true,\\\"project1DefenseRequestSubmitted\\\":false,\\\"project1DefenseScheduled\\\":false,\\\"project1DefenseSchedule\\\":null,\\\"failureAcknowledged\\\":false,\\\"meetingMetrics\\\":{\\\"approvedLogs\\\":5,\\\"requiredApprovedLogs\\\":4,\\\"attendedMeetings\\\":5,\\\"totalApprovedLogs\\\":5,\\\"totalMeetings\\\":5,\\\"lastApprovedLogAt\\\":\\\"2025-11-02T16:11:23.000Z\\\"}}\"','2025-11-02 21:26:44',NULL,'2025-11-02 21:26:44','2025-11-02 23:12:38'),(67,1369,'project1','PROJECT1_DEFENSE_REQUEST','awaiting_student_action','completed','\"{\\\"projectId\\\":102,\\\"projectStatus\\\":\\\"in_progress\\\",\\\"examResult\\\":\\\"passed\\\",\\\"membersCount\\\":2,\\\"advisorId\\\":71,\\\"archivedAt\\\":null,\\\"studentAcknowledgedAt\\\":null,\\\"topicSubmitted\\\":true,\\\"project1DefenseRequestSubmitted\\\":false,\\\"project1DefenseScheduled\\\":false,\\\"project1DefenseSchedule\\\":null,\\\"failureAcknowledged\\\":false,\\\"meetingMetrics\\\":{\\\"approvedLogs\\\":5,\\\"requiredApprovedLogs\\\":4,\\\"attendedMeetings\\\":5,\\\"totalApprovedLogs\\\":5,\\\"totalMeetings\\\":5,\\\"lastApprovedLogAt\\\":\\\"2025-11-02T16:11:23.000Z\\\"}}\"','2025-11-02 22:40:24',NULL,'2025-11-02 22:40:24','2025-11-02 23:12:38'),(68,1370,'project1','PROJECT1_DEFENSE_RESULT','completed','completed','\"{\\\"projectId\\\":103,\\\"projectStatus\\\":\\\"in_progress\\\",\\\"examResult\\\":\\\"passed\\\",\\\"membersCount\\\":2,\\\"advisorId\\\":71,\\\"archivedAt\\\":null,\\\"studentAcknowledgedAt\\\":null,\\\"topicSubmitted\\\":true,\\\"project1DefenseRequestSubmitted\\\":true,\\\"project1DefenseScheduled\\\":true,\\\"project1DefenseSchedule\\\":null,\\\"failureAcknowledged\\\":false,\\\"meetingMetrics\\\":{\\\"approvedLogs\\\":4,\\\"requiredApprovedLogs\\\":4,\\\"attendedMeetings\\\":4,\\\"totalApprovedLogs\\\":4,\\\"totalMeetings\\\":4,\\\"lastApprovedLogAt\\\":\\\"2025-11-02T17:19:41.000Z\\\"}}\"','2025-11-03 00:20:35',NULL,'2025-11-03 00:20:35','2025-11-03 00:28:22'),(69,1371,'project1','PROJECT1_DEFENSE_RESULT','completed','completed','\"{\\\"projectId\\\":103,\\\"projectStatus\\\":\\\"in_progress\\\",\\\"examResult\\\":\\\"passed\\\",\\\"membersCount\\\":2,\\\"advisorId\\\":71,\\\"archivedAt\\\":null,\\\"studentAcknowledgedAt\\\":null,\\\"topicSubmitted\\\":true,\\\"project1DefenseRequestSubmitted\\\":true,\\\"project1DefenseScheduled\\\":true,\\\"project1DefenseSchedule\\\":null,\\\"failureAcknowledged\\\":false,\\\"meetingMetrics\\\":{\\\"approvedLogs\\\":4,\\\"requiredApprovedLogs\\\":4,\\\"attendedMeetings\\\":4,\\\"totalApprovedLogs\\\":4,\\\"totalMeetings\\\":4,\\\"lastApprovedLogAt\\\":\\\"2025-11-02T17:19:41.000Z\\\"}}\"','2025-11-03 00:20:35',NULL,'2025-11-03 00:20:35','2025-11-03 00:28:22'),(70,1372,'project1','PROJECT1_DEFENSE_REQUEST','awaiting_student_action','completed','\"{\\\"projectId\\\":104,\\\"projectStatus\\\":\\\"in_progress\\\",\\\"examResult\\\":\\\"passed\\\",\\\"membersCount\\\":2,\\\"advisorId\\\":71,\\\"archivedAt\\\":null,\\\"studentAcknowledgedAt\\\":null,\\\"topicSubmitted\\\":true,\\\"project1DefenseRequestSubmitted\\\":false,\\\"project1DefenseScheduled\\\":false,\\\"project1DefenseSchedule\\\":null,\\\"failureAcknowledged\\\":false,\\\"meetingMetrics\\\":{\\\"approvedLogs\\\":4,\\\"requiredApprovedLogs\\\":4,\\\"attendedMeetings\\\":4,\\\"totalApprovedLogs\\\":4,\\\"totalMeetings\\\":4,\\\"lastApprovedLogAt\\\":\\\"2025-11-02T18:28:08.000Z\\\"}}\"','2025-11-03 01:28:21',NULL,'2025-11-03 01:28:21','2025-11-05 23:08:24'),(71,1373,'project1','PROJECT1_DEFENSE_REQUEST','awaiting_student_action','completed','\"{\\\"projectId\\\":104,\\\"projectStatus\\\":\\\"in_progress\\\",\\\"examResult\\\":\\\"passed\\\",\\\"membersCount\\\":2,\\\"advisorId\\\":71,\\\"archivedAt\\\":null,\\\"studentAcknowledgedAt\\\":null,\\\"topicSubmitted\\\":true,\\\"project1DefenseRequestSubmitted\\\":false,\\\"project1DefenseScheduled\\\":false,\\\"project1DefenseSchedule\\\":null,\\\"failureAcknowledged\\\":false,\\\"meetingMetrics\\\":{\\\"approvedLogs\\\":4,\\\"requiredApprovedLogs\\\":4,\\\"attendedMeetings\\\":4,\\\"totalApprovedLogs\\\":4,\\\"totalMeetings\\\":4,\\\"lastApprovedLogAt\\\":\\\"2025-11-02T18:28:08.000Z\\\"}}\"','2025-11-03 01:28:21',NULL,'2025-11-03 01:28:21','2025-11-05 23:08:24'),(72,1374,'project1','PROJECT1_DEFENSE_RESULT','completed','completed','\"{\\\"projectId\\\":109,\\\"projectStatus\\\":\\\"completed\\\",\\\"examResult\\\":\\\"passed\\\",\\\"membersCount\\\":2,\\\"advisorId\\\":71,\\\"archivedAt\\\":null,\\\"studentAcknowledgedAt\\\":null,\\\"topicSubmitted\\\":true,\\\"project1DefenseRequestSubmitted\\\":true,\\\"project1DefenseScheduled\\\":true,\\\"project1DefenseSchedule\\\":null,\\\"failureAcknowledged\\\":false,\\\"meetingMetrics\\\":{\\\"approvedLogs\\\":4,\\\"requiredApprovedLogs\\\":4,\\\"attendedMeetings\\\":4,\\\"totalApprovedLogs\\\":4,\\\"totalMeetings\\\":4,\\\"lastApprovedLogAt\\\":\\\"2025-11-04T18:22:01.000Z\\\"}}\"','2025-11-03 03:16:23',NULL,'2025-11-03 03:16:23','2025-11-05 17:22:09'),(73,1375,'project1','PROJECT1_DEFENSE_RESULT','completed','completed','\"{\\\"projectId\\\":109,\\\"projectStatus\\\":\\\"completed\\\",\\\"examResult\\\":\\\"passed\\\",\\\"membersCount\\\":2,\\\"advisorId\\\":71,\\\"archivedAt\\\":null,\\\"studentAcknowledgedAt\\\":null,\\\"topicSubmitted\\\":true,\\\"project1DefenseRequestSubmitted\\\":true,\\\"project1DefenseScheduled\\\":true,\\\"project1DefenseSchedule\\\":null,\\\"failureAcknowledged\\\":false,\\\"meetingMetrics\\\":{\\\"approvedLogs\\\":4,\\\"requiredApprovedLogs\\\":4,\\\"attendedMeetings\\\":4,\\\"totalApprovedLogs\\\":4,\\\"totalMeetings\\\":4,\\\"lastApprovedLogAt\\\":\\\"2025-11-04T18:22:01.000Z\\\"}}\"','2025-11-03 22:03:01',NULL,'2025-11-03 22:03:01','2025-11-05 17:22:09'),(74,691,'project1','PROJECT1_DEFENSE_RESULT','completed','completed','\"{\\\"projectId\\\":108,\\\"projectStatus\\\":\\\"in_progress\\\",\\\"examResult\\\":\\\"passed\\\",\\\"membersCount\\\":2,\\\"advisorId\\\":44,\\\"archivedAt\\\":null,\\\"studentAcknowledgedAt\\\":null,\\\"topicSubmitted\\\":true,\\\"project1DefenseRequestSubmitted\\\":true,\\\"project1DefenseScheduled\\\":true,\\\"project1DefenseSchedule\\\":null,\\\"failureAcknowledged\\\":false,\\\"meetingMetrics\\\":{\\\"approvedLogs\\\":4,\\\"requiredApprovedLogs\\\":4,\\\"attendedMeetings\\\":4,\\\"totalApprovedLogs\\\":4,\\\"totalMeetings\\\":4,\\\"lastApprovedLogAt\\\":\\\"2025-11-04T14:02:57.000Z\\\"}}\"','2025-11-04 20:48:15',NULL,'2025-11-04 20:48:15','2025-11-04 21:05:25'),(75,695,'project1','PROJECT1_DEFENSE_RESULT','completed','completed','\"{\\\"projectId\\\":108,\\\"projectStatus\\\":\\\"in_progress\\\",\\\"examResult\\\":\\\"passed\\\",\\\"membersCount\\\":2,\\\"advisorId\\\":44,\\\"archivedAt\\\":null,\\\"studentAcknowledgedAt\\\":null,\\\"topicSubmitted\\\":true,\\\"project1DefenseRequestSubmitted\\\":true,\\\"project1DefenseScheduled\\\":true,\\\"project1DefenseSchedule\\\":null,\\\"failureAcknowledged\\\":false,\\\"meetingMetrics\\\":{\\\"approvedLogs\\\":4,\\\"requiredApprovedLogs\\\":4,\\\"attendedMeetings\\\":4,\\\"totalApprovedLogs\\\":4,\\\"totalMeetings\\\":4,\\\"lastApprovedLogAt\\\":\\\"2025-11-04T14:02:57.000Z\\\"}}\"','2025-11-04 20:48:15',NULL,'2025-11-04 20:48:15','2025-11-04 21:05:25'),(76,1378,'project1','PROJECT1_DEFENSE_RESULT','completed','completed','\"{\\\"projectId\\\":110,\\\"projectStatus\\\":\\\"in_progress\\\",\\\"examResult\\\":\\\"passed\\\",\\\"membersCount\\\":2,\\\"advisorId\\\":71,\\\"archivedAt\\\":null,\\\"studentAcknowledgedAt\\\":null,\\\"topicSubmitted\\\":true,\\\"project1DefenseRequestSubmitted\\\":true,\\\"project1DefenseScheduled\\\":true,\\\"project1DefenseSchedule\\\":null,\\\"failureAcknowledged\\\":false,\\\"meetingMetrics\\\":{\\\"approvedLogs\\\":4,\\\"requiredApprovedLogs\\\":4,\\\"attendedMeetings\\\":1,\\\"totalApprovedLogs\\\":4,\\\"totalMeetings\\\":1,\\\"lastApprovedLogAt\\\":\\\"2025-11-05T10:14:48.000Z\\\"}}\"','2025-11-05 17:08:03',NULL,'2025-11-05 17:08:03','2025-11-05 17:20:50'),(77,1379,'project1','PROJECT1_DEFENSE_RESULT','completed','completed','\"{\\\"projectId\\\":110,\\\"projectStatus\\\":\\\"in_progress\\\",\\\"examResult\\\":\\\"passed\\\",\\\"membersCount\\\":2,\\\"advisorId\\\":71,\\\"archivedAt\\\":null,\\\"studentAcknowledgedAt\\\":null,\\\"topicSubmitted\\\":true,\\\"project1DefenseRequestSubmitted\\\":true,\\\"project1DefenseScheduled\\\":true,\\\"project1DefenseSchedule\\\":null,\\\"failureAcknowledged\\\":false,\\\"meetingMetrics\\\":{\\\"approvedLogs\\\":4,\\\"requiredApprovedLogs\\\":4,\\\"attendedMeetings\\\":1,\\\"totalApprovedLogs\\\":4,\\\"totalMeetings\\\":1,\\\"lastApprovedLogAt\\\":\\\"2025-11-05T10:14:48.000Z\\\"}}\"','2025-11-05 17:08:03',NULL,'2025-11-05 17:08:03','2025-11-05 17:20:50'),(78,1376,'project1','PROJECT1_DEFENSE_SCHEDULED','pending','completed','\"{\\\"projectId\\\":111,\\\"projectStatus\\\":\\\"in_progress\\\",\\\"examResult\\\":\\\"passed\\\",\\\"membersCount\\\":2,\\\"advisorId\\\":71,\\\"archivedAt\\\":null,\\\"studentAcknowledgedAt\\\":null,\\\"topicSubmitted\\\":true,\\\"project1DefenseRequestSubmitted\\\":true,\\\"project1DefenseScheduled\\\":false,\\\"project1DefenseSchedule\\\":null,\\\"failureAcknowledged\\\":false,\\\"meetingMetrics\\\":{\\\"approvedLogs\\\":4,\\\"requiredApprovedLogs\\\":4,\\\"attendedMeetings\\\":1,\\\"totalApprovedLogs\\\":4,\\\"totalMeetings\\\":1,\\\"lastApprovedLogAt\\\":\\\"2025-11-05T11:10:31.000Z\\\"}}\"','2025-11-05 17:24:52',NULL,'2025-11-05 17:24:52','2025-11-05 18:11:10'),(79,1377,'project1','PROJECT1_DEFENSE_SCHEDULED','pending','completed','\"{\\\"projectId\\\":111,\\\"projectStatus\\\":\\\"in_progress\\\",\\\"examResult\\\":\\\"passed\\\",\\\"membersCount\\\":2,\\\"advisorId\\\":71,\\\"archivedAt\\\":null,\\\"studentAcknowledgedAt\\\":null,\\\"topicSubmitted\\\":true,\\\"project1DefenseRequestSubmitted\\\":true,\\\"project1DefenseScheduled\\\":false,\\\"project1DefenseSchedule\\\":null,\\\"failureAcknowledged\\\":false,\\\"meetingMetrics\\\":{\\\"approvedLogs\\\":4,\\\"requiredApprovedLogs\\\":4,\\\"attendedMeetings\\\":1,\\\"totalApprovedLogs\\\":4,\\\"totalMeetings\\\":1,\\\"lastApprovedLogAt\\\":\\\"2025-11-05T11:10:31.000Z\\\"}}\"','2025-11-05 17:24:52',NULL,'2025-11-05 17:24:52','2025-11-05 18:11:10'),(80,1380,'internship','INTERNSHIP_CANCELLED','cancelled','cancelled','\"{\\\"cancelledBy\\\":727,\\\"cancelledAt\\\":\\\"2025-11-05T15:39:26.257Z\\\",\\\"reason\\\":\\\"ประสงค์ขอยุติการฝึกงาน\\\",\\\"previousInternshipId\\\":85}\"','2025-11-05 22:28:28',NULL,'2025-11-05 22:28:28','2025-11-05 22:39:26'),(81,1367,'internship','INTERNSHIP_COMPANY_RESPONSE_PENDING','awaiting_student_action','in_progress','\"{\\\"nextAction\\\":\\\"upload_acceptance_letter\\\"}\"','2025-11-06 11:00:16',NULL,'2025-11-06 11:00:16','2025-11-06 11:00:16');
/*!40000 ALTER TABLE `student_workflow_activities` ENABLE KEYS */;
UNLOCK TABLES;

--
-- Table structure for table `students`
--

DROP TABLE IF EXISTS `students`;
/*!40101 SET @saved_cs_client     = @@character_set_client */;
/*!50503 SET character_set_client = utf8mb4 */;
CREATE TABLE `students` (
  `student_id` int NOT NULL AUTO_INCREMENT,
  `user_id` int NOT NULL,
  `student_code` varchar(255) CHARACTER SET utf8mb4 COLLATE utf8mb4_unicode_ci DEFAULT NULL,
  `total_credits` int DEFAULT '0',
  `major_credits` int DEFAULT '0',
  `gpa` decimal(3,2) DEFAULT NULL,
  `study_type` enum('regular','special') NOT NULL DEFAULT 'regular',
  `advisor_id` int DEFAULT NULL,
  `is_eligible_internship` tinyint(1) DEFAULT '0',
  `is_eligible_project` tinyint(1) DEFAULT '0',
  `created_at` timestamp NULL DEFAULT CURRENT_TIMESTAMP,
  `updated_at` timestamp NULL DEFAULT CURRENT_TIMESTAMP ON UPDATE CURRENT_TIMESTAMP,
  `internship_status` enum('not_started','pending_approval','in_progress','completed') DEFAULT 'not_started',
  `project_status` enum('not_started','in_progress','completed','failed') NOT NULL DEFAULT 'not_started',
  `is_enrolled_internship` tinyint(1) DEFAULT '0',
  `is_enrolled_project` tinyint(1) DEFAULT '0',
  `curriculum_id` int DEFAULT NULL,
  `classroom` varchar(10) DEFAULT NULL COMMENT 'ห้องเรียน (RA, RB, RC, DA, DB, CSB)',
  `phone_number` varchar(15) DEFAULT NULL COMMENT 'เบอร์โทรศัพท์นักศึกษา',
  PRIMARY KEY (`student_id`),
  UNIQUE KEY `student_code` (`student_code`),
  KEY `fk_student_user` (`user_id`),
  KEY `fk_student_advisor` (`advisor_id`),
  KEY `idx_student_eligibility` (`is_eligible_internship`,`is_eligible_project`),
  KEY `students_curriculum_id_foreign_idx` (`curriculum_id`),
  KEY `idx_student_classroom` (`classroom`),
  CONSTRAINT `fk_student_advisor` FOREIGN KEY (`advisor_id`) REFERENCES `teachers` (`teacher_id`),
  CONSTRAINT `fk_student_user` FOREIGN KEY (`user_id`) REFERENCES `users` (`user_id`) ON DELETE CASCADE,
  CONSTRAINT `students_curriculum_id_foreign_idx` FOREIGN KEY (`curriculum_id`) REFERENCES `curriculums` (`curriculum_id`) ON DELETE SET NULL ON UPDATE CASCADE
) ENGINE=InnoDB AUTO_INCREMENT=1390 DEFAULT CHARSET=utf8mb4 COLLATE=utf8mb4_0900_ai_ci;
/*!40101 SET character_set_client = @saved_cs_client */;

--
-- Dumping data for table `students`
--

LOCK TABLES `students` WRITE;
/*!40000 ALTER TABLE `students` DISABLE KEYS */;
INSERT INTO `students` VALUES (684,730,'6504062610030',94,54,NULL,'regular',NULL,1,0,'2025-10-08 10:43:33','2025-10-12 08:13:02','not_started','not_started',0,0,NULL,NULL,NULL),(685,731,'6504062610048',100,69,NULL,'regular',NULL,1,1,'2025-10-08 10:43:33','2025-10-12 08:13:16','not_started','not_started',0,0,NULL,NULL,NULL),(686,732,'6504062610056',89,54,NULL,'regular',NULL,1,0,'2025-10-08 10:43:33','2025-10-12 08:13:26','not_started','not_started',0,0,NULL,NULL,NULL),(687,733,'6504062610072',106,75,NULL,'regular',NULL,1,1,'2025-10-08 10:43:34','2025-10-12 08:13:41','not_started','not_started',0,0,NULL,NULL,NULL),(688,734,'6504062610081',103,72,NULL,'regular',NULL,1,1,'2025-10-08 10:43:34','2025-10-12 08:13:50','not_started','not_started',0,0,NULL,NULL,NULL),(689,735,'6504062610099',88,57,NULL,'regular',NULL,1,0,'2025-10-08 10:43:34','2025-10-12 08:14:03','not_started','not_started',0,0,NULL,NULL,NULL),(690,736,'6504062610102',110,79,NULL,'regular',NULL,1,1,'2025-10-08 10:43:34','2025-10-12 08:14:12','not_started','not_started',0,0,NULL,NULL,NULL),(691,737,'6504062610111',106,69,NULL,'regular',NULL,1,1,'2025-10-08 10:43:34','2025-11-04 14:05:48','not_started','completed',0,1,NULL,NULL,NULL),(692,738,'6504062610137',106,75,NULL,'regular',NULL,1,1,'2025-10-08 10:43:34','2025-10-23 10:23:15','not_started','completed',0,1,NULL,NULL,NULL),(693,739,'6504062610145',82,48,NULL,'regular',NULL,1,0,'2025-10-08 10:43:34','2025-10-12 08:14:49','not_started','not_started',0,0,NULL,NULL,NULL),(694,740,'6504062610153',110,79,NULL,'regular',NULL,1,1,'2025-10-08 10:43:35','2025-10-12 08:14:59','not_started','not_started',0,0,NULL,NULL,NULL),(695,741,'6504062610161',106,75,NULL,'regular',NULL,1,1,'2025-10-08 10:43:35','2025-11-04 14:05:48','not_started','completed',0,1,NULL,NULL,NULL),(696,742,'6504062610170',110,79,NULL,'regular',NULL,1,1,'2025-10-08 10:43:35','2025-10-12 08:15:21','not_started','not_started',0,0,NULL,NULL,NULL),(697,743,'6504062610188',112,75,NULL,'regular',NULL,1,1,'2025-10-08 10:43:35','2025-10-12 08:15:29','not_started','not_started',0,0,NULL,NULL,NULL),(698,744,'6504062610196',106,75,NULL,'regular',NULL,1,1,'2025-10-08 10:43:35','2025-10-12 08:15:44','not_started','not_started',0,0,NULL,NULL,NULL),(699,745,'6504062610200',103,72,NULL,'regular',NULL,1,1,'2025-10-08 10:43:35','2025-10-12 08:16:02','not_started','not_started',0,0,NULL,NULL,NULL),(700,746,'6504062610218',103,72,NULL,'regular',NULL,1,1,'2025-10-08 10:43:36','2025-10-23 10:23:15','not_started','completed',0,1,NULL,NULL,NULL),(701,747,'6504062610226',110,79,NULL,'regular',NULL,1,1,'2025-10-08 10:43:36','2025-10-12 08:16:19','not_started','not_started',0,0,NULL,NULL,NULL),(702,748,'6504062610234',110,79,NULL,'regular',NULL,1,1,'2025-10-08 10:43:36','2025-10-12 08:16:27','not_started','not_started',0,0,NULL,NULL,NULL),(703,749,'6504062610242',85,42,NULL,'regular',NULL,1,0,'2025-10-08 10:43:36','2025-10-12 08:16:56','not_started','not_started',0,0,NULL,NULL,NULL),(704,750,'6504062610269',97,66,NULL,'regular',NULL,1,1,'2025-10-08 10:43:36','2025-10-12 08:17:04','not_started','not_started',0,0,NULL,NULL,NULL),(705,751,'6504062610277',103,69,NULL,'regular',NULL,1,1,'2025-10-08 10:43:36','2025-10-12 08:17:12','not_started','not_started',0,0,NULL,NULL,NULL),(706,752,'6504062610293',76,45,NULL,'regular',NULL,0,0,'2025-10-08 10:43:37','2025-10-12 08:17:23','not_started','not_started',0,0,NULL,NULL,NULL),(707,753,'6504062610307',103,72,NULL,'regular',NULL,1,1,'2025-10-08 10:43:37','2025-10-12 08:17:32','not_started','not_started',0,0,NULL,NULL,NULL),(708,754,'6504062610315',97,66,NULL,'regular',NULL,1,1,'2025-10-08 10:43:37','2025-10-12 08:17:40','not_started','not_started',0,0,NULL,NULL,NULL),(709,755,'6504062610331',82,45,NULL,'regular',NULL,1,0,'2025-10-08 10:43:37','2025-10-12 08:17:50','not_started','not_started',0,0,NULL,NULL,NULL),(710,756,'6504062616011',100,69,NULL,'regular',NULL,1,1,'2025-10-08 10:43:37','2025-10-12 08:17:59','not_started','not_started',0,0,NULL,NULL,NULL),(711,757,'6504062616038',103,60,NULL,'regular',NULL,1,1,'2025-10-08 10:43:37','2025-10-12 08:18:08','not_started','not_started',0,0,NULL,NULL,NULL),(712,758,'6504062616062',79,48,NULL,'regular',NULL,0,0,'2025-10-08 10:43:37','2025-10-12 08:18:17','not_started','not_started',0,0,NULL,NULL,NULL),(713,759,'6504062616071',106,75,NULL,'regular',NULL,1,1,'2025-10-08 10:43:38','2025-10-12 08:18:46','not_started','not_started',0,0,NULL,NULL,NULL),(714,760,'6504062620019',91,48,NULL,'regular',NULL,1,0,'2025-10-08 10:43:38','2025-10-12 08:18:57','not_started','not_started',0,0,NULL,NULL,NULL),(715,761,'6504062620027',109,72,NULL,'regular',NULL,1,1,'2025-10-08 10:43:38','2025-10-12 08:19:18','not_started','not_started',0,0,NULL,NULL,NULL),(716,762,'6504062620035',103,66,NULL,'regular',NULL,1,1,'2025-10-08 10:43:38','2025-10-12 08:19:26','not_started','not_started',0,0,NULL,NULL,NULL),(717,763,'6504062620043',110,79,NULL,'regular',NULL,1,1,'2025-10-08 10:43:38','2025-10-12 08:19:35','not_started','not_started',0,0,NULL,NULL,NULL),(718,764,'6504062620051',103,69,NULL,'regular',NULL,1,1,'2025-10-08 10:43:38','2025-10-12 08:19:45','not_started','not_started',0,0,NULL,NULL,NULL),(719,765,'6504062620060',97,66,NULL,'regular',NULL,1,1,'2025-10-08 10:43:39','2025-10-12 08:19:59','not_started','not_started',0,0,NULL,NULL,NULL),(720,766,'6504062620078',103,69,NULL,'regular',NULL,1,1,'2025-10-08 10:43:39','2025-10-12 08:20:12','not_started','not_started',0,0,NULL,NULL,NULL),(721,767,'6504062620086',91,45,NULL,'regular',NULL,1,0,'2025-10-08 10:43:39','2025-10-12 08:20:21','not_started','not_started',0,0,NULL,NULL,NULL),(722,768,'6504062620094',106,75,NULL,'regular',NULL,1,1,'2025-10-08 10:43:39','2025-10-12 08:20:32','not_started','not_started',0,0,NULL,NULL,NULL),(723,769,'6504062620108',110,79,NULL,'regular',NULL,1,1,'2025-10-08 10:43:39','2025-10-12 08:20:48','not_started','not_started',0,0,NULL,NULL,NULL),(724,770,'6504062620116',106,75,NULL,'regular',NULL,1,1,'2025-10-08 10:43:39','2025-10-12 08:20:58','not_started','not_started',0,0,NULL,NULL,NULL),(725,771,'6504062620132',106,72,NULL,'regular',NULL,1,1,'2025-10-08 10:43:40','2025-10-12 08:21:11','not_started','not_started',0,0,NULL,NULL,NULL),(726,772,'6504062620159',110,79,NULL,'regular',NULL,1,1,'2025-10-08 10:43:40','2025-10-12 08:21:20','not_started','not_started',0,0,NULL,NULL,NULL),(727,773,'6504062620175',110,79,NULL,'regular',NULL,1,1,'2025-10-08 10:43:40','2025-10-12 08:21:27','not_started','not_started',0,0,NULL,NULL,NULL),(728,774,'6504062620191',103,69,NULL,'regular',NULL,1,1,'2025-10-08 10:43:40','2025-10-12 08:21:37','not_started','not_started',0,0,NULL,NULL,NULL),(729,775,'6504062620221',94,60,NULL,'regular',NULL,1,0,'2025-10-08 10:43:40','2025-10-12 08:21:57','not_started','not_started',0,0,NULL,NULL,NULL),(730,776,'6504062630014',106,66,NULL,'regular',NULL,1,1,'2025-10-08 10:43:40','2025-10-12 08:22:12','not_started','not_started',0,0,NULL,NULL,NULL),(731,777,'6504062630022',106,72,NULL,'regular',NULL,1,1,'2025-10-08 10:43:40','2025-10-12 08:22:19','not_started','not_started',0,0,NULL,NULL,NULL),(732,778,'6504062630031',106,75,NULL,'regular',NULL,1,1,'2025-10-08 10:43:41','2025-10-12 08:22:29','not_started','not_started',0,0,NULL,NULL,NULL),(733,779,'6504062630049',110,79,NULL,'regular',NULL,1,1,'2025-10-08 10:43:41','2025-10-12 08:22:48','not_started','not_started',0,0,NULL,NULL,NULL),(734,780,'6504062630057',110,79,NULL,'regular',NULL,1,1,'2025-10-08 10:43:41','2025-10-12 08:22:56','not_started','not_started',0,0,NULL,NULL,NULL),(735,781,'6504062630065',100,69,NULL,'regular',NULL,1,1,'2025-10-08 10:43:41','2025-10-12 08:23:04','not_started','not_started',0,0,NULL,NULL,NULL),(736,782,'6504062630073',85,57,NULL,'regular',NULL,1,0,'2025-10-08 10:43:41','2025-10-12 08:23:13','not_started','not_started',0,0,NULL,NULL,NULL),(737,783,'6504062630081',110,79,NULL,'regular',NULL,1,1,'2025-10-08 10:43:42','2025-10-12 08:23:25','not_started','not_started',0,0,NULL,NULL,NULL),(738,784,'6504062630090',110,79,NULL,'regular',NULL,1,1,'2025-10-08 10:43:42','2025-10-12 08:23:37','not_started','not_started',0,0,NULL,NULL,NULL),(739,785,'6504062630103',112,72,NULL,'regular',NULL,1,1,'2025-10-08 10:43:42','2025-10-12 08:23:47','not_started','not_started',0,0,NULL,NULL,NULL),(740,786,'6504062630111',110,66,NULL,'regular',NULL,1,1,'2025-10-08 10:43:42','2025-10-12 08:24:01','not_started','not_started',0,0,NULL,NULL,NULL),(741,787,'6504062630120',64,39,NULL,'regular',NULL,0,0,'2025-10-08 10:43:42','2025-10-12 08:24:15','not_started','not_started',0,0,NULL,NULL,NULL),(742,788,'6504062630138',110,76,NULL,'regular',NULL,1,1,'2025-10-08 10:43:42','2025-10-12 08:24:35','not_started','not_started',0,0,NULL,NULL,NULL),(743,789,'6504062630146',110,79,NULL,'regular',NULL,1,1,'2025-10-08 10:43:42','2025-10-12 08:24:58','not_started','not_started',0,0,NULL,NULL,NULL),(744,790,'6504062630154',100,69,NULL,'regular',NULL,1,1,'2025-10-08 10:43:42','2025-10-12 08:25:11','not_started','not_started',0,0,NULL,NULL,NULL),(745,791,'6504062630162',109,69,NULL,'regular',NULL,1,1,'2025-10-08 10:43:43','2025-10-12 08:25:26','not_started','not_started',0,0,NULL,NULL,NULL),(746,792,'6504062630171',94,69,NULL,'regular',NULL,1,0,'2025-10-08 10:43:43','2025-10-12 08:25:38','not_started','not_started',0,0,NULL,NULL,NULL),(747,793,'6504062630189',113,79,NULL,'regular',NULL,1,1,'2025-10-08 10:43:43','2025-10-12 08:25:48','not_started','not_started',0,0,NULL,NULL,NULL),(748,794,'6504062630197',113,79,NULL,'regular',NULL,1,1,'2025-10-08 10:43:43','2025-10-12 08:25:57','not_started','not_started',0,0,NULL,NULL,NULL),(749,795,'6504062630201',110,79,NULL,'regular',NULL,1,1,'2025-10-08 10:43:43','2025-10-12 08:26:10','not_started','not_started',0,0,NULL,NULL,NULL),(750,796,'6504062630219',110,79,NULL,'regular',NULL,1,1,'2025-10-08 10:43:43','2025-10-12 08:26:17','not_started','not_started',0,0,NULL,NULL,NULL),(751,797,'6504062630227',107,73,NULL,'regular',NULL,1,1,'2025-10-08 10:43:44','2025-10-12 08:26:28','not_started','not_started',0,0,NULL,NULL,NULL),(752,798,'6504062630235',109,72,NULL,'regular',NULL,1,1,'2025-10-08 10:43:44','2025-10-12 08:26:36','not_started','not_started',0,0,NULL,NULL,NULL),(753,799,'6504062630243',110,79,NULL,'regular',NULL,1,1,'2025-10-08 10:43:44','2025-10-12 08:27:10','not_started','not_started',0,0,NULL,NULL,NULL),(754,800,'6504062630251',84,60,NULL,'regular',NULL,1,0,'2025-10-08 10:43:44','2025-10-12 08:27:18','not_started','not_started',0,0,NULL,NULL,NULL),(755,801,'6504062630260',106,75,NULL,'regular',NULL,1,1,'2025-10-08 10:43:44','2025-10-12 08:27:30','not_started','not_started',0,0,NULL,NULL,NULL),(756,802,'6504062630278',110,79,NULL,'regular',NULL,1,1,'2025-10-08 10:43:44','2025-10-12 08:27:44','not_started','not_started',0,0,NULL,NULL,NULL),(757,803,'6504062630286',106,66,NULL,'regular',NULL,1,1,'2025-10-08 10:43:44','2025-10-12 08:27:55','not_started','not_started',0,0,NULL,NULL,NULL),(758,804,'6504062630294',110,79,NULL,'regular',NULL,1,1,'2025-10-08 10:43:45','2025-10-12 08:28:15','not_started','not_started',0,0,NULL,NULL,NULL),(759,805,'6504062630308',103,72,NULL,'regular',NULL,1,1,'2025-10-08 10:43:45','2025-10-12 08:28:25','not_started','not_started',0,0,NULL,NULL,NULL),(760,806,'6504062630332',113,79,NULL,'regular',NULL,1,1,'2025-10-08 10:43:45','2025-10-12 08:28:39','not_started','not_started',0,0,NULL,NULL,NULL),(761,807,'6504062630359',110,79,NULL,'regular',NULL,1,1,'2025-10-08 10:43:45','2025-10-12 08:28:53','not_started','not_started',0,0,NULL,NULL,NULL),(762,808,'6504062630375',110,79,NULL,'regular',NULL,1,1,'2025-10-08 10:43:45','2025-10-12 08:29:00','not_started','not_started',0,0,NULL,NULL,NULL),(763,809,'6504062630383',109,72,NULL,'regular',NULL,1,1,'2025-10-08 10:43:45','2025-10-27 05:52:22','not_started','completed',0,1,NULL,NULL,NULL),(764,810,'6504062630391',109,72,NULL,'regular',NULL,1,1,'2025-10-08 10:43:46','2025-10-27 05:52:22','not_started','completed',0,1,NULL,NULL,NULL),(765,811,'6504062636012',106,63,NULL,'regular',NULL,1,1,'2025-10-08 10:43:46','2025-10-12 08:29:45','not_started','not_started',0,0,NULL,NULL,NULL),(766,812,'6504062636021',106,75,NULL,'regular',NULL,1,1,'2025-10-08 10:43:46','2025-10-12 08:30:03','not_started','not_started',0,0,NULL,NULL,NULL),(767,813,'6504062636039',97,69,NULL,'regular',NULL,1,1,'2025-10-08 10:43:46','2025-10-12 08:30:19','not_started','not_started',0,0,NULL,NULL,NULL),(768,814,'6504062636055',106,69,NULL,'regular',NULL,1,1,'2025-10-08 10:43:46','2025-10-12 08:30:29','not_started','not_started',0,0,NULL,NULL,NULL),(769,815,'6504062636098',106,69,NULL,'regular',NULL,1,1,'2025-10-08 10:43:46','2025-10-12 08:30:38','not_started','not_started',0,0,NULL,NULL,NULL),(770,816,'6504062636101',106,66,NULL,'regular',NULL,1,1,'2025-10-08 10:43:47','2025-10-12 08:30:47','not_started','not_started',0,0,NULL,NULL,NULL),(771,817,'6504062636110',106,66,NULL,'regular',NULL,1,1,'2025-10-08 10:43:47','2025-10-12 08:30:56','not_started','not_started',0,0,NULL,NULL,NULL),(772,818,'6504062636128',109,72,NULL,'regular',NULL,1,1,'2025-10-08 10:43:47','2025-10-12 08:31:08','not_started','not_started',0,0,NULL,NULL,NULL),(773,819,'6504062636136',103,69,NULL,'regular',NULL,1,1,'2025-10-08 10:43:47','2025-10-12 08:31:24','not_started','not_started',0,0,NULL,NULL,NULL),(774,820,'6504062636152',103,63,NULL,'regular',NULL,1,1,'2025-10-08 10:43:47','2025-10-12 08:31:33','not_started','not_started',0,0,NULL,NULL,NULL),(775,821,'6504062636179',106,66,NULL,'regular',NULL,1,1,'2025-10-08 10:43:47','2025-10-12 08:31:42','not_started','not_started',0,0,NULL,NULL,NULL),(776,822,'6504062636195',97,66,NULL,'regular',NULL,1,1,'2025-10-08 10:43:48','2025-10-12 08:31:55','not_started','not_started',0,0,NULL,NULL,NULL),(777,823,'6504062636209',110,79,NULL,'regular',NULL,1,1,'2025-10-08 10:43:48','2025-10-12 08:32:08','not_started','not_started',0,0,NULL,NULL,NULL),(778,824,'6504062636233',100,60,NULL,'regular',NULL,1,1,'2025-10-08 10:43:48','2025-10-12 08:32:17','not_started','not_started',0,0,NULL,NULL,NULL),(779,825,'6504062636268',85,51,NULL,'regular',NULL,1,0,'2025-10-08 10:43:48','2025-10-12 08:32:29','not_started','not_started',0,0,NULL,NULL,NULL),(780,826,'6504062636276',76,39,NULL,'regular',NULL,0,0,'2025-10-08 10:43:48','2025-10-12 08:32:49','not_started','not_started',0,0,NULL,NULL,NULL),(781,827,'6504062636284',97,57,NULL,'regular',NULL,1,1,'2025-10-08 10:43:48','2025-10-12 08:32:59','not_started','not_started',0,0,NULL,NULL,NULL),(782,828,'6504062636292',97,48,NULL,'regular',NULL,1,0,'2025-10-08 10:43:49','2025-10-12 08:33:14','not_started','not_started',0,0,NULL,NULL,NULL),(783,829,'6504062636349',91,57,NULL,'regular',NULL,1,0,'2025-10-08 10:43:49','2025-10-12 08:33:46','not_started','not_started',0,0,NULL,NULL,NULL),(784,830,'6504062636357',100,66,NULL,'regular',NULL,1,1,'2025-10-08 10:43:49','2025-10-12 08:34:03','not_started','not_started',0,0,NULL,NULL,NULL),(785,831,'6504062636381',106,75,NULL,'regular',NULL,1,1,'2025-10-08 10:43:49','2025-10-12 08:34:12','not_started','not_started',0,0,NULL,NULL,NULL),(786,832,'6504062636403',97,60,NULL,'regular',NULL,1,1,'2025-10-08 10:43:49','2025-10-12 08:34:20','not_started','not_started',0,0,NULL,NULL,NULL),(787,833,'6504062660011',100,69,NULL,'regular',NULL,1,1,'2025-10-08 10:43:49','2025-10-12 08:34:29','not_started','not_started',0,0,NULL,NULL,NULL),(788,834,'6504062660029',100,63,NULL,'regular',NULL,1,1,'2025-10-08 10:43:49','2025-10-12 08:34:39','not_started','not_started',0,0,NULL,NULL,NULL),(789,835,'6504062660053',79,45,NULL,'regular',NULL,0,0,'2025-10-08 10:43:50','2025-10-12 08:34:50','not_started','not_started',0,0,NULL,NULL,NULL),(790,836,'6504062663028',100,69,NULL,'regular',NULL,1,1,'2025-10-08 10:43:50','2025-10-12 08:35:03','not_started','not_started',0,0,NULL,NULL,NULL),(791,837,'6504062663061',104,75,NULL,'regular',NULL,1,1,'2025-10-08 10:43:50','2025-10-12 08:35:17','not_started','not_started',0,0,NULL,NULL,NULL),(792,838,'6504062663079',69,36,NULL,'regular',NULL,0,0,'2025-10-08 10:43:50','2025-10-12 08:35:28','not_started','not_started',0,0,NULL,NULL,NULL),(793,839,'6504062663087',110,79,NULL,'regular',NULL,1,1,'2025-10-08 10:43:50','2025-10-12 08:35:51','not_started','not_started',0,0,NULL,NULL,NULL),(794,840,'6504062663095',110,79,NULL,'regular',NULL,1,1,'2025-10-08 10:43:50','2025-10-12 08:36:03','not_started','not_started',0,0,NULL,NULL,NULL),(795,841,'6504062663117',106,72,NULL,'regular',NULL,1,1,'2025-10-08 10:43:50','2025-10-12 08:36:13','not_started','not_started',0,0,NULL,NULL,NULL),(796,842,'6504062663141',100,69,NULL,'regular',NULL,1,1,'2025-10-08 10:43:50','2025-10-12 08:36:27','not_started','not_started',0,0,NULL,NULL,NULL),(797,843,'6504062663150',85,54,NULL,'regular',NULL,1,0,'2025-10-08 10:43:51','2025-10-12 08:36:41','not_started','not_started',0,0,NULL,NULL,NULL),(798,844,'6504062663184',77,42,NULL,'regular',NULL,0,0,'2025-10-08 10:43:51','2025-10-12 08:36:52','not_started','not_started',0,0,NULL,NULL,NULL),(799,845,'6504062663192',106,75,NULL,'regular',NULL,1,1,'2025-10-08 10:43:51','2025-10-12 08:37:02','not_started','not_started',0,0,NULL,NULL,NULL),(800,846,'6504062663222',85,48,NULL,'regular',NULL,1,0,'2025-10-08 10:43:51','2025-10-12 08:37:11','not_started','not_started',0,0,NULL,NULL,NULL),(801,847,'6504062663249',110,79,NULL,'regular',NULL,1,1,'2025-10-08 10:43:51','2025-10-12 08:37:22','not_started','not_started',0,0,NULL,NULL,NULL),(802,848,'6504062663273',85,42,NULL,'regular',NULL,1,0,'2025-10-08 10:43:51','2025-10-12 08:37:31','not_started','not_started',0,0,NULL,NULL,NULL),(803,849,'6504062663290',88,60,NULL,'regular',NULL,1,0,'2025-10-08 10:43:51','2025-10-12 08:37:42','not_started','not_started',0,0,NULL,NULL,NULL),(804,850,'6504062610013',103,69,0.00,'regular',NULL,1,1,'2025-10-08 10:47:17','2025-10-12 08:12:50','not_started','not_started',0,0,NULL,NULL,NULL),(805,851,'6604062610021',0,0,NULL,'regular',NULL,0,0,'2025-10-08 11:11:05','2025-10-08 11:11:05','not_started','not_started',0,0,NULL,NULL,NULL),(806,852,'6604062610039',0,0,NULL,'regular',NULL,0,0,'2025-10-08 11:11:05','2025-10-08 11:11:05','not_started','not_started',0,0,NULL,NULL,NULL),(807,853,'6604062610047',0,0,NULL,'regular',NULL,0,0,'2025-10-09 01:25:48','2025-10-09 01:25:48','not_started','not_started',0,0,NULL,NULL,NULL),(808,854,'6604062610063',0,0,NULL,'regular',NULL,0,0,'2025-10-09 01:25:49','2025-10-09 01:25:49','not_started','not_started',0,0,NULL,NULL,NULL),(809,855,'6604062610071',0,0,NULL,'regular',NULL,0,0,'2025-10-09 01:25:49','2025-10-09 01:25:49','not_started','not_started',0,0,NULL,NULL,NULL),(810,856,'6604062610098',0,0,NULL,'regular',NULL,0,0,'2025-10-09 01:25:49','2025-10-09 01:25:49','not_started','not_started',0,0,NULL,NULL,NULL),(811,857,'6604062610101',0,0,NULL,'regular',NULL,0,0,'2025-10-09 01:25:49','2025-10-09 01:25:49','not_started','not_started',0,0,NULL,NULL,NULL),(812,858,'6604062610187',0,0,NULL,'regular',NULL,0,0,'2025-10-09 01:25:49','2025-10-09 01:25:49','not_started','not_started',0,0,NULL,NULL,NULL),(813,859,'6604062610217',0,0,NULL,'regular',NULL,0,0,'2025-10-09 01:25:50','2025-10-09 01:25:50','not_started','not_started',0,0,NULL,NULL,NULL),(814,860,'6604062610225',0,0,NULL,'regular',NULL,0,0,'2025-10-09 01:25:50','2025-10-09 01:25:50','not_started','not_started',0,0,NULL,NULL,NULL),(815,861,'6604062610241',0,0,NULL,'regular',NULL,0,0,'2025-10-09 01:25:50','2025-10-09 01:25:50','not_started','not_started',0,0,NULL,NULL,NULL),(816,862,'6604062610250',0,0,NULL,'regular',NULL,0,0,'2025-10-09 01:25:50','2025-10-09 01:25:50','not_started','not_started',0,0,NULL,NULL,NULL),(817,863,'6604062610268',0,0,NULL,'regular',NULL,0,0,'2025-10-09 01:25:50','2025-10-09 01:25:50','not_started','not_started',0,0,NULL,NULL,NULL),(818,864,'6604062610284',0,0,NULL,'regular',NULL,0,0,'2025-10-09 01:25:50','2025-10-09 01:25:50','not_started','not_started',0,0,NULL,NULL,NULL),(819,865,'6604062610292',0,0,NULL,'regular',NULL,0,0,'2025-10-09 01:25:51','2025-10-09 01:25:51','not_started','not_started',0,0,NULL,NULL,NULL),(820,866,'6604062610306',0,0,NULL,'regular',NULL,0,0,'2025-10-09 01:25:51','2025-10-09 01:25:51','not_started','not_started',0,0,NULL,NULL,NULL),(821,867,'6604062610314',0,0,NULL,'regular',NULL,0,0,'2025-10-09 01:25:51','2025-10-09 01:25:51','not_started','not_started',0,0,NULL,NULL,NULL),(822,868,'6604062610322',0,0,NULL,'regular',NULL,0,0,'2025-10-09 01:25:51','2025-10-09 01:25:51','not_started','not_started',0,0,NULL,NULL,NULL),(823,869,'6604062610331',0,0,NULL,'regular',NULL,0,0,'2025-10-09 01:25:51','2025-10-09 01:25:51','not_started','not_started',0,0,NULL,NULL,NULL),(824,870,'6604062610357',0,0,NULL,'regular',NULL,0,0,'2025-10-09 01:25:51','2025-10-09 01:25:51','not_started','not_started',0,0,NULL,NULL,NULL),(825,871,'6604062610365',0,0,NULL,'regular',NULL,0,0,'2025-10-09 01:25:52','2025-10-09 01:25:52','not_started','not_started',0,0,NULL,NULL,NULL),(826,872,'6604062610381',0,0,NULL,'regular',NULL,0,0,'2025-10-09 01:25:52','2025-10-09 01:25:52','not_started','not_started',0,0,NULL,NULL,NULL),(827,873,'6604062610390',0,0,NULL,'regular',NULL,0,0,'2025-10-09 01:25:52','2025-10-09 01:25:52','not_started','not_started',0,0,NULL,NULL,NULL),(828,874,'6604062610403',0,0,NULL,'regular',NULL,0,0,'2025-10-09 01:25:52','2025-10-09 01:25:52','not_started','not_started',0,0,NULL,NULL,NULL),(829,875,'6604062610411',0,0,NULL,'regular',NULL,0,0,'2025-10-09 01:25:52','2025-10-09 01:25:52','not_started','not_started',0,0,NULL,NULL,NULL),(830,876,'6604062610420',0,0,NULL,'regular',NULL,0,0,'2025-10-09 01:25:53','2025-10-09 01:25:53','not_started','not_started',0,0,NULL,NULL,NULL),(831,877,'6604062610438',0,0,NULL,'regular',NULL,0,0,'2025-10-09 01:25:53','2025-10-09 01:25:53','not_started','not_started',0,0,NULL,NULL,NULL),(832,878,'6604062610446',0,0,NULL,'regular',NULL,0,0,'2025-10-09 01:25:53','2025-10-09 01:25:53','not_started','not_started',0,0,NULL,NULL,NULL),(833,879,'6604062610454',0,0,NULL,'regular',NULL,0,0,'2025-10-09 01:25:53','2025-10-09 01:25:53','not_started','not_started',0,0,NULL,NULL,NULL),(834,880,'6604062610462',0,0,NULL,'regular',NULL,0,0,'2025-10-09 01:25:53','2025-10-09 01:25:53','not_started','not_started',0,0,NULL,NULL,NULL),(835,881,'6604062610471',0,0,NULL,'regular',NULL,0,0,'2025-10-09 01:25:53','2025-10-09 01:25:53','not_started','not_started',0,0,NULL,NULL,NULL),(836,882,'6604062610489',0,0,NULL,'regular',NULL,0,0,'2025-10-09 01:25:54','2025-10-09 01:25:54','not_started','not_started',0,0,NULL,NULL,NULL),(837,883,'6604062610501',0,0,NULL,'regular',NULL,0,0,'2025-10-09 01:25:54','2025-10-09 01:25:54','not_started','not_started',0,0,NULL,NULL,NULL),(838,884,'6604062610519',0,0,NULL,'regular',NULL,0,0,'2025-10-09 01:25:54','2025-10-09 01:25:54','not_started','not_started',0,0,NULL,NULL,NULL),(839,885,'6604062610535',0,0,NULL,'regular',NULL,0,0,'2025-10-09 01:25:54','2025-10-09 01:25:54','not_started','not_started',0,0,NULL,NULL,NULL),(840,886,'6604062610560',0,0,NULL,'regular',NULL,0,0,'2025-10-09 01:25:54','2025-10-09 01:25:54','not_started','not_started',0,0,NULL,NULL,NULL),(841,887,'6604062610578',0,0,NULL,'regular',NULL,0,0,'2025-10-09 01:25:54','2025-10-09 01:25:54','not_started','not_started',0,0,NULL,NULL,NULL),(842,888,'6604062610594',0,0,NULL,'regular',NULL,0,0,'2025-10-09 01:25:55','2025-10-09 01:25:55','not_started','not_started',0,0,NULL,NULL,NULL),(843,889,'6604062616029',0,0,NULL,'regular',NULL,0,0,'2025-10-09 01:25:55','2025-10-09 01:25:55','not_started','not_started',0,0,NULL,NULL,NULL),(844,890,'6604062616037',0,0,NULL,'regular',NULL,0,0,'2025-10-09 01:25:55','2025-10-09 01:25:55','not_started','not_started',0,0,NULL,NULL,NULL),(845,891,'6604062616045',0,0,NULL,'regular',NULL,0,0,'2025-10-09 01:25:55','2025-10-09 01:25:55','not_started','not_started',0,0,NULL,NULL,NULL),(846,892,'6604062616070',0,0,NULL,'regular',NULL,0,0,'2025-10-09 01:25:55','2025-10-09 01:25:55','not_started','not_started',0,0,NULL,NULL,NULL),(847,893,'6604062616126',0,0,NULL,'regular',NULL,0,0,'2025-10-09 01:25:55','2025-10-09 01:25:55','not_started','not_started',0,0,NULL,NULL,NULL),(848,894,'6604062616134',0,0,NULL,'regular',NULL,0,0,'2025-10-09 01:25:56','2025-10-09 01:25:56','not_started','not_started',0,0,NULL,NULL,NULL),(849,895,'6604062616169',0,0,NULL,'regular',NULL,0,0,'2025-10-09 01:25:56','2025-10-09 01:25:56','not_started','not_started',0,0,NULL,NULL,NULL),(850,896,'6604062616207',0,0,NULL,'regular',NULL,0,0,'2025-10-09 01:25:56','2025-10-09 01:25:56','not_started','not_started',0,0,NULL,NULL,NULL),(851,897,'6604062620018',0,0,NULL,'regular',NULL,0,0,'2025-10-09 01:25:56','2025-10-09 01:25:56','not_started','not_started',0,0,NULL,NULL,NULL),(852,898,'6604062620026',0,0,NULL,'regular',NULL,0,0,'2025-10-09 01:25:56','2025-10-09 01:25:56','not_started','not_started',0,0,NULL,NULL,NULL),(853,899,'6604062620034',0,0,NULL,'regular',NULL,0,0,'2025-10-09 01:25:56','2025-10-09 01:25:56','not_started','not_started',0,0,NULL,NULL,NULL),(854,900,'6604062620042',0,0,NULL,'regular',NULL,0,0,'2025-10-09 01:25:57','2025-10-09 01:25:57','not_started','not_started',0,0,NULL,NULL,NULL),(855,901,'6604062620069',0,0,NULL,'regular',NULL,0,0,'2025-10-09 01:25:57','2025-10-09 01:25:57','not_started','not_started',0,0,NULL,NULL,NULL),(856,902,'6604062620077',0,0,NULL,'regular',NULL,0,0,'2025-10-09 01:25:57','2025-10-09 01:25:57','not_started','not_started',0,0,NULL,NULL,NULL),(857,903,'6604062620085',0,0,NULL,'regular',NULL,0,0,'2025-10-09 01:25:57','2025-10-09 01:25:57','not_started','not_started',0,0,NULL,NULL,NULL),(858,904,'6604062620107',0,0,NULL,'regular',NULL,0,0,'2025-10-09 01:25:57','2025-10-09 01:25:57','not_started','not_started',0,0,NULL,NULL,NULL),(859,905,'6604062620115',0,0,NULL,'regular',NULL,0,0,'2025-10-09 01:25:57','2025-10-09 01:25:57','not_started','not_started',0,0,NULL,NULL,NULL),(860,906,'6604062620131',0,0,NULL,'regular',NULL,0,0,'2025-10-09 01:25:58','2025-10-09 01:25:58','not_started','not_started',0,0,NULL,NULL,NULL),(861,907,'6604062620140',0,0,NULL,'regular',NULL,0,0,'2025-10-09 01:25:58','2025-10-09 01:25:58','not_started','not_started',0,0,NULL,NULL,NULL),(862,908,'6604062620158',0,0,NULL,'regular',NULL,0,0,'2025-10-09 01:25:58','2025-10-09 01:25:58','not_started','not_started',0,0,NULL,NULL,NULL),(863,909,'6604062620166',0,0,NULL,'regular',NULL,0,0,'2025-10-09 01:25:58','2025-10-09 01:25:58','not_started','not_started',0,0,NULL,NULL,NULL),(864,910,'6604062620204',0,0,NULL,'regular',NULL,0,0,'2025-10-09 01:25:58','2025-10-09 01:25:58','not_started','not_started',0,0,NULL,NULL,NULL),(865,911,'6604062620212',0,0,NULL,'regular',NULL,0,0,'2025-10-09 01:25:58','2025-10-09 01:25:58','not_started','not_started',0,0,NULL,NULL,NULL),(866,912,'6604062620221',0,0,NULL,'regular',NULL,0,0,'2025-10-09 01:25:59','2025-10-09 01:25:59','not_started','not_started',0,0,NULL,NULL,NULL),(867,913,'6604062620239',0,0,NULL,'regular',NULL,0,0,'2025-10-09 01:25:59','2025-10-09 01:25:59','not_started','not_started',0,0,NULL,NULL,NULL),(868,914,'6604062620255',0,0,NULL,'regular',NULL,0,0,'2025-10-09 01:25:59','2025-10-09 01:25:59','not_started','not_started',0,0,NULL,NULL,NULL),(869,915,'6604062620263',0,0,NULL,'regular',NULL,0,0,'2025-10-09 01:25:59','2025-10-09 01:25:59','not_started','not_started',0,0,NULL,NULL,NULL),(870,916,'6604062620271',0,0,NULL,'regular',NULL,0,0,'2025-10-09 01:25:59','2025-10-09 01:25:59','not_started','not_started',0,0,NULL,NULL,NULL),(871,917,'6604062620280',0,0,NULL,'regular',NULL,0,0,'2025-10-09 01:26:00','2025-10-09 01:26:00','not_started','not_started',0,0,NULL,NULL,NULL),(872,918,'6604062620298',0,0,NULL,'regular',NULL,0,0,'2025-10-09 01:26:00','2025-10-09 01:26:00','not_started','not_started',0,0,NULL,NULL,NULL),(873,919,'6604062620301',0,0,NULL,'regular',NULL,0,0,'2025-10-09 01:26:00','2025-10-09 01:26:00','not_started','not_started',0,0,NULL,NULL,NULL),(874,920,'6604062620328',0,0,NULL,'regular',NULL,0,0,'2025-10-09 01:26:00','2025-10-09 01:26:00','not_started','not_started',0,0,NULL,NULL,NULL),(875,921,'6604062620336',0,0,NULL,'regular',NULL,0,0,'2025-10-09 01:26:00','2025-10-09 01:26:00','not_started','not_started',0,0,NULL,NULL,NULL),(876,922,'6604062630013',0,0,NULL,'regular',NULL,0,0,'2025-10-09 01:26:00','2025-10-09 01:26:00','not_started','not_started',0,0,NULL,NULL,NULL),(877,923,'6604062630021',0,0,NULL,'regular',NULL,0,0,'2025-10-09 01:26:01','2025-10-09 01:26:01','not_started','not_started',0,0,NULL,NULL,NULL),(878,924,'6604062630030',0,0,NULL,'regular',NULL,0,0,'2025-10-09 01:26:01','2025-10-09 01:26:01','not_started','not_started',0,0,NULL,NULL,NULL),(879,925,'6604062630056',0,0,NULL,'regular',NULL,0,0,'2025-10-09 01:26:01','2025-10-09 01:26:01','not_started','not_started',0,0,NULL,NULL,NULL),(880,926,'6604062630064',0,0,NULL,'regular',NULL,0,0,'2025-10-09 01:26:01','2025-10-09 01:26:01','not_started','not_started',0,0,NULL,NULL,NULL),(881,927,'6604062630072',0,0,NULL,'regular',NULL,0,0,'2025-10-09 01:26:01','2025-10-09 01:26:01','not_started','not_started',0,0,NULL,NULL,NULL),(882,928,'6604062630081',0,0,NULL,'regular',NULL,0,0,'2025-10-09 01:26:01','2025-10-09 01:26:01','not_started','not_started',0,0,NULL,NULL,NULL),(883,929,'6604062630099',0,0,NULL,'regular',NULL,0,0,'2025-10-09 01:26:02','2025-10-09 01:26:02','not_started','not_started',0,0,NULL,NULL,NULL),(884,930,'6604062630111',0,0,NULL,'regular',NULL,0,0,'2025-10-09 01:26:02','2025-10-09 01:26:02','not_started','not_started',0,0,NULL,NULL,NULL),(885,931,'6604062630129',0,0,NULL,'regular',NULL,0,0,'2025-10-09 01:26:02','2025-10-09 01:26:02','not_started','not_started',0,0,NULL,NULL,NULL),(886,932,'6604062630145',0,0,NULL,'regular',NULL,0,0,'2025-10-09 01:26:02','2025-10-09 01:26:02','not_started','not_started',0,0,NULL,NULL,NULL),(887,933,'6604062630153',0,0,NULL,'regular',NULL,0,0,'2025-10-09 01:26:02','2025-10-09 01:26:02','not_started','not_started',0,0,NULL,NULL,NULL),(888,934,'6604062630170',0,0,NULL,'regular',NULL,0,0,'2025-10-09 01:26:02','2025-10-09 01:26:02','not_started','not_started',0,0,NULL,NULL,NULL),(889,935,'6604062630188',0,0,NULL,'regular',NULL,0,0,'2025-10-09 01:26:03','2025-10-09 01:26:03','not_started','not_started',0,0,NULL,NULL,NULL),(890,936,'6604062630196',0,0,NULL,'regular',NULL,0,0,'2025-10-09 01:26:03','2025-10-09 01:26:03','not_started','not_started',0,0,NULL,NULL,NULL),(891,937,'6604062630200',0,0,NULL,'regular',NULL,0,0,'2025-10-09 01:26:03','2025-10-09 01:26:03','not_started','not_started',0,0,NULL,NULL,NULL),(892,938,'6604062630218',0,0,NULL,'regular',NULL,0,0,'2025-10-09 01:26:03','2025-10-09 01:26:03','not_started','not_started',0,0,NULL,NULL,NULL),(893,939,'6604062630226',0,0,NULL,'regular',NULL,0,0,'2025-10-09 01:26:03','2025-10-09 01:26:03','not_started','not_started',0,0,NULL,NULL,NULL),(894,940,'6604062630234',0,0,NULL,'regular',NULL,0,0,'2025-10-09 01:26:04','2025-10-09 01:26:04','not_started','not_started',0,0,NULL,NULL,NULL),(895,941,'6604062630251',0,0,NULL,'regular',NULL,0,0,'2025-10-09 01:26:04','2025-10-09 01:26:04','not_started','not_started',0,0,NULL,NULL,NULL),(896,942,'6604062630269',0,0,NULL,'regular',NULL,0,0,'2025-10-09 01:26:04','2025-10-09 01:26:04','not_started','not_started',0,0,NULL,NULL,NULL),(897,943,'6604062630277',0,0,NULL,'regular',NULL,0,0,'2025-10-09 01:26:04','2025-10-09 01:26:04','not_started','not_started',0,0,NULL,NULL,NULL),(898,944,'6604062630285',0,0,NULL,'regular',NULL,0,0,'2025-10-09 01:26:04','2025-10-09 01:26:04','not_started','not_started',0,0,NULL,NULL,NULL),(899,945,'6604062630293',0,0,NULL,'regular',NULL,0,0,'2025-10-09 01:26:04','2025-10-09 01:26:04','not_started','not_started',0,0,NULL,NULL,NULL),(900,946,'6604062630315',0,0,NULL,'regular',NULL,0,0,'2025-10-09 01:26:05','2025-10-09 01:26:05','not_started','not_started',0,0,NULL,NULL,NULL),(901,947,'6604062630323',0,0,NULL,'regular',NULL,0,0,'2025-10-09 01:26:05','2025-10-09 01:26:05','not_started','not_started',0,0,NULL,NULL,NULL),(902,948,'6604062630331',0,0,NULL,'regular',NULL,0,0,'2025-10-09 01:26:05','2025-10-09 01:26:05','not_started','not_started',0,0,NULL,NULL,NULL),(903,949,'6604062630358',0,0,NULL,'regular',NULL,0,0,'2025-10-09 01:26:05','2025-10-09 01:26:05','not_started','not_started',0,0,NULL,NULL,NULL),(904,950,'6604062630366',0,0,NULL,'regular',NULL,0,0,'2025-10-09 01:26:05','2025-10-09 01:26:05','not_started','not_started',0,0,NULL,NULL,NULL),(905,951,'6604062630382',0,0,NULL,'regular',NULL,0,0,'2025-10-09 01:26:06','2025-10-09 01:26:06','not_started','not_started',0,0,NULL,NULL,NULL),(906,952,'6604062630391',0,0,NULL,'regular',NULL,0,0,'2025-10-09 01:26:06','2025-10-09 01:26:06','not_started','not_started',0,0,NULL,NULL,NULL),(907,953,'6604062630412',0,0,NULL,'regular',NULL,0,0,'2025-10-09 01:26:06','2025-10-09 01:26:06','not_started','not_started',0,0,NULL,NULL,NULL),(908,954,'6604062630421',0,0,NULL,'regular',NULL,0,0,'2025-10-09 01:26:06','2025-10-09 01:26:06','not_started','not_started',0,0,NULL,NULL,NULL),(909,955,'6604062630439',0,0,NULL,'regular',NULL,0,0,'2025-10-09 01:26:06','2025-10-09 01:26:06','not_started','not_started',0,0,NULL,NULL,NULL),(910,956,'6604062630463',0,0,NULL,'regular',NULL,0,0,'2025-10-09 01:26:06','2025-10-09 01:26:06','not_started','not_started',0,0,NULL,NULL,NULL),(911,957,'6604062630471',0,0,NULL,'regular',NULL,0,0,'2025-10-09 01:26:07','2025-10-09 01:26:07','not_started','not_started',0,0,NULL,NULL,NULL),(912,958,'6604062630480',0,0,NULL,'regular',NULL,0,0,'2025-10-09 01:26:07','2025-10-09 01:26:07','not_started','not_started',0,0,NULL,NULL,NULL),(913,959,'6604062630498',0,0,NULL,'regular',NULL,0,0,'2025-10-09 01:26:07','2025-10-09 01:26:07','not_started','not_started',0,0,NULL,NULL,NULL),(914,960,'6604062630501',0,0,NULL,'regular',NULL,0,0,'2025-10-09 01:26:07','2025-10-09 01:26:07','not_started','not_started',0,0,NULL,NULL,NULL),(915,961,'6604062630510',0,0,NULL,'regular',NULL,0,0,'2025-10-09 01:26:07','2025-10-09 01:26:07','not_started','not_started',0,0,NULL,NULL,NULL),(916,962,'6604062630528',0,0,NULL,'regular',NULL,0,0,'2025-10-09 01:26:07','2025-10-09 01:26:07','not_started','not_started',0,0,NULL,NULL,NULL),(917,963,'6604062630536',0,0,NULL,'regular',NULL,0,0,'2025-10-09 01:26:08','2025-10-09 01:26:08','not_started','not_started',0,0,NULL,NULL,NULL),(918,964,'6604062630544',0,0,NULL,'regular',NULL,0,0,'2025-10-09 01:26:08','2025-10-09 01:26:08','not_started','not_started',0,0,NULL,NULL,NULL),(919,965,'6604062630552',0,0,NULL,'regular',NULL,0,0,'2025-10-09 01:26:08','2025-10-09 01:26:08','not_started','not_started',0,0,NULL,NULL,NULL),(920,966,'6604062630561',0,0,NULL,'regular',NULL,0,0,'2025-10-09 01:26:08','2025-10-09 01:26:08','not_started','not_started',0,0,NULL,NULL,NULL),(921,967,'6604062630579',0,0,NULL,'regular',NULL,0,0,'2025-10-09 01:26:08','2025-10-09 01:26:08','not_started','not_started',0,0,NULL,NULL,NULL),(922,968,'6604062630587',0,0,NULL,'regular',NULL,0,0,'2025-10-09 01:26:08','2025-10-09 01:26:08','not_started','not_started',0,0,NULL,NULL,NULL),(923,969,'6604062636011',0,0,NULL,'regular',NULL,0,0,'2025-10-09 01:26:09','2025-10-09 01:26:09','not_started','not_started',0,0,NULL,NULL,NULL),(924,970,'6604062636046',0,0,NULL,'regular',NULL,0,0,'2025-10-09 01:26:09','2025-10-09 01:26:09','not_started','not_started',0,0,NULL,NULL,NULL),(925,971,'6604062636054',0,0,NULL,'regular',NULL,0,0,'2025-10-09 01:26:09','2025-10-09 01:26:09','not_started','not_started',0,0,NULL,NULL,NULL),(926,972,'6604062636062',0,0,NULL,'regular',NULL,0,0,'2025-10-09 01:26:09','2025-10-09 01:26:09','not_started','not_started',0,0,NULL,NULL,NULL),(927,973,'6604062636089',0,0,NULL,'regular',NULL,0,0,'2025-10-09 01:26:09','2025-10-09 01:26:09','not_started','not_started',0,0,NULL,NULL,NULL),(928,974,'6604062636119',0,0,NULL,'regular',NULL,0,0,'2025-10-09 01:26:09','2025-10-09 01:26:09','not_started','not_started',0,0,NULL,NULL,NULL),(929,975,'6604062636127',0,0,NULL,'regular',NULL,0,0,'2025-10-09 01:26:10','2025-10-09 01:26:10','not_started','not_started',0,0,NULL,NULL,NULL),(930,976,'6604062636135',0,0,NULL,'regular',NULL,0,0,'2025-10-09 01:26:10','2025-10-09 01:26:10','not_started','not_started',0,0,NULL,NULL,NULL),(931,977,'6604062636151',0,0,NULL,'regular',NULL,0,0,'2025-10-09 01:26:10','2025-10-09 01:26:10','not_started','not_started',0,0,NULL,NULL,NULL),(932,978,'6604062636178',0,0,NULL,'regular',NULL,0,0,'2025-10-09 01:26:10','2025-10-09 01:26:10','not_started','not_started',0,0,NULL,NULL,NULL),(933,979,'6604062636208',0,0,NULL,'regular',NULL,0,0,'2025-10-09 01:26:10','2025-10-09 01:26:10','not_started','not_started',0,0,NULL,NULL,NULL),(934,980,'6604062636224',0,0,NULL,'regular',NULL,0,0,'2025-10-09 01:26:11','2025-10-09 01:26:11','not_started','not_started',0,0,NULL,NULL,NULL),(935,981,'6604062636241',0,0,NULL,'regular',NULL,0,0,'2025-10-09 01:26:11','2025-10-09 01:26:11','not_started','not_started',0,0,NULL,NULL,NULL),(936,982,'6604062636259',0,0,NULL,'regular',NULL,0,0,'2025-10-09 01:26:11','2025-10-09 01:26:11','not_started','not_started',0,0,NULL,NULL,NULL),(937,983,'6604062636267',0,0,NULL,'regular',NULL,0,0,'2025-10-09 01:26:11','2025-10-09 01:26:11','not_started','not_started',0,0,NULL,NULL,NULL),(938,984,'6604062636275',0,0,NULL,'regular',NULL,0,0,'2025-10-09 01:26:11','2025-10-09 01:26:11','not_started','not_started',0,0,NULL,NULL,NULL),(939,985,'6604062636283',0,0,NULL,'regular',NULL,0,0,'2025-10-09 01:26:11','2025-10-09 01:26:11','not_started','not_started',0,0,NULL,NULL,NULL),(940,986,'6604062636291',0,0,NULL,'regular',NULL,0,0,'2025-10-09 01:26:12','2025-10-09 01:26:12','not_started','not_started',0,0,NULL,NULL,NULL),(941,987,'6604062636305',0,0,NULL,'regular',NULL,0,0,'2025-10-09 01:26:12','2025-10-09 01:26:12','not_started','not_started',0,0,NULL,NULL,NULL),(942,988,'6604062636321',0,0,NULL,'regular',NULL,0,0,'2025-10-09 01:26:12','2025-10-09 01:26:12','not_started','not_started',0,0,NULL,NULL,NULL),(943,989,'6604062636348',0,0,NULL,'regular',NULL,0,0,'2025-10-09 01:26:12','2025-10-09 01:26:12','not_started','not_started',0,0,NULL,NULL,NULL),(944,990,'6604062636402',0,0,NULL,'regular',NULL,0,0,'2025-10-09 01:26:12','2025-10-09 01:26:12','not_started','not_started',0,0,NULL,NULL,NULL),(945,991,'6604062636411',0,0,NULL,'regular',NULL,0,0,'2025-10-09 01:26:12','2025-10-09 01:26:12','not_started','not_started',0,0,NULL,NULL,NULL),(946,992,'6604062636429',0,0,NULL,'regular',NULL,0,0,'2025-10-09 01:26:13','2025-10-09 01:26:13','not_started','not_started',0,0,NULL,NULL,NULL),(947,993,'6604062636437',0,0,NULL,'regular',NULL,0,0,'2025-10-09 01:26:13','2025-10-09 01:26:13','not_started','not_started',0,0,NULL,NULL,NULL),(948,994,'6604062636453',0,0,NULL,'regular',NULL,0,0,'2025-10-09 01:26:13','2025-10-09 01:26:13','not_started','not_started',0,0,NULL,NULL,NULL),(949,995,'6604062636461',0,0,NULL,'regular',NULL,0,0,'2025-10-09 01:26:13','2025-10-09 01:26:13','not_started','not_started',0,0,NULL,NULL,NULL),(950,996,'6604062636488',0,0,NULL,'regular',NULL,0,0,'2025-10-09 01:26:13','2025-10-09 01:26:13','not_started','not_started',0,0,NULL,NULL,NULL),(951,997,'6604062636518',0,0,NULL,'regular',NULL,0,0,'2025-10-09 01:26:14','2025-10-09 01:26:14','not_started','not_started',0,0,NULL,NULL,NULL),(952,998,'6604062636534',0,0,NULL,'regular',NULL,0,0,'2025-10-09 01:26:14','2025-10-09 01:26:14','not_started','not_started',0,0,NULL,NULL,NULL),(953,999,'6604062636542',0,0,NULL,'regular',NULL,0,0,'2025-10-09 01:26:14','2025-10-09 01:26:14','not_started','not_started',0,0,NULL,NULL,NULL),(954,1000,'6604062636551',0,0,NULL,'regular',NULL,0,0,'2025-10-09 01:26:14','2025-10-09 01:26:14','not_started','not_started',0,0,NULL,NULL,NULL),(955,1001,'6604062636569',0,0,NULL,'regular',NULL,0,0,'2025-10-09 01:26:14','2025-10-09 01:26:14','not_started','not_started',0,0,NULL,NULL,NULL),(956,1002,'6604062636577',0,0,NULL,'regular',NULL,0,0,'2025-10-09 01:26:14','2025-10-09 01:26:14','not_started','not_started',0,0,NULL,NULL,NULL),(957,1003,'6604062636593',0,0,NULL,'regular',NULL,0,0,'2025-10-09 01:26:15','2025-10-09 01:26:15','not_started','not_started',0,0,NULL,NULL,NULL),(958,1004,'6604062636623',0,0,NULL,'regular',NULL,0,0,'2025-10-09 01:26:15','2025-10-09 01:26:15','not_started','not_started',0,0,NULL,NULL,NULL),(959,1005,'6604062636631',0,0,NULL,'regular',NULL,0,0,'2025-10-09 01:26:15','2025-10-09 01:26:15','not_started','not_started',0,0,NULL,NULL,NULL),(960,1006,'6604062636640',0,0,NULL,'regular',NULL,0,0,'2025-10-09 01:26:15','2025-10-09 01:26:15','not_started','not_started',0,0,NULL,NULL,NULL),(961,1007,'6604062636666',0,0,NULL,'regular',NULL,0,0,'2025-10-09 01:26:15','2025-10-09 01:26:15','not_started','not_started',0,0,NULL,NULL,NULL),(962,1008,'6604062636691',0,0,NULL,'regular',NULL,0,0,'2025-10-09 01:26:15','2025-10-09 01:26:15','not_started','not_started',0,0,NULL,NULL,NULL),(963,1009,'6604062636704',0,0,NULL,'regular',NULL,0,0,'2025-10-09 01:26:16','2025-10-09 01:26:16','not_started','not_started',0,0,NULL,NULL,NULL),(964,1010,'6604062636721',0,0,NULL,'regular',NULL,0,0,'2025-10-09 01:26:16','2025-10-09 01:26:16','not_started','not_started',0,0,NULL,NULL,NULL),(965,1011,'6604062636739',0,0,NULL,'regular',NULL,0,0,'2025-10-09 01:26:16','2025-10-09 01:26:16','not_started','not_started',0,0,NULL,NULL,NULL),(966,1012,'6604062636747',0,0,NULL,'regular',NULL,0,0,'2025-10-09 01:26:16','2025-10-09 01:26:16','not_started','not_started',0,0,NULL,NULL,NULL),(967,1013,'6604062636763',0,0,NULL,'regular',NULL,0,0,'2025-10-09 01:26:16','2025-10-09 01:26:16','not_started','not_started',0,0,NULL,NULL,NULL),(968,1014,'6604062661016',0,0,NULL,'regular',NULL,0,0,'2025-10-09 01:26:16','2025-10-15 05:52:00','not_started','not_started',0,0,NULL,NULL,NULL),(969,1015,'6604062661032',0,0,NULL,'regular',NULL,0,0,'2025-10-09 01:26:17','2025-10-09 01:26:17','not_started','not_started',0,0,NULL,NULL,NULL),(970,1016,'6604062661041',0,0,NULL,'regular',NULL,0,0,'2025-10-09 01:26:17','2025-10-09 01:26:17','not_started','not_started',0,0,NULL,NULL,NULL),(971,1017,'6604062661067',0,0,NULL,'regular',NULL,0,0,'2025-10-09 01:26:17','2025-10-09 01:26:17','not_started','not_started',0,0,NULL,NULL,NULL),(972,1018,'6604062661091',0,0,NULL,'regular',NULL,0,0,'2025-10-09 01:26:17','2025-10-09 01:26:17','not_started','not_started',0,0,NULL,NULL,NULL),(973,1019,'6604062661105',0,0,NULL,'regular',NULL,0,0,'2025-10-09 01:26:17','2025-10-09 01:26:17','not_started','not_started',0,0,NULL,NULL,NULL),(974,1020,'6604062661130',0,0,NULL,'regular',NULL,0,0,'2025-10-09 01:26:17','2025-10-09 01:26:17','not_started','not_started',0,0,NULL,NULL,NULL),(975,1021,'6604062661164',0,0,NULL,'regular',NULL,0,0,'2025-10-09 01:26:18','2025-10-09 01:26:18','not_started','not_started',0,0,NULL,NULL,NULL),(976,1022,'6604062662012',0,0,NULL,'regular',NULL,0,0,'2025-10-09 01:26:18','2025-10-09 01:26:18','not_started','not_started',0,0,NULL,NULL,NULL),(977,1023,'6604062662021',0,0,NULL,'regular',NULL,0,0,'2025-10-09 01:26:18','2025-10-09 01:26:18','not_started','not_started',0,0,NULL,NULL,NULL),(978,1024,'6604062662039',0,0,NULL,'regular',NULL,0,0,'2025-10-09 01:26:18','2025-10-09 01:26:18','not_started','not_started',0,0,NULL,NULL,NULL),(979,1025,'6604062662055',0,0,NULL,'regular',NULL,0,0,'2025-10-09 01:26:18','2025-10-09 01:26:18','not_started','not_started',0,0,NULL,NULL,NULL),(980,1026,'6604062662063',0,0,NULL,'regular',NULL,0,0,'2025-10-09 01:26:19','2025-10-09 01:26:19','not_started','not_started',0,0,NULL,NULL,NULL),(981,1027,'6604062662071',0,0,NULL,'regular',NULL,0,0,'2025-10-09 01:26:19','2025-10-09 01:26:19','not_started','not_started',0,0,NULL,NULL,NULL),(982,1028,'6604062662098',0,0,NULL,'regular',NULL,0,0,'2025-10-09 01:26:19','2025-10-09 01:26:19','not_started','not_started',0,0,NULL,NULL,NULL),(983,1029,'6604062662101',0,0,NULL,'regular',NULL,0,0,'2025-10-09 01:26:19','2025-10-09 01:26:19','not_started','not_started',0,0,NULL,NULL,NULL),(984,1030,'6604062662128',0,0,NULL,'regular',NULL,0,0,'2025-10-09 01:26:19','2025-10-09 01:26:19','not_started','not_started',0,0,NULL,NULL,NULL),(985,1031,'6604062663027',0,0,NULL,'regular',NULL,0,0,'2025-10-09 01:26:19','2025-10-09 01:26:19','not_started','not_started',0,0,NULL,NULL,NULL),(986,1032,'6604062663035',0,0,NULL,'regular',NULL,0,0,'2025-10-09 01:26:20','2025-10-09 01:26:20','not_started','not_started',0,0,NULL,NULL,NULL),(987,1033,'6604062663051',0,0,NULL,'regular',NULL,0,0,'2025-10-09 01:26:20','2025-10-09 01:26:20','not_started','not_started',0,0,NULL,NULL,NULL),(988,1034,'6604062663078',0,0,NULL,'regular',NULL,0,0,'2025-10-09 01:26:20','2025-10-09 01:26:20','not_started','not_started',0,0,NULL,NULL,NULL),(989,1035,'6604062663094',0,0,NULL,'regular',NULL,0,0,'2025-10-09 01:26:20','2025-10-09 01:26:20','not_started','not_started',0,0,NULL,NULL,NULL),(990,1036,'6604062663108',0,0,NULL,'regular',NULL,0,0,'2025-10-09 01:26:20','2025-10-09 01:26:20','not_started','not_started',0,0,NULL,NULL,NULL),(991,1037,'6604062663116',0,0,NULL,'regular',NULL,0,0,'2025-10-09 01:26:20','2025-10-09 01:26:20','not_started','not_started',0,0,NULL,NULL,NULL),(992,1038,'6604062663124',0,0,NULL,'regular',NULL,0,0,'2025-10-09 01:26:21','2025-10-09 01:26:21','not_started','not_started',0,0,NULL,NULL,NULL),(993,1039,'6604062663132',0,0,NULL,'regular',NULL,0,0,'2025-10-09 01:26:21','2025-10-09 01:26:21','not_started','not_started',0,0,NULL,NULL,NULL),(994,1040,'6604062663159',0,0,NULL,'regular',NULL,0,0,'2025-10-09 01:26:21','2025-10-09 01:26:21','not_started','not_started',0,0,NULL,NULL,NULL),(995,1041,'6604062663167',0,0,NULL,'regular',NULL,0,0,'2025-10-09 01:26:21','2025-10-09 01:26:21','not_started','not_started',0,0,NULL,NULL,NULL),(996,1042,'6604062663183',0,0,NULL,'regular',NULL,0,0,'2025-10-09 01:26:21','2025-10-09 01:26:21','not_started','not_started',0,0,NULL,NULL,NULL),(997,1043,'6604062663191',0,0,NULL,'regular',NULL,0,0,'2025-10-09 01:26:21','2025-10-09 01:26:21','not_started','not_started',0,0,NULL,NULL,NULL),(998,1044,'6604062663205',0,0,NULL,'regular',NULL,0,0,'2025-10-09 01:26:22','2025-10-09 01:26:22','not_started','not_started',0,0,NULL,NULL,NULL),(999,1045,'6604062663248',0,0,NULL,'regular',NULL,0,0,'2025-10-09 01:26:22','2025-10-09 01:26:22','not_started','not_started',0,0,NULL,NULL,NULL),(1000,1046,'6604062663256',0,0,NULL,'regular',NULL,0,0,'2025-10-09 01:26:22','2025-10-09 01:26:22','not_started','not_started',0,0,NULL,NULL,NULL),(1001,1047,'6604062663272',0,0,NULL,'regular',NULL,0,0,'2025-10-09 01:26:22','2025-10-09 01:26:22','not_started','not_started',0,0,NULL,NULL,NULL),(1002,1048,'6604062663281',0,0,NULL,'regular',NULL,0,0,'2025-10-09 01:26:22','2025-10-09 01:26:22','not_started','not_started',0,0,NULL,NULL,NULL),(1003,1049,'6604062663311',0,0,NULL,'regular',NULL,0,0,'2025-10-09 01:26:22','2025-10-09 01:26:22','not_started','not_started',0,0,NULL,NULL,NULL),(1004,1050,'6604062663329',0,0,NULL,'regular',NULL,0,0,'2025-10-09 01:26:23','2025-10-09 01:26:23','not_started','not_started',0,0,NULL,NULL,NULL),(1005,1051,'6604062663345',0,0,NULL,'regular',NULL,0,0,'2025-10-09 01:26:23','2025-10-09 01:26:23','not_started','not_started',0,0,NULL,NULL,NULL),(1006,1080,'6404062630295',122,79,0.00,'regular',NULL,1,1,'2025-10-13 23:31:49','2025-11-16 12:21:02','pending_approval','completed',1,1,NULL,'RC','0946650259'),(1007,1081,'6404062610294',122,70,0.00,'regular',NULL,1,1,'2025-10-14 07:23:54','2025-11-16 12:21:02','pending_approval','completed',1,1,NULL,'RA','0934357945'),(1008,1082,'6404062610049',121,75,NULL,'regular',NULL,1,1,'2025-10-15 02:10:39','2025-10-15 02:49:49','not_started','not_started',0,0,NULL,NULL,NULL),(1009,1083,'6404062610081',113,70,NULL,'regular',NULL,1,1,'2025-10-15 02:10:39','2025-10-15 02:49:59','not_started','not_started',0,0,NULL,NULL,NULL),(1010,1084,'6404062610120',125,82,NULL,'regular',NULL,1,1,'2025-10-15 02:10:39','2025-10-15 02:50:25','not_started','not_started',0,0,NULL,NULL,NULL),(1011,1085,'6404062610162',127,85,NULL,'regular',NULL,1,1,'2025-10-15 02:10:39','2025-10-15 02:50:36','not_started','not_started',0,0,NULL,NULL,NULL),(1012,1086,'6404062610171',125,82,NULL,'regular',NULL,1,1,'2025-10-15 02:10:39','2025-10-15 02:50:45','not_started','not_started',0,0,NULL,NULL,NULL),(1013,1087,'6404062610278',116,73,NULL,'regular',NULL,1,1,'2025-10-15 02:10:39','2025-10-15 02:51:12','not_started','not_started',0,0,NULL,NULL,NULL),(1014,1088,'6404062610324',129,76,NULL,'regular',NULL,1,1,'2025-10-15 02:10:40','2025-10-29 13:33:22','not_started','completed',0,1,NULL,NULL,NULL),(1015,1089,'6404062610430',118,78,NULL,'regular',NULL,1,1,'2025-10-15 02:10:40','2025-10-15 05:20:27','not_started','not_started',0,0,NULL,NULL,NULL),(1016,1090,'6404062610464',122,79,NULL,'regular',NULL,1,1,'2025-10-15 02:10:40','2025-10-15 05:20:50','not_started','not_started',0,0,NULL,NULL,NULL),(1017,1091,'6404062610481',125,82,NULL,'regular',NULL,1,1,'2025-10-15 02:10:40','2025-10-15 05:21:15','not_started','not_started',0,0,NULL,NULL,NULL),(1018,1092,'6404062616012',101,63,NULL,'regular',NULL,1,1,'2025-10-15 02:10:41','2025-10-15 05:21:46','not_started','not_started',0,0,NULL,NULL,NULL),(1019,1093,'6404062616021',138,91,NULL,'regular',NULL,1,1,'2025-10-15 02:10:41','2025-10-15 05:22:15','not_started','not_started',0,0,NULL,NULL,NULL),(1020,1094,'6404062616039',130,87,NULL,'regular',NULL,1,1,'2025-10-15 02:10:41','2025-10-15 05:22:54','not_started','not_started',0,0,NULL,NULL,NULL),(1021,1095,'6404062616047',121,69,NULL,'regular',NULL,1,1,'2025-10-15 02:10:41','2025-10-15 05:23:20','not_started','not_started',0,0,NULL,NULL,NULL),(1022,1096,'6404062616055',106,57,NULL,'regular',NULL,1,1,'2025-10-15 02:10:41','2025-10-15 06:26:08','not_started','not_started',0,0,NULL,NULL,NULL),(1023,1097,'6404062620028',124,81,NULL,'regular',NULL,1,1,'2025-10-15 02:10:42','2025-10-15 05:24:05','not_started','not_started',0,0,NULL,NULL,NULL),(1024,1098,'6404062620109',125,82,NULL,'regular',NULL,1,1,'2025-10-15 02:10:42','2025-10-30 14:18:04','pending_approval','completed',1,1,NULL,NULL,NULL),(1025,1099,'6404062620125',128,82,NULL,'regular',NULL,1,1,'2025-10-15 02:10:42','2025-10-30 14:18:04','not_started','completed',0,1,NULL,NULL,NULL),(1026,1100,'6404062620141',134,88,NULL,'regular',NULL,1,1,'2025-10-15 02:10:42','2025-10-15 05:25:04','not_started','not_started',0,0,NULL,NULL,NULL),(1027,1101,'6404062630074',115,88,NULL,'regular',NULL,1,1,'2025-10-15 02:10:42','2025-10-15 05:25:23','not_started','not_started',0,0,NULL,NULL,NULL),(1028,1102,'6404062630104',121,78,NULL,'regular',NULL,1,1,'2025-10-15 02:10:42','2025-10-15 05:25:39','not_started','not_started',0,0,NULL,NULL,NULL),(1029,1103,'6404062630139',103,51,NULL,'regular',NULL,1,0,'2025-10-15 02:10:43','2025-10-15 05:26:09','not_started','not_started',0,0,NULL,NULL,NULL),(1030,1104,'6404062630147',91,48,NULL,'regular',NULL,1,0,'2025-10-15 02:10:43','2025-10-15 05:26:34','not_started','not_started',0,0,NULL,NULL,NULL),(1031,1105,'6404062630180',119,76,NULL,'regular',NULL,1,1,'2025-10-15 02:10:43','2025-10-15 05:26:53','not_started','not_started',0,0,NULL,NULL,NULL),(1032,1106,'6404062630210',125,82,NULL,'regular',NULL,1,1,'2025-10-15 02:10:43','2025-10-15 05:27:14','not_started','not_started',0,0,NULL,NULL,NULL),(1033,1107,'6404062630244',115,72,NULL,'regular',NULL,1,1,'2025-10-15 02:10:43','2025-10-15 05:27:29','not_started','not_started',0,0,NULL,NULL,NULL),(1034,1108,'6404062630333',131,82,NULL,'regular',NULL,1,1,'2025-10-15 02:10:43','2025-10-30 16:38:55','pending_approval','completed',1,1,NULL,NULL,NULL),(1035,1109,'6404062630457',124,81,NULL,'regular',NULL,1,1,'2025-10-15 02:10:44','2025-10-15 05:31:12','not_started','not_started',0,0,NULL,NULL,NULL),(1036,1110,'6404062630465',131,82,NULL,'regular',NULL,1,1,'2025-10-15 02:10:44','2025-10-15 05:31:30','not_started','not_started',0,0,NULL,NULL,NULL),(1037,1111,'6404062630490',91,54,NULL,'regular',NULL,1,0,'2025-10-15 02:10:44','2025-10-15 05:31:46','not_started','not_started',0,0,NULL,NULL,NULL),(1038,1112,'6404062630538',122,82,NULL,'regular',NULL,1,1,'2025-10-15 02:10:44','2025-10-15 05:32:10','not_started','not_started',0,0,NULL,NULL,NULL),(1039,1113,'6404062636013',81,36,NULL,'regular',NULL,1,0,'2025-10-15 02:10:44','2025-10-15 05:32:28','not_started','not_started',0,0,NULL,NULL,NULL),(1040,1114,'6404062636021',94,42,NULL,'regular',NULL,1,0,'2025-10-15 02:10:45','2025-10-15 05:32:44','not_started','not_started',0,0,NULL,NULL,NULL),(1041,1115,'6404062636030',112,69,NULL,'regular',NULL,1,1,'2025-10-15 02:10:45','2025-10-15 05:33:04','not_started','not_started',0,0,NULL,NULL,NULL),(1042,1116,'6404062636048',106,60,NULL,'regular',NULL,1,1,'2025-10-15 02:10:45','2025-10-15 05:33:19','not_started','not_started',0,0,NULL,NULL,NULL),(1043,1117,'6404062636064',80,36,NULL,'regular',NULL,0,0,'2025-10-15 02:10:45','2025-10-15 05:33:32','not_started','not_started',0,0,NULL,NULL,NULL),(1044,1118,'6404062636072',91,39,NULL,'regular',NULL,1,0,'2025-10-15 02:10:45','2025-10-15 05:34:13','not_started','not_started',0,0,NULL,NULL,NULL),(1045,1119,'6404062636153',115,66,NULL,'regular',NULL,1,1,'2025-10-15 02:10:45','2025-10-29 14:05:37','not_started','not_started',0,0,NULL,NULL,NULL),(1046,1120,'6404062636188',129,85,NULL,'regular',NULL,1,1,'2025-10-15 02:10:46','2025-10-15 05:34:47','not_started','not_started',0,0,NULL,NULL,NULL),(1047,1121,'6404062636234',110,67,NULL,'regular',NULL,1,1,'2025-10-15 02:10:46','2025-10-15 05:35:05','not_started','not_started',0,0,NULL,NULL,NULL),(1048,1122,'6404062636323',128,85,NULL,'regular',NULL,1,1,'2025-10-15 02:10:46','2025-10-15 05:35:25','not_started','not_started',0,0,NULL,NULL,NULL),(1049,1123,'6404062636340',127,85,NULL,'regular',NULL,1,1,'2025-10-15 02:10:46','2025-10-15 05:35:47','not_started','not_started',0,0,NULL,NULL,NULL),(1050,1124,'6404062636358',128,85,NULL,'regular',NULL,1,1,'2025-10-15 02:10:46','2025-10-15 05:36:07','not_started','not_started',0,0,NULL,NULL,NULL),(1051,1125,'6404062636366',125,76,NULL,'regular',NULL,1,1,'2025-10-15 02:10:47','2025-10-30 16:38:55','not_started','completed',0,1,NULL,NULL,NULL),(1052,1126,'6404062636439',104,54,NULL,'regular',NULL,1,0,'2025-10-15 02:10:47','2025-10-15 05:42:06','not_started','not_started',0,0,NULL,NULL,NULL),(1053,1127,'6404062636447',124,75,NULL,'regular',NULL,1,1,'2025-10-15 02:10:47','2025-10-15 05:42:36','not_started','not_started',0,0,NULL,NULL,NULL),(1054,1128,'6404062636455',109,60,NULL,'regular',NULL,1,1,'2025-10-15 02:10:47','2025-10-15 05:42:52','not_started','not_started',0,0,NULL,NULL,NULL),(1055,1129,'6404062636471',121,69,NULL,'regular',NULL,1,1,'2025-10-15 02:10:47','2025-10-15 05:43:06','not_started','not_started',0,0,NULL,NULL,NULL),(1056,1130,'6404062636501',100,63,NULL,'regular',NULL,1,1,'2025-10-15 02:10:47','2025-10-15 05:44:32','not_started','not_started',0,0,NULL,NULL,NULL),(1057,1131,'6404062636536',75,33,NULL,'regular',NULL,0,0,'2025-10-15 02:10:47','2025-10-15 05:54:00','not_started','not_started',0,0,NULL,NULL,NULL),(1058,1132,'6404062636544',131,81,NULL,'regular',NULL,1,1,'2025-10-15 02:10:48','2025-10-15 05:46:39','not_started','not_started',0,0,NULL,NULL,NULL),(1059,1133,'6404062636552',118,78,NULL,'regular',NULL,1,1,'2025-10-15 02:10:48','2025-10-15 05:46:54','not_started','not_started',0,0,NULL,NULL,NULL),(1060,1134,'6404062663011',127,78,NULL,'regular',NULL,1,1,'2025-10-15 02:10:48','2025-10-15 05:47:10','not_started','not_started',0,0,NULL,NULL,NULL),(1061,1135,'6404062663029',125,82,NULL,'regular',NULL,1,1,'2025-10-15 02:10:48','2025-10-15 05:47:29','not_started','not_started',0,0,NULL,NULL,NULL),(1062,1136,'6404062663037',128,82,NULL,'regular',NULL,1,1,'2025-10-15 02:10:48','2025-10-15 05:47:46','not_started','not_started',0,0,NULL,NULL,NULL),(1063,1137,'6404062663061',113,67,NULL,'regular',NULL,1,1,'2025-10-15 02:10:49','2025-10-15 05:48:07','not_started','not_started',0,0,NULL,NULL,NULL),(1064,1138,'6404062663070',106,63,NULL,'regular',NULL,1,1,'2025-10-15 02:10:49','2025-10-15 05:48:22','not_started','not_started',0,0,NULL,NULL,NULL),(1065,1139,'6404062663088',116,64,NULL,'regular',NULL,1,1,'2025-10-15 02:10:49','2025-10-27 06:04:55','not_started','completed',0,1,NULL,NULL,NULL),(1066,1140,'6404062663118',131,79,NULL,'regular',NULL,1,1,'2025-10-15 02:10:49','2025-10-15 05:49:02','not_started','not_started',0,0,NULL,NULL,NULL),(1067,1141,'6404062663134',134,85,NULL,'regular',NULL,1,1,'2025-10-15 02:10:49','2025-10-15 05:49:22','not_started','not_started',0,0,NULL,NULL,NULL),(1068,1142,'6404062663193',125,82,NULL,'regular',NULL,1,1,'2025-10-15 02:10:49','2025-10-27 06:04:55','not_started','completed',0,1,NULL,NULL,NULL),(1069,1143,'6404062663215',124,79,NULL,'regular',NULL,1,1,'2025-10-15 02:10:50','2025-10-15 05:49:52','not_started','not_started',0,0,NULL,NULL,NULL),(1070,1144,'6404062663231',124,81,NULL,'regular',NULL,1,1,'2025-10-15 02:10:50','2025-10-15 05:50:05','not_started','not_started',0,0,NULL,NULL,NULL),(1071,1145,'6404062663258',88,51,NULL,'regular',NULL,1,0,'2025-10-15 02:10:50','2025-10-15 05:50:18','not_started','not_started',0,0,NULL,NULL,NULL),(1072,1146,'6404062663266',110,48,NULL,'regular',NULL,1,0,'2025-10-15 02:10:50','2025-10-15 05:50:32','not_started','not_started',0,0,NULL,NULL,NULL),(1073,1147,'6404062663282',108,69,NULL,'regular',NULL,1,1,'2025-10-15 02:10:50','2025-10-15 05:50:50','not_started','not_started',0,0,NULL,NULL,NULL),(1074,1148,'6304062616013',128,100,NULL,'regular',NULL,1,1,'2025-10-15 02:22:55','2025-10-15 02:31:49','not_started','not_started',0,0,NULL,NULL,NULL),(1075,1149,'6304062616072',128,100,NULL,'regular',NULL,1,1,'2025-10-15 02:22:55','2025-10-15 02:31:55','not_started','not_started',0,0,NULL,NULL,NULL),(1076,1150,'6304062616153',128,100,NULL,'regular',NULL,1,1,'2025-10-15 02:22:55','2025-10-15 02:32:01','not_started','not_started',0,0,NULL,NULL,NULL),(1077,1151,'6304062616188',128,100,NULL,'regular',NULL,1,1,'2025-10-15 02:22:55','2025-10-15 02:32:06','not_started','not_started',0,0,NULL,NULL,NULL),(1078,1152,'6304062616251',128,100,NULL,'regular',NULL,1,1,'2025-10-15 02:22:56','2025-10-15 02:32:12','not_started','not_started',0,0,NULL,NULL,NULL),(1079,1153,'6304062616285',128,100,NULL,'regular',NULL,1,1,'2025-10-15 02:22:56','2025-10-15 02:32:19','not_started','not_started',0,0,NULL,NULL,NULL),(1080,1154,'6304062616293',128,100,NULL,'regular',NULL,1,1,'2025-10-15 02:22:56','2025-10-15 02:32:25','not_started','not_started',0,0,NULL,NULL,NULL),(1081,1155,'6304062620061',128,100,NULL,'regular',NULL,1,1,'2025-10-15 02:22:56','2025-10-15 02:32:30','not_started','not_started',0,0,NULL,NULL,NULL),(1082,1156,'6304062630245',128,100,NULL,'regular',NULL,1,1,'2025-10-15 02:22:56','2025-10-15 02:32:35','not_started','not_started',0,0,NULL,NULL,NULL),(1083,1157,'6304062630351',128,100,NULL,'regular',NULL,1,1,'2025-10-15 02:22:56','2025-10-15 02:32:41','not_started','not_started',0,0,NULL,NULL,NULL),(1084,1158,'6304062630385',128,100,NULL,'regular',NULL,1,1,'2025-10-15 02:22:57','2025-10-15 02:32:54','not_started','not_started',0,0,NULL,NULL,NULL),(1085,1159,'6304062636049',128,100,NULL,'regular',NULL,1,1,'2025-10-15 02:22:57','2025-10-15 02:33:00','not_started','not_started',0,0,NULL,NULL,NULL),(1086,1160,'6304062636057',128,100,NULL,'regular',NULL,1,1,'2025-10-15 02:22:57','2025-10-15 02:33:06','not_started','not_started',0,0,NULL,NULL,NULL),(1087,1161,'6304062636120',128,100,NULL,'regular',NULL,1,1,'2025-10-15 02:22:57','2025-10-15 02:33:12','not_started','not_started',0,0,NULL,NULL,NULL),(1088,1162,'6304062636138',128,100,NULL,'regular',NULL,1,1,'2025-10-15 02:22:57','2025-10-15 06:52:38','not_started','not_started',0,0,NULL,NULL,NULL),(1089,1163,'6304062636235',128,100,NULL,'regular',NULL,1,1,'2025-10-15 02:22:57','2025-10-15 02:33:26','not_started','not_started',0,0,NULL,NULL,NULL),(1090,1164,'6304062660012',128,100,NULL,'regular',NULL,1,1,'2025-10-15 02:22:58','2025-10-15 02:33:34','not_started','not_started',0,0,NULL,NULL,NULL),(1091,1165,'6304062660039',128,100,NULL,'regular',NULL,1,1,'2025-10-15 02:22:58','2025-10-15 02:33:42','not_started','not_started',0,0,NULL,NULL,NULL),(1092,1166,'6304062660047',128,100,NULL,'regular',NULL,1,1,'2025-10-15 02:22:58','2025-10-15 02:34:25','not_started','not_started',0,0,NULL,NULL,NULL),(1093,1167,'6304062660055',128,100,NULL,'regular',NULL,1,1,'2025-10-15 02:22:58','2025-10-15 02:34:37','not_started','not_started',0,0,NULL,NULL,NULL),(1094,1168,'6304062663054',128,100,NULL,'regular',NULL,1,1,'2025-10-15 02:22:58','2025-10-15 02:35:04','not_started','not_started',0,0,NULL,NULL,NULL),(1095,1169,'6304062663071',128,100,NULL,'regular',NULL,1,1,'2025-10-15 02:22:58','2025-10-15 02:35:09','not_started','not_started',0,0,NULL,NULL,NULL),(1096,1170,'6204062610067',128,100,NULL,'regular',NULL,1,1,'2025-10-15 02:23:22','2025-10-15 02:29:37','not_started','not_started',0,0,NULL,NULL,NULL),(1097,1171,'6204062616031',128,100,NULL,'regular',NULL,1,1,'2025-10-15 02:23:22','2025-10-15 02:29:46','not_started','not_started',0,0,NULL,NULL,NULL),(1098,1172,'6204062616201',128,100,NULL,'regular',NULL,1,1,'2025-10-15 02:23:23','2025-10-15 02:29:55','not_started','not_started',0,0,NULL,NULL,NULL),(1099,1173,'6204062620194',128,100,NULL,'regular',NULL,1,1,'2025-10-15 02:23:23','2025-10-15 02:30:02','not_started','not_started',0,0,NULL,NULL,NULL),(1100,1174,'6204062630114',128,100,NULL,'regular',NULL,1,1,'2025-10-15 02:23:23','2025-10-15 02:30:11','not_started','not_started',0,0,NULL,NULL,NULL),(1101,1175,'6204062630157',128,100,NULL,'regular',NULL,1,1,'2025-10-15 02:23:23','2025-10-15 02:30:18','not_started','not_started',0,0,NULL,NULL,NULL),(1102,1176,'6204062630165',128,100,NULL,'regular',NULL,1,1,'2025-10-15 02:23:23','2025-10-15 02:30:25','not_started','not_started',0,0,NULL,NULL,NULL),(1103,1177,'6204062630301',128,100,NULL,'regular',NULL,1,1,'2025-10-15 02:23:23','2025-10-15 02:30:32','not_started','not_started',0,0,NULL,NULL,NULL),(1104,1178,'6204062630327',128,100,NULL,'regular',NULL,1,1,'2025-10-15 02:23:24','2025-10-15 02:30:42','not_started','not_started',0,0,NULL,NULL,NULL),(1105,1179,'6204062630335',128,100,NULL,'regular',NULL,1,1,'2025-10-15 02:23:24','2025-10-15 02:30:47','not_started','not_started',0,0,NULL,NULL,NULL),(1106,1180,'6204062630521',128,100,NULL,'regular',NULL,1,1,'2025-10-15 02:23:24','2025-10-15 02:30:54','not_started','not_started',0,0,NULL,NULL,NULL),(1107,1181,'6204062630653',128,100,NULL,'regular',NULL,1,1,'2025-10-15 02:23:24','2025-10-15 02:31:01','not_started','not_started',0,0,NULL,NULL,NULL),(1108,1182,'6204062630777',128,100,NULL,'regular',NULL,1,1,'2025-10-15 02:23:24','2025-10-15 02:31:08','not_started','not_started',0,0,NULL,NULL,NULL),(1109,1183,'6204062636058',128,100,NULL,'regular',NULL,1,1,'2025-10-15 02:23:24','2025-10-15 02:31:15','not_started','not_started',0,0,NULL,NULL,NULL),(1110,1184,'6204062636198',128,100,NULL,'regular',NULL,1,1,'2025-10-15 02:23:25','2025-10-15 02:31:21','not_started','not_started',0,0,NULL,NULL,NULL),(1111,1185,'6204062636309',128,100,NULL,'regular',NULL,1,1,'2025-10-15 02:23:25','2025-10-15 02:31:27','not_started','not_started',0,0,NULL,NULL,NULL),(1112,1186,'6204062663055',128,100,NULL,'regular',NULL,1,1,'2025-10-15 02:23:25','2025-10-15 02:31:33','not_started','not_started',0,0,NULL,NULL,NULL),(1113,1187,'6204062663101',128,100,NULL,'regular',NULL,1,1,'2025-10-15 02:23:25','2025-10-15 02:31:39','not_started','not_started',0,0,NULL,NULL,NULL),(1114,1188,'6104062610017',128,100,NULL,'regular',NULL,1,1,'2025-10-15 02:23:45','2025-10-15 02:26:02','not_started','not_started',0,0,NULL,NULL,NULL),(1115,1189,'6104062610068',128,100,NULL,'regular',NULL,1,1,'2025-10-15 02:23:45','2025-10-15 02:26:12','not_started','not_started',0,0,NULL,NULL,NULL),(1116,1190,'6104062616210',128,100,NULL,'regular',NULL,1,1,'2025-10-15 02:23:45','2025-10-15 02:26:22','not_started','not_started',0,0,NULL,NULL,NULL),(1117,1191,'6104062616236',128,100,NULL,'regular',NULL,1,1,'2025-10-15 02:23:45','2025-10-15 02:26:28','not_started','not_started',0,0,NULL,NULL,NULL),(1118,1192,'6104062630441',128,100,NULL,'regular',NULL,1,1,'2025-10-15 02:23:45','2025-10-15 02:26:34','not_started','not_started',0,0,NULL,NULL,NULL),(1119,1193,'6104062630590',128,100,NULL,'regular',NULL,1,1,'2025-10-15 02:23:45','2025-10-15 02:26:40','not_started','not_started',0,0,NULL,NULL,NULL),(1120,1194,'6104062636130',128,100,NULL,'regular',NULL,1,1,'2025-10-15 02:23:46','2025-10-15 02:29:15','not_started','not_started',0,0,NULL,NULL,NULL),(1121,1195,'6104062636300',128,100,NULL,'regular',NULL,1,1,'2025-10-15 02:23:46','2025-10-15 02:29:32','not_started','not_started',0,0,NULL,NULL,NULL),(1122,1196,'6004062616041',128,100,NULL,'regular',NULL,0,0,'2025-10-15 02:24:10','2025-11-30 17:00:06','not_started','not_started',0,0,NULL,NULL,NULL),(1123,1197,'6004062616245',128,100,NULL,'regular',NULL,0,0,'2025-10-15 02:24:10','2025-11-30 17:00:06','not_started','not_started',0,0,NULL,NULL,NULL),(1124,1198,'6004062630329',128,100,NULL,'regular',NULL,0,0,'2025-10-15 02:24:10','2025-11-30 17:00:06','not_started','not_started',0,0,NULL,NULL,NULL),(1125,1199,'6004062630370',128,100,NULL,'regular',NULL,0,0,'2025-10-15 02:24:10','2025-11-30 17:00:06','not_started','not_started',0,0,NULL,NULL,NULL),(1126,1200,'6404062610031',125,82,0.00,'regular',NULL,1,1,'2025-10-15 02:40:45','2025-10-15 02:41:09','not_started','not_started',0,0,NULL,NULL,NULL),(1127,1201,'6404062610219',128,82,0.00,'regular',NULL,1,1,'2025-10-15 05:19:55','2025-10-15 05:51:48','not_started','not_started',0,0,NULL,NULL,NULL),(1128,1202,'6404062630252',122,79,0.00,'regular',NULL,1,1,'2025-10-15 05:29:05','2025-10-15 05:52:19','not_started','not_started',0,0,NULL,NULL,NULL),(1129,1203,'6404062630422',128,82,0.00,'regular',NULL,1,1,'2025-10-15 05:30:37','2025-10-15 05:30:53','not_started','not_started',0,0,NULL,NULL,NULL),(1130,1204,'6404062636374',124,78,0.00,'regular',NULL,1,1,'2025-10-15 05:37:29','2025-10-15 05:52:51','not_started','not_started',0,0,NULL,NULL,NULL),(1131,1205,'6404062636412',128,79,0.00,'regular',NULL,1,1,'2025-10-15 05:41:49','2025-10-29 13:33:22','not_started','completed',0,1,NULL,NULL,NULL),(1132,1206,'6404062636480',112,63,0.00,'regular',NULL,1,1,'2025-10-15 05:44:05','2025-10-15 05:53:05','not_started','not_started',0,0,NULL,NULL,NULL),(1133,1207,'6404062636528',128,82,0.00,'regular',NULL,1,1,'2025-10-15 05:45:50','2025-10-15 05:53:56','not_started','not_started',0,0,NULL,NULL,NULL),(1134,1208,'6104062630425',128,100,0.00,'regular',NULL,1,1,'2025-10-15 06:55:39','2025-10-15 06:56:03','not_started','not_started',0,0,NULL,NULL,NULL),(1135,1209,'6204062636139',128,100,0.00,'regular',NULL,1,1,'2025-10-15 07:07:47','2025-10-15 07:08:56','not_started','not_started',0,0,NULL,NULL,NULL),(1136,1210,'6404062610014',0,0,NULL,'regular',NULL,0,0,'2025-10-29 08:55:45','2025-10-29 08:55:45','not_started','not_started',0,0,NULL,NULL,NULL),(1137,1211,'6404062610022',0,0,NULL,'regular',NULL,0,0,'2025-10-29 08:55:46','2025-10-29 08:55:46','not_started','not_started',0,0,NULL,NULL,NULL),(1138,1212,'6404062610057',0,0,NULL,'regular',NULL,0,0,'2025-10-29 08:55:46','2025-10-29 08:55:46','not_started','not_started',0,0,NULL,NULL,NULL),(1139,1213,'6404062610065',0,0,NULL,'regular',NULL,0,0,'2025-10-29 08:55:46','2025-10-29 08:55:46','not_started','not_started',0,0,NULL,NULL,NULL),(1140,1214,'6404062610073',0,0,NULL,'regular',NULL,0,0,'2025-10-29 08:55:47','2025-10-29 08:55:47','not_started','not_started',0,0,NULL,NULL,NULL),(1141,1215,'6404062610090',0,0,NULL,'regular',NULL,0,0,'2025-10-29 08:55:47','2025-10-29 08:55:47','not_started','not_started',0,0,NULL,NULL,NULL),(1142,1216,'6404062610103',0,0,NULL,'regular',NULL,0,0,'2025-10-29 08:55:47','2025-10-29 08:55:47','not_started','not_started',0,0,NULL,NULL,NULL),(1143,1217,'6404062610111',0,0,NULL,'regular',NULL,0,0,'2025-10-29 08:55:47','2025-10-29 08:55:47','not_started','not_started',0,0,NULL,NULL,NULL),(1144,1218,'6404062610138',0,0,NULL,'regular',NULL,0,0,'2025-10-29 08:55:48','2025-10-29 08:55:48','not_started','not_started',0,0,NULL,NULL,NULL),(1145,1219,'6404062610146',0,0,NULL,'regular',NULL,0,0,'2025-10-29 08:55:48','2025-10-29 08:55:48','not_started','not_started',0,0,NULL,NULL,NULL),(1146,1220,'6404062610154',0,0,NULL,'regular',NULL,0,0,'2025-10-29 08:55:48','2025-10-29 08:55:48','not_started','not_started',0,0,NULL,NULL,NULL),(1147,1221,'6404062610189',0,0,NULL,'regular',NULL,0,0,'2025-10-29 08:55:48','2025-10-29 08:55:48','not_started','not_started',0,0,NULL,NULL,NULL),(1148,1222,'6404062610197',0,0,NULL,'regular',NULL,0,0,'2025-10-29 08:55:48','2025-10-29 08:55:48','not_started','not_started',0,0,NULL,NULL,NULL),(1149,1223,'6404062610201',0,0,NULL,'regular',NULL,0,0,'2025-10-29 08:55:49','2025-10-29 08:55:49','not_started','not_started',0,0,NULL,NULL,NULL),(1150,1224,'6404062610227',0,0,NULL,'regular',NULL,0,0,'2025-10-29 08:55:49','2025-10-29 08:55:49','not_started','not_started',0,0,NULL,NULL,NULL),(1151,1225,'6404062610235',0,0,NULL,'regular',NULL,0,0,'2025-10-29 08:55:49','2025-10-29 08:55:49','not_started','not_started',0,0,NULL,NULL,NULL),(1152,1226,'6404062610243',0,0,NULL,'regular',NULL,0,0,'2025-10-29 08:55:49','2025-10-29 08:55:49','not_started','not_started',0,0,NULL,NULL,NULL),(1153,1227,'6404062610251',0,0,NULL,'regular',NULL,0,0,'2025-10-29 08:55:49','2025-10-29 08:55:49','not_started','not_started',0,0,NULL,NULL,NULL),(1154,1228,'6404062610260',0,0,NULL,'regular',NULL,0,0,'2025-10-29 08:55:50','2025-10-29 08:55:50','not_started','not_started',0,0,NULL,NULL,NULL),(1155,1229,'6404062610286',0,0,NULL,'regular',NULL,0,0,'2025-10-29 08:55:50','2025-10-29 08:55:50','not_started','not_started',0,0,NULL,NULL,NULL),(1156,1230,'6404062610316',0,0,NULL,'regular',NULL,0,0,'2025-10-29 08:55:50','2025-10-29 08:55:50','not_started','not_started',0,0,NULL,NULL,NULL),(1157,1231,'6404062610341',0,0,NULL,'regular',NULL,0,0,'2025-10-29 08:55:50','2025-10-29 08:55:50','not_started','not_started',0,0,NULL,NULL,NULL),(1158,1232,'6404062610359',0,0,NULL,'regular',NULL,0,0,'2025-10-29 08:55:51','2025-10-29 08:55:51','not_started','not_started',0,0,NULL,NULL,NULL),(1159,1233,'6404062610367',0,0,NULL,'regular',NULL,0,0,'2025-10-29 08:55:51','2025-10-29 08:55:51','not_started','not_started',0,0,NULL,NULL,NULL),(1160,1234,'6404062610308',0,0,NULL,'regular',NULL,0,0,'2025-10-29 08:55:51','2025-10-29 08:55:51','not_started','not_started',0,0,NULL,NULL,NULL),(1161,1235,'6404062610332',0,0,NULL,'regular',NULL,0,0,'2025-10-29 08:55:51','2025-10-29 08:55:51','not_started','not_started',0,0,NULL,NULL,NULL),(1162,1236,'6404062610375',0,0,NULL,'regular',NULL,0,0,'2025-10-29 08:55:51','2025-10-29 08:55:51','not_started','not_started',0,0,NULL,NULL,NULL),(1163,1237,'6404062610383',0,0,NULL,'regular',NULL,0,0,'2025-10-29 08:55:51','2025-10-29 08:55:51','not_started','not_started',0,0,NULL,NULL,NULL),(1164,1238,'6404062610391',0,0,NULL,'regular',NULL,0,0,'2025-10-29 08:55:51','2025-10-29 08:55:51','not_started','not_started',0,0,NULL,NULL,NULL),(1165,1239,'6404062610405',0,0,NULL,'regular',NULL,0,0,'2025-10-29 08:55:52','2025-10-29 08:55:52','not_started','not_started',0,0,NULL,NULL,NULL),(1166,1240,'6404062610413',0,0,NULL,'regular',NULL,0,0,'2025-10-29 08:55:52','2025-10-29 08:55:52','not_started','not_started',0,0,NULL,NULL,NULL),(1167,1241,'6404062610421',0,0,NULL,'regular',NULL,0,0,'2025-10-29 08:55:52','2025-10-29 08:55:52','not_started','not_started',0,0,NULL,NULL,NULL),(1168,1242,'6404062610448',0,0,NULL,'regular',NULL,0,0,'2025-10-29 08:55:52','2025-10-29 08:55:52','not_started','not_started',0,0,NULL,NULL,NULL),(1169,1243,'6404062610456',0,0,NULL,'regular',NULL,0,0,'2025-10-29 08:55:53','2025-10-29 08:55:53','not_started','not_started',0,0,NULL,NULL,NULL),(1170,1244,'6404062610472',0,0,NULL,'regular',NULL,0,0,'2025-10-29 08:55:53','2025-10-29 08:55:53','not_started','not_started',0,0,NULL,NULL,NULL),(1171,1245,'6404062610499',0,0,NULL,'regular',NULL,0,0,'2025-10-29 08:55:53','2025-10-29 08:55:53','not_started','not_started',0,0,NULL,NULL,NULL),(1172,1246,'6404062620010',0,0,NULL,'regular',NULL,0,0,'2025-10-29 08:55:54','2025-10-29 08:55:54','not_started','not_started',0,0,NULL,NULL,NULL),(1173,1247,'6404062620036',0,0,NULL,'regular',NULL,0,0,'2025-10-29 08:55:54','2025-10-29 08:55:54','not_started','not_started',0,0,NULL,NULL,NULL),(1174,1248,'6404062620044',0,0,NULL,'regular',NULL,0,0,'2025-10-29 08:55:55','2025-10-29 08:55:55','not_started','not_started',0,0,NULL,NULL,NULL),(1175,1249,'6404062620052',0,0,NULL,'regular',NULL,0,0,'2025-10-29 08:55:55','2025-10-29 08:55:55','not_started','not_started',0,0,NULL,NULL,NULL),(1176,1250,'6404062620061',0,0,NULL,'regular',NULL,0,0,'2025-10-29 08:55:55','2025-10-29 08:55:55','not_started','not_started',0,0,NULL,NULL,NULL),(1177,1251,'6404062620079',0,0,NULL,'regular',NULL,0,0,'2025-10-29 08:55:55','2025-10-29 08:55:55','not_started','not_started',0,0,NULL,NULL,NULL),(1178,1252,'6404062620087',0,0,NULL,'regular',NULL,0,0,'2025-10-29 08:55:55','2025-10-29 08:55:55','not_started','not_started',0,0,NULL,NULL,NULL),(1179,1253,'6404062620095',0,0,NULL,'regular',NULL,0,0,'2025-10-29 08:55:55','2025-10-29 08:55:55','not_started','not_started',0,0,NULL,NULL,NULL),(1180,1254,'6404062620117',0,0,NULL,'regular',NULL,0,0,'2025-10-29 08:55:56','2025-10-29 08:55:56','not_started','not_started',0,0,NULL,NULL,NULL),(1181,1255,'6404062620133',0,0,NULL,'regular',NULL,0,0,'2025-10-29 08:55:56','2025-10-29 08:55:56','not_started','not_started',0,0,NULL,NULL,NULL),(1182,1256,'6404062620150',97,57,NULL,'regular',NULL,1,1,'2025-10-29 08:55:56','2025-10-30 15:10:12','pending_approval','not_started',1,0,NULL,NULL,NULL),(1183,1257,'6404062620168',0,0,NULL,'regular',NULL,0,0,'2025-10-29 08:55:56','2025-10-29 08:55:56','not_started','not_started',0,0,NULL,NULL,NULL),(1184,1258,'6404062620176',0,0,NULL,'regular',NULL,0,0,'2025-10-29 08:55:57','2025-10-29 08:55:57','not_started','not_started',0,0,NULL,NULL,NULL),(1185,1259,'6404062620184',0,0,NULL,'regular',NULL,0,0,'2025-10-29 08:55:57','2025-10-29 08:55:57','not_started','not_started',0,0,NULL,NULL,NULL),(1186,1260,'6404062620192',0,0,NULL,'regular',NULL,0,0,'2025-10-29 08:55:57','2025-10-29 08:55:57','not_started','not_started',0,0,NULL,NULL,NULL),(1187,1261,'6404062620206',0,0,NULL,'regular',NULL,0,0,'2025-10-29 08:55:57','2025-10-29 08:55:57','not_started','not_started',0,0,NULL,NULL,NULL),(1188,1262,'6404062630015',131,82,NULL,'regular',NULL,1,1,'2025-10-29 08:55:57','2025-10-30 12:00:55','not_started','not_started',0,0,NULL,NULL,NULL),(1189,1263,'6404062630023',0,0,NULL,'regular',NULL,0,0,'2025-10-29 08:55:57','2025-10-29 08:55:57','not_started','not_started',0,0,NULL,NULL,NULL),(1190,1264,'6404062630031',0,0,NULL,'regular',NULL,0,0,'2025-10-29 08:55:58','2025-10-29 08:55:58','not_started','not_started',0,0,NULL,NULL,NULL),(1191,1265,'6404062630040',0,0,NULL,'regular',NULL,0,0,'2025-10-29 08:55:58','2025-10-29 08:55:58','not_started','not_started',0,0,NULL,NULL,NULL),(1192,1266,'6404062630058',0,0,NULL,'regular',NULL,0,0,'2025-10-29 08:55:58','2025-10-29 08:55:58','not_started','not_started',0,0,NULL,NULL,NULL),(1193,1267,'6404062630066',0,0,NULL,'regular',NULL,0,0,'2025-10-29 08:55:58','2025-10-29 08:55:58','not_started','not_started',0,0,NULL,NULL,NULL),(1194,1268,'6404062630082',0,0,NULL,'regular',NULL,0,0,'2025-10-29 08:55:58','2025-10-29 08:55:58','not_started','not_started',0,0,NULL,NULL,NULL),(1195,1269,'6404062630091',0,0,NULL,'regular',NULL,0,0,'2025-10-29 08:55:59','2025-10-29 08:55:59','not_started','not_started',0,0,NULL,NULL,NULL),(1196,1270,'6404062630121',0,0,NULL,'regular',NULL,0,0,'2025-10-29 08:55:59','2025-10-29 08:55:59','not_started','not_started',0,0,NULL,NULL,NULL),(1197,1271,'6404062630155',0,0,NULL,'regular',NULL,0,0,'2025-10-29 08:55:59','2025-10-29 08:55:59','not_started','not_started',0,0,NULL,NULL,NULL),(1198,1272,'6404062630163',0,0,NULL,'regular',NULL,0,0,'2025-10-29 08:56:00','2025-10-29 08:56:00','not_started','not_started',0,0,NULL,NULL,NULL),(1199,1273,'6404062630171',131,82,NULL,'regular',NULL,1,1,'2025-10-29 08:56:00','2025-10-30 12:25:02','pending_approval','not_started',1,0,NULL,NULL,NULL),(1200,1274,'6404062630112',0,0,NULL,'regular',NULL,0,0,'2025-10-29 08:56:00','2025-10-29 08:56:00','not_started','not_started',0,0,NULL,NULL,NULL),(1201,1275,'6404062630198',0,0,NULL,'regular',NULL,0,0,'2025-10-29 08:56:00','2025-10-29 08:56:00','not_started','not_started',0,0,NULL,NULL,NULL),(1202,1276,'6404062630201',0,0,NULL,'regular',NULL,0,0,'2025-10-29 08:56:00','2025-10-29 08:56:00','not_started','not_started',0,0,NULL,NULL,NULL),(1203,1277,'6404062630228',0,0,NULL,'regular',NULL,0,0,'2025-10-29 08:56:00','2025-10-29 08:56:00','not_started','not_started',0,0,NULL,NULL,NULL),(1204,1278,'6404062630261',0,0,NULL,'regular',NULL,0,0,'2025-10-29 08:56:01','2025-10-29 08:56:01','not_started','not_started',0,0,NULL,NULL,NULL),(1205,1279,'6404062630279',0,0,NULL,'regular',NULL,0,0,'2025-10-29 08:56:01','2025-10-29 08:56:01','not_started','not_started',0,0,NULL,NULL,NULL),(1206,1280,'6404062630287',0,0,NULL,'regular',NULL,0,0,'2025-10-29 08:56:01','2025-10-29 08:56:01','not_started','not_started',0,0,NULL,NULL,NULL),(1207,1281,'6404062630309',0,0,NULL,'regular',NULL,0,0,'2025-10-29 08:56:02','2025-10-29 08:56:02','not_started','not_started',0,0,NULL,NULL,NULL),(1208,1282,'6404062630317',0,0,NULL,'regular',NULL,0,0,'2025-10-29 08:56:02','2025-10-29 08:56:02','not_started','not_started',0,0,NULL,NULL,NULL),(1209,1283,'6404062630236',0,0,NULL,'regular',NULL,0,0,'2025-10-29 08:56:02','2025-10-29 08:56:02','not_started','not_started',0,0,NULL,NULL,NULL),(1210,1284,'6404062630325',0,0,NULL,'regular',NULL,0,0,'2025-10-29 08:56:02','2025-10-29 08:56:02','not_started','not_started',0,0,NULL,NULL,NULL),(1211,1285,'6404062630350',0,0,NULL,'regular',NULL,0,0,'2025-10-29 08:56:02','2025-10-29 08:56:02','not_started','not_started',0,0,NULL,NULL,NULL),(1212,1286,'6404062630368',0,0,NULL,'regular',NULL,0,0,'2025-10-29 08:56:02','2025-10-29 08:56:02','not_started','not_started',0,0,NULL,NULL,NULL),(1213,1287,'6404062630376',0,0,NULL,'regular',NULL,0,0,'2025-10-29 08:56:02','2025-10-29 08:56:02','not_started','not_started',0,0,NULL,NULL,NULL),(1214,1288,'6404062630384',0,0,NULL,'regular',NULL,0,0,'2025-10-29 08:56:03','2025-10-29 08:56:03','not_started','not_started',0,0,NULL,NULL,NULL),(1215,1289,'6404062630392',0,0,NULL,'regular',NULL,0,0,'2025-10-29 08:56:03','2025-10-29 08:56:03','not_started','not_started',0,0,NULL,NULL,NULL),(1216,1290,'6404062630406',0,0,NULL,'regular',NULL,0,0,'2025-10-29 08:56:03','2025-10-29 08:56:03','not_started','not_started',0,0,NULL,NULL,NULL),(1217,1291,'6404062630414',0,0,NULL,'regular',NULL,0,0,'2025-10-29 08:56:03','2025-10-29 08:56:03','not_started','not_started',0,0,NULL,NULL,NULL),(1218,1292,'6404062630431',0,0,NULL,'regular',NULL,0,0,'2025-10-29 08:56:04','2025-10-29 08:56:04','not_started','not_started',0,0,NULL,NULL,NULL),(1219,1293,'6404062630449',0,0,NULL,'regular',NULL,0,0,'2025-10-29 08:56:04','2025-10-29 08:56:04','not_started','not_started',0,0,NULL,NULL,NULL),(1220,1294,'6404062630341',0,0,NULL,'regular',NULL,0,0,'2025-10-29 08:56:04','2025-10-29 08:56:04','not_started','not_started',0,0,NULL,NULL,NULL),(1221,1295,'6404062630473',0,0,NULL,'regular',NULL,0,0,'2025-10-29 08:56:05','2025-10-29 08:56:05','not_started','not_started',0,0,NULL,NULL,NULL),(1222,1296,'6404062630481',0,0,NULL,'regular',NULL,0,0,'2025-10-29 08:56:05','2025-10-29 08:56:05','not_started','not_started',0,0,NULL,NULL,NULL),(1223,1297,'6404062630503',0,0,NULL,'regular',NULL,0,0,'2025-10-29 08:56:05','2025-10-29 08:56:05','not_started','not_started',0,0,NULL,NULL,NULL),(1224,1298,'6404062630511',0,0,NULL,'regular',NULL,0,0,'2025-10-29 08:56:05','2025-10-29 08:56:05','not_started','not_started',0,0,NULL,NULL,NULL),(1225,1299,'6404062630520',0,0,NULL,'regular',NULL,0,0,'2025-10-29 08:56:05','2025-10-29 08:56:05','not_started','not_started',0,0,NULL,NULL,NULL),(1226,1300,'6404062630546',0,0,NULL,'regular',NULL,0,0,'2025-10-29 08:56:06','2025-10-29 08:56:06','not_started','not_started',0,0,NULL,NULL,NULL),(1227,1301,'6404062630554',0,0,NULL,'regular',NULL,0,0,'2025-10-29 08:56:06','2025-10-29 08:56:06','not_started','not_started',0,0,NULL,NULL,NULL),(1228,1302,'6404062630562',0,0,NULL,'regular',NULL,0,0,'2025-10-29 08:56:06','2025-10-29 08:56:06','not_started','not_started',0,0,NULL,NULL,NULL),(1229,1303,'6404062630571',0,0,NULL,'regular',NULL,0,0,'2025-10-29 08:56:06','2025-10-29 08:56:06','not_started','not_started',0,0,NULL,NULL,NULL),(1230,1304,'6404062630589',0,0,NULL,'regular',NULL,0,0,'2025-10-29 08:56:06','2025-10-29 08:56:06','not_started','not_started',0,0,NULL,NULL,NULL),(1231,1305,'6404062630601',0,0,NULL,'regular',NULL,0,0,'2025-10-29 08:56:06','2025-10-29 08:56:06','not_started','not_started',0,0,NULL,NULL,NULL),(1232,1306,'6404062630597',0,0,NULL,'regular',NULL,0,0,'2025-10-29 08:56:07','2025-10-29 08:56:07','not_started','not_started',0,0,NULL,NULL,NULL),(1233,1307,'6404062636081',0,0,NULL,'regular',NULL,0,0,'2025-10-29 08:56:08','2025-10-29 08:56:08','not_started','not_started',0,0,NULL,NULL,NULL),(1234,1308,'6404062636099',0,0,NULL,'regular',NULL,0,0,'2025-10-29 08:56:08','2025-10-29 08:56:08','not_started','not_started',0,0,NULL,NULL,NULL),(1235,1309,'6404062636111',0,0,NULL,'regular',NULL,0,0,'2025-10-29 08:56:08','2025-10-29 08:56:08','not_started','not_started',0,0,NULL,NULL,NULL),(1236,1310,'6404062636056',0,0,NULL,'regular',NULL,0,0,'2025-10-29 08:56:08','2025-10-29 08:56:08','not_started','not_started',0,0,NULL,NULL,NULL),(1237,1311,'6404062636129',0,0,NULL,'regular',NULL,0,0,'2025-10-29 08:56:09','2025-10-29 08:56:09','not_started','not_started',0,0,NULL,NULL,NULL),(1238,1312,'6404062636137',0,0,NULL,'regular',NULL,0,0,'2025-10-29 08:56:09','2025-10-29 08:56:09','not_started','not_started',0,0,NULL,NULL,NULL),(1239,1313,'6404062636145',0,0,NULL,'regular',NULL,0,0,'2025-10-29 08:56:09','2025-10-29 08:56:09','not_started','not_started',0,0,NULL,NULL,NULL),(1240,1314,'6404062636161',0,0,NULL,'regular',NULL,0,0,'2025-10-29 08:56:09','2025-10-29 08:56:09','not_started','not_started',0,0,NULL,NULL,NULL),(1241,1315,'6404062636170',0,0,NULL,'regular',NULL,0,0,'2025-10-29 08:56:09','2025-10-29 08:56:09','not_started','not_started',0,0,NULL,NULL,NULL),(1242,1316,'6404062636196',0,0,NULL,'regular',NULL,0,0,'2025-10-29 08:56:10','2025-10-29 08:56:10','not_started','not_started',0,0,NULL,NULL,NULL),(1243,1317,'6404062636200',0,0,NULL,'regular',NULL,0,0,'2025-10-29 08:56:10','2025-10-29 08:56:10','not_started','not_started',0,0,NULL,NULL,NULL),(1244,1318,'6404062636226',0,0,NULL,'regular',NULL,0,0,'2025-10-29 08:56:10','2025-10-29 08:56:10','not_started','not_started',0,0,NULL,NULL,NULL),(1245,1319,'6404062636242',0,0,NULL,'regular',NULL,0,0,'2025-10-29 08:56:10','2025-10-29 08:56:10','not_started','not_started',0,0,NULL,NULL,NULL),(1246,1320,'6404062636218',0,0,NULL,'regular',NULL,0,0,'2025-10-29 08:56:11','2025-10-29 08:56:11','not_started','not_started',0,0,NULL,NULL,NULL),(1247,1321,'6404062636251',0,0,NULL,'regular',NULL,0,0,'2025-10-29 08:56:11','2025-10-29 08:56:11','not_started','not_started',0,0,NULL,NULL,NULL),(1248,1322,'6404062636269',0,0,NULL,'regular',NULL,0,0,'2025-10-29 08:56:11','2025-10-29 08:56:11','not_started','not_started',0,0,NULL,NULL,NULL),(1249,1323,'6404062636277',0,0,NULL,'regular',NULL,0,0,'2025-10-29 08:56:11','2025-10-29 08:56:11','not_started','not_started',0,0,NULL,NULL,NULL),(1250,1324,'6404062636285',0,0,NULL,'regular',NULL,0,0,'2025-10-29 08:56:11','2025-10-29 08:56:11','not_started','not_started',0,0,NULL,NULL,NULL),(1251,1325,'6404062636293',0,0,NULL,'regular',NULL,0,0,'2025-10-29 08:56:11','2025-10-29 08:56:11','not_started','not_started',0,0,NULL,NULL,NULL),(1252,1326,'6404062636307',0,0,NULL,'regular',NULL,0,0,'2025-10-29 08:56:12','2025-10-29 08:56:12','not_started','not_started',0,0,NULL,NULL,NULL),(1253,1327,'6404062636315',0,0,NULL,'regular',NULL,0,0,'2025-10-29 08:56:12','2025-10-29 08:56:12','not_started','not_started',0,0,NULL,NULL,NULL),(1254,1328,'6404062636331',0,0,NULL,'regular',NULL,0,0,'2025-10-29 08:56:12','2025-10-29 08:56:12','not_started','not_started',0,0,NULL,NULL,NULL),(1255,1329,'6404062636382',0,0,NULL,'regular',NULL,0,0,'2025-10-29 08:56:13','2025-10-29 08:56:13','not_started','not_started',0,0,NULL,NULL,NULL),(1256,1330,'6404062636391',0,0,NULL,'regular',NULL,0,0,'2025-10-29 08:56:13','2025-10-29 08:56:13','not_started','not_started',0,0,NULL,NULL,NULL),(1257,1331,'6404062636404',0,0,NULL,'regular',NULL,0,0,'2025-10-29 08:56:13','2025-10-29 08:56:13','not_started','not_started',0,0,NULL,NULL,NULL),(1258,1332,'6404062636421',0,0,NULL,'regular',NULL,0,0,'2025-10-29 08:56:14','2025-10-29 08:56:14','not_started','not_started',0,0,NULL,NULL,NULL),(1259,1333,'6404062636463',0,0,NULL,'regular',NULL,0,0,'2025-10-29 08:56:14','2025-10-29 08:56:14','not_started','not_started',0,0,NULL,NULL,NULL),(1260,1334,'6404062636510',0,0,NULL,'regular',NULL,0,0,'2025-10-29 08:56:15','2025-10-29 08:56:15','not_started','not_started',0,0,NULL,NULL,NULL),(1261,1335,'6404062636561',0,0,NULL,'regular',NULL,0,0,'2025-10-29 08:56:15','2025-10-29 08:56:15','not_started','not_started',0,0,NULL,NULL,NULL),(1262,1336,'6404062636498',0,0,NULL,'regular',NULL,0,0,'2025-10-29 08:56:16','2025-10-29 08:56:16','not_started','not_started',0,0,NULL,NULL,NULL),(1263,1337,'6404062660011',0,0,NULL,'regular',NULL,0,0,'2025-10-29 08:56:16','2025-10-29 08:56:16','not_started','not_started',0,0,NULL,NULL,NULL),(1264,1338,'6404062660020',0,0,NULL,'regular',NULL,0,0,'2025-10-29 08:56:16','2025-10-29 08:56:16','not_started','not_started',0,0,NULL,NULL,NULL),(1265,1339,'6404062663045',0,0,NULL,'regular',NULL,0,0,'2025-10-29 08:56:17','2025-10-29 08:56:17','not_started','not_started',0,0,NULL,NULL,NULL),(1266,1340,'6404062663096',0,0,NULL,'regular',NULL,0,0,'2025-10-29 08:56:18','2025-10-29 08:56:18','not_started','not_started',0,0,NULL,NULL,NULL),(1267,1341,'6404062663100',0,0,NULL,'regular',NULL,0,0,'2025-10-29 08:56:18','2025-10-29 08:56:18','not_started','not_started',0,0,NULL,NULL,NULL),(1268,1342,'6404062663126',0,0,NULL,'regular',NULL,0,0,'2025-10-29 08:56:18','2025-10-29 08:56:18','not_started','not_started',0,0,NULL,NULL,NULL),(1269,1343,'6404062663053',0,0,NULL,'regular',NULL,0,0,'2025-10-29 08:56:18','2025-10-29 08:56:18','not_started','not_started',0,0,NULL,NULL,NULL),(1270,1344,'6404062663142',0,0,NULL,'regular',NULL,0,0,'2025-10-29 08:56:19','2025-10-29 08:56:19','not_started','not_started',0,0,NULL,NULL,NULL),(1271,1345,'6404062663151',0,0,NULL,'regular',NULL,0,0,'2025-10-29 08:56:19','2025-10-29 08:56:19','not_started','not_started',0,0,NULL,NULL,NULL),(1272,1346,'6404062663169',0,0,NULL,'regular',NULL,0,0,'2025-10-29 08:56:19','2025-10-29 08:56:19','not_started','not_started',0,0,NULL,NULL,NULL),(1273,1347,'6404062663185',0,0,NULL,'regular',NULL,0,0,'2025-10-29 08:56:19','2025-10-29 08:56:19','not_started','not_started',0,0,NULL,NULL,NULL),(1274,1348,'6404062663207',0,0,NULL,'regular',NULL,0,0,'2025-10-29 08:56:19','2025-10-29 08:56:19','not_started','not_started',0,0,NULL,NULL,NULL),(1275,1349,'6404062663223',0,0,NULL,'regular',NULL,0,0,'2025-10-29 08:56:20','2025-10-29 08:56:20','not_started','not_started',0,0,NULL,NULL,NULL),(1276,1350,'6404062663240',0,0,NULL,'regular',NULL,0,0,'2025-10-29 08:56:20','2025-10-29 08:56:20','not_started','not_started',0,0,NULL,NULL,NULL),(1277,1351,'6404062663177',0,0,NULL,'regular',NULL,0,0,'2025-10-29 08:56:20','2025-10-29 08:56:20','not_started','not_started',0,0,NULL,NULL,NULL),(1278,1352,'6404062663274',0,0,NULL,'regular',NULL,0,0,'2025-10-29 08:56:20','2025-10-29 08:56:20','not_started','not_started',0,0,NULL,NULL,NULL),(1279,1353,'6404062636102',0,0,NULL,'regular',NULL,0,0,'2025-10-29 08:56:22','2025-10-29 08:56:22','not_started','not_started',0,0,NULL,NULL,NULL),(1280,1354,'6504062610021',0,0,NULL,'regular',NULL,0,0,'2025-10-29 08:57:13','2025-11-02 18:03:34','not_started','not_started',0,0,NULL,NULL,NULL),(1281,1355,'6504062610064',0,0,NULL,'regular',NULL,0,0,'2025-10-29 08:57:14','2025-10-29 08:57:14','not_started','not_started',0,0,NULL,NULL,NULL),(1282,1356,'6504062610129',0,0,NULL,'regular',NULL,0,0,'2025-10-29 08:57:15','2025-10-29 08:57:15','not_started','not_started',0,0,NULL,NULL,NULL),(1283,1357,'6504062610251',0,0,NULL,'regular',NULL,0,0,'2025-10-29 08:57:17','2025-10-29 08:57:17','not_started','not_started',0,0,NULL,NULL,NULL),(1284,1358,'6504062610285',0,0,NULL,'regular',NULL,0,0,'2025-10-29 08:57:18','2025-10-29 08:57:18','not_started','not_started',0,0,NULL,NULL,NULL),(1285,1359,'6504062610323',0,0,NULL,'regular',NULL,0,0,'2025-10-29 08:57:18','2025-10-29 08:57:18','not_started','not_started',0,0,NULL,NULL,NULL),(1286,1360,'6504062616020',0,0,NULL,'regular',NULL,0,0,'2025-10-29 08:57:19','2025-10-29 08:57:19','not_started','not_started',0,0,NULL,NULL,NULL),(1287,1361,'6504062616046',0,0,NULL,'regular',NULL,0,0,'2025-10-29 08:57:19','2025-10-29 08:57:19','not_started','not_started',0,0,NULL,NULL,NULL),(1288,1362,'6504062616054',0,0,NULL,'regular',NULL,0,0,'2025-10-29 08:57:19','2025-10-29 08:57:19','not_started','not_started',0,0,NULL,NULL,NULL),(1289,1363,'6504062616089',0,0,NULL,'regular',NULL,0,0,'2025-10-29 08:57:20','2025-10-29 08:57:20','not_started','not_started',0,0,NULL,NULL,NULL),(1290,1364,'6504062620124',0,0,NULL,'regular',NULL,0,0,'2025-10-29 08:57:22','2025-10-29 08:57:22','not_started','not_started',0,0,NULL,NULL,NULL),(1291,1365,'6504062620141',0,0,NULL,'regular',NULL,0,0,'2025-10-29 08:57:22','2025-10-29 08:57:22','not_started','not_started',0,0,NULL,NULL,NULL),(1292,1366,'6504062620183',0,0,NULL,'regular',NULL,0,0,'2025-10-29 08:57:23','2025-10-29 08:57:23','not_started','not_started',0,0,NULL,NULL,NULL),(1293,1367,'6504062620205',0,0,NULL,'regular',NULL,0,0,'2025-10-29 08:57:23','2025-10-29 08:57:23','not_started','not_started',0,0,NULL,NULL,NULL),(1294,1368,'6504062620213',0,0,NULL,'regular',NULL,0,0,'2025-10-29 08:57:24','2025-10-29 08:57:24','not_started','not_started',0,0,NULL,NULL,NULL),(1295,1369,'6504062630316',0,0,NULL,'regular',NULL,0,0,'2025-10-29 08:57:28','2025-10-29 08:57:28','not_started','not_started',0,0,NULL,NULL,NULL),(1296,1370,'6504062630324',0,0,NULL,'regular',NULL,0,0,'2025-10-29 08:57:28','2025-10-29 08:57:28','not_started','not_started',0,0,NULL,NULL,NULL),(1297,1371,'6504062630341',0,0,NULL,'regular',NULL,0,0,'2025-10-29 08:57:28','2025-10-29 08:57:28','not_started','not_started',0,0,NULL,NULL,NULL),(1298,1372,'6504062636047',0,0,NULL,'regular',NULL,0,0,'2025-10-29 08:57:30','2025-10-29 08:57:30','not_started','not_started',0,0,NULL,NULL,NULL),(1299,1373,'6504062636063',0,0,NULL,'regular',NULL,0,0,'2025-10-29 08:57:30','2025-10-29 08:57:30','not_started','not_started',0,0,NULL,NULL,NULL),(1300,1374,'6504062636071',0,0,NULL,'regular',NULL,0,0,'2025-10-29 08:57:30','2025-10-29 08:57:30','not_started','not_started',0,0,NULL,NULL,NULL),(1301,1375,'6504062636080',0,0,NULL,'regular',NULL,0,0,'2025-10-29 08:57:30','2025-10-29 08:57:30','not_started','not_started',0,0,NULL,NULL,NULL),(1302,1376,'6504062636144',0,0,NULL,'regular',NULL,0,0,'2025-10-29 08:57:31','2025-10-29 08:57:31','not_started','not_started',0,0,NULL,NULL,NULL),(1303,1377,'6504062636161',0,0,NULL,'regular',NULL,0,0,'2025-10-29 08:57:31','2025-10-29 08:57:31','not_started','not_started',0,0,NULL,NULL,NULL),(1304,1378,'6504062636217',0,0,NULL,'regular',NULL,0,0,'2025-10-29 08:57:32','2025-10-29 08:57:32','not_started','not_started',0,0,NULL,NULL,NULL),(1305,1379,'6504062636225',0,0,NULL,'regular',NULL,0,0,'2025-10-29 08:57:32','2025-10-29 08:57:32','not_started','not_started',0,0,NULL,NULL,NULL),(1306,1380,'6504062636241',0,0,NULL,'regular',NULL,0,0,'2025-10-29 08:57:33','2025-10-29 08:57:33','not_started','not_started',0,0,NULL,NULL,NULL),(1307,1381,'6504062636250',0,0,NULL,'regular',NULL,0,0,'2025-10-29 08:57:33','2025-10-29 08:57:33','not_started','not_started',0,0,NULL,NULL,NULL),(1308,1382,'6504062636306',0,0,NULL,'regular',NULL,0,0,'2025-10-29 08:57:34','2025-10-29 08:57:34','not_started','not_started',0,0,NULL,NULL,NULL),(1309,1383,'6504062636322',0,0,NULL,'regular',NULL,0,0,'2025-10-29 08:57:34','2025-10-29 08:57:34','not_started','not_started',0,0,NULL,NULL,NULL),(1310,1384,'6504062636331',0,0,NULL,'regular',NULL,0,0,'2025-10-29 08:57:34','2025-10-29 08:57:34','not_started','not_started',0,0,NULL,NULL,NULL),(1311,1385,'6504062636373',0,0,NULL,'regular',NULL,0,0,'2025-10-29 08:57:35','2025-10-29 08:57:35','not_started','not_started',0,0,NULL,NULL,NULL),(1312,1386,'6504062636390',0,0,NULL,'regular',NULL,0,0,'2025-10-29 08:57:35','2025-10-29 08:57:35','not_started','not_started',0,0,NULL,NULL,NULL),(1313,1387,'6504062636187',0,0,NULL,'regular',NULL,0,0,'2025-10-29 08:57:35','2025-10-29 08:57:35','not_started','not_started',0,0,NULL,NULL,NULL),(1314,1388,'6504062660037',0,0,NULL,'regular',NULL,0,0,'2025-10-29 08:57:36','2025-10-29 08:57:36','not_started','not_started',0,0,NULL,NULL,NULL),(1315,1389,'6504062660045',0,0,NULL,'regular',NULL,0,0,'2025-10-29 08:57:36','2025-10-29 08:57:36','not_started','not_started',0,0,NULL,NULL,NULL),(1316,1390,'6504062663010',0,0,NULL,'regular',NULL,0,0,'2025-10-29 08:57:37','2025-10-29 08:57:37','not_started','not_started',0,0,NULL,NULL,NULL),(1317,1391,'6504062663036',0,0,NULL,'regular',NULL,0,0,'2025-10-29 08:57:37','2025-10-29 08:57:37','not_started','not_started',0,0,NULL,NULL,NULL),(1318,1392,'6504062663052',0,0,NULL,'regular',NULL,0,0,'2025-10-29 08:57:37','2025-10-29 08:57:37','not_started','not_started',0,0,NULL,NULL,NULL),(1319,1393,'6504062663109',0,0,NULL,'regular',NULL,0,0,'2025-10-29 08:57:38','2025-10-29 08:57:38','not_started','not_started',0,0,NULL,NULL,NULL),(1320,1394,'6504062663125',0,0,NULL,'regular',NULL,0,0,'2025-10-29 08:57:38','2025-10-29 08:57:38','not_started','not_started',0,0,NULL,NULL,NULL),(1321,1395,'6504062663168',0,0,NULL,'regular',NULL,0,0,'2025-10-29 08:57:39','2025-10-29 08:57:39','not_started','not_started',0,0,NULL,NULL,NULL),(1322,1396,'6504062663176',0,0,NULL,'regular',NULL,0,0,'2025-10-29 08:57:39','2025-10-29 08:57:39','not_started','not_started',0,0,NULL,NULL,NULL),(1323,1397,'6504062663206',0,0,NULL,'regular',NULL,0,0,'2025-10-29 08:57:39','2025-10-29 08:57:39','not_started','not_started',0,0,NULL,NULL,NULL),(1324,1398,'6504062663214',0,0,NULL,'regular',NULL,0,0,'2025-10-29 08:57:39','2025-10-29 08:57:39','not_started','not_started',0,0,NULL,NULL,NULL),(1325,1399,'6504062663231',0,0,NULL,'regular',NULL,0,0,'2025-10-29 08:57:40','2025-10-29 08:57:40','not_started','not_started',0,0,NULL,NULL,NULL),(1326,1400,'6504062663257',0,0,NULL,'regular',NULL,0,0,'2025-10-29 08:57:40','2025-10-29 08:57:40','not_started','not_started',0,0,NULL,NULL,NULL),(1327,1401,'6504062663265',0,0,NULL,'regular',NULL,0,0,'2025-10-29 08:57:40','2025-10-29 08:57:40','not_started','not_started',0,0,NULL,NULL,NULL),(1328,1402,'6504062663044',0,0,NULL,'regular',NULL,0,0,'2025-10-29 08:57:41','2025-10-29 08:57:41','not_started','not_started',0,0,NULL,NULL,NULL),(1329,1403,'6504062630457',0,0,NULL,'regular',NULL,0,0,'2025-10-29 08:57:43','2025-10-29 08:57:43','not_started','not_started',0,0,NULL,NULL,NULL),(1358,1432,'6604062600001',87,57,0.00,'regular',NULL,1,0,'2025-11-01 07:25:22','2025-11-02 17:56:20','pending_approval','in_progress',1,1,NULL,NULL,NULL),(1361,1435,'6604062600004',87,57,0.00,'regular',NULL,1,0,'2025-11-01 07:55:42','2025-11-02 15:30:12','pending_approval','not_started',1,0,NULL,NULL,NULL),(1362,1436,'6604062600005',87,57,0.00,'regular',NULL,1,0,'2025-11-01 07:59:40','2025-11-02 15:30:25','pending_approval','not_started',1,0,NULL,NULL,NULL),(1363,1437,'6604062600002',87,57,0.00,'regular',NULL,1,0,'2025-11-01 08:03:25','2025-11-02 15:29:36','pending_approval','not_started',1,0,NULL,NULL,NULL),(1364,1438,'6604062600003',87,57,0.00,'regular',NULL,1,0,'2025-11-01 08:05:38','2025-11-02 15:29:57','pending_approval','not_started',1,0,NULL,NULL,NULL),(1365,1439,'6604062600006',87,57,NULL,'regular',NULL,1,0,'2025-11-01 09:19:59','2025-11-02 15:30:36','pending_approval','not_started',1,0,NULL,NULL,NULL),(1366,1440,'6604062600007',87,57,NULL,'regular',NULL,1,0,'2025-11-01 09:19:59','2025-11-02 15:30:50','completed','not_started',1,0,NULL,NULL,NULL),(1367,1441,'6604062600000',81,51,0.00,'regular',NULL,1,0,'2025-11-01 15:14:14','2025-11-06 03:58:03','pending_approval','not_started',1,0,NULL,'RC','0981233221'),(1368,1445,'6504062600001',96,76,0.00,'regular',NULL,1,1,'2025-11-02 14:26:08','2025-11-02 16:12:38','not_started','completed',0,1,NULL,NULL,NULL),(1369,1446,'6504062600002',96,76,0.00,'regular',NULL,1,1,'2025-11-02 14:48:18','2025-11-02 16:12:38','not_started','completed',0,1,NULL,NULL,NULL),(1370,1447,'6504062600003',96,76,0.00,'regular',NULL,1,1,'2025-11-02 16:21:55','2025-11-02 17:28:50','not_started','completed',0,1,NULL,NULL,NULL),(1371,1448,'6504062600004',96,76,0.00,'regular',NULL,1,1,'2025-11-02 16:24:55','2025-11-02 17:28:50','not_started','completed',0,1,NULL,NULL,NULL),(1372,1449,'6504062600005',95,57,0.00,'regular',NULL,1,1,'2025-11-02 16:31:14','2025-11-05 16:08:24','not_started','completed',0,1,NULL,NULL,NULL),(1373,1450,'6504062600006',95,57,0.00,'regular',NULL,1,1,'2025-11-02 16:31:56','2025-11-05 16:08:24','not_started','completed',0,1,NULL,NULL,NULL),(1374,1451,'6504062600007',96,60,0.00,'regular',NULL,1,1,'2025-11-02 20:12:53','2025-11-05 10:22:09','not_started','completed',0,1,NULL,'RB',NULL),(1375,1452,'6404062600007',95,57,0.00,'regular',NULL,1,1,'2025-11-03 14:54:18','2025-11-05 10:22:09','pending_approval','completed',1,1,NULL,'RA','0999999999'),(1376,1453,'6504062600008',95,57,NULL,'regular',NULL,1,1,'2025-11-05 08:31:16','2025-11-05 13:21:52','not_started','completed',0,1,NULL,'RA',NULL),(1377,1454,'6504062600009',95,57,NULL,'regular',NULL,1,1,'2025-11-05 08:31:16','2025-11-05 13:21:52','not_started','completed',0,1,NULL,'RA',NULL),(1378,1455,'6504062600010',95,57,NULL,'regular',NULL,1,1,'2025-11-05 08:31:16','2025-11-05 10:21:35','not_started','completed',0,1,NULL,'RC',NULL),(1379,1456,'6504062600011',95,57,NULL,'regular',NULL,1,1,'2025-11-05 08:31:16','2025-11-05 10:21:35','not_started','completed',0,1,NULL,'RA',NULL),(1380,1457,'6604062600008',81,57,NULL,'regular',NULL,1,0,'2025-11-05 08:31:16','2025-11-05 15:39:26','not_started','not_started',0,0,NULL,NULL,'0986765542'),(1381,1458,'6604062600009',95,57,NULL,'regular',NULL,1,0,'2025-11-05 08:31:16','2025-11-06 02:41:28','not_started','not_started',0,0,NULL,NULL,NULL),(1382,1459,'6604062600010',0,0,NULL,'regular',NULL,0,0,'2025-11-05 08:31:16','2025-11-05 08:31:16','not_started','not_started',0,0,NULL,NULL,NULL),(1383,1460,'6604062600011',0,0,NULL,'regular',NULL,0,0,'2025-11-05 08:31:17','2025-11-05 08:31:17','not_started','not_started',0,0,NULL,NULL,NULL),(1384,1462,'6504062600012',95,57,NULL,'regular',NULL,1,1,'2025-11-06 02:51:57','2025-11-06 02:54:27','not_started','not_started',0,0,NULL,NULL,NULL),(1385,1463,'6504062600013',95,57,NULL,'regular',NULL,1,1,'2025-11-06 02:51:57','2025-11-06 02:54:41','not_started','not_started',0,0,NULL,NULL,NULL),(1386,1464,'6504062600014',0,0,NULL,'regular',NULL,0,0,'2025-11-06 02:51:57','2025-11-06 02:51:57','not_started','not_started',0,0,NULL,NULL,NULL),(1387,1465,'6504062600015',0,0,NULL,'regular',NULL,0,0,'2025-11-06 02:51:57','2025-11-06 02:51:57','not_started','not_started',0,0,NULL,NULL,NULL),(1388,1466,'6504062600016',0,0,NULL,'regular',NULL,0,0,'2025-11-06 02:51:57','2025-11-06 02:51:57','not_started','not_started',0,0,NULL,NULL,NULL),(1389,1467,'6504062600017',0,0,NULL,'regular',NULL,0,0,'2025-11-06 02:51:58','2025-11-06 02:51:58','not_started','not_started',0,0,NULL,NULL,NULL);
/*!40000 ALTER TABLE `students` ENABLE KEYS */;
UNLOCK TABLES;

--
-- Table structure for table `system_logs`
--

DROP TABLE IF EXISTS `system_logs`;
/*!40101 SET @saved_cs_client     = @@character_set_client */;
/*!50503 SET character_set_client = utf8mb4 */;
CREATE TABLE `system_logs` (
  `log_id` int NOT NULL AUTO_INCREMENT,
  `user_id` int DEFAULT NULL,
  `action_type` varchar(50) NOT NULL,
  `action_description` text NOT NULL,
  `ip_address` varchar(45) DEFAULT NULL,
  `user_agent` varchar(255) DEFAULT NULL,
  `created_at` timestamp NULL DEFAULT CURRENT_TIMESTAMP,
  PRIMARY KEY (`log_id`),
  KEY `fk_log_user` (`user_id`),
  KEY `idx_log_action` (`action_type`),
  KEY `idx_log_date` (`created_at`),
  CONSTRAINT `fk_log_user` FOREIGN KEY (`user_id`) REFERENCES `users` (`user_id`) ON DELETE SET NULL
) ENGINE=InnoDB AUTO_INCREMENT=203 DEFAULT CHARSET=utf8mb4 COLLATE=utf8mb4_0900_ai_ci;
/*!40101 SET character_set_client = @saved_cs_client */;

--
-- Dumping data for table `system_logs`
--

LOCK TABLES `system_logs` WRITE;
/*!40000 ALTER TABLE `system_logs` DISABLE KEYS */;
/*!40000 ALTER TABLE `system_logs` ENABLE KEYS */;
UNLOCK TABLES;

--
-- Table structure for table `teacher_project_management`
--

DROP TABLE IF EXISTS `teacher_project_management`;
/*!40101 SET @saved_cs_client     = @@character_set_client */;
/*!50503 SET character_set_client = utf8mb4 */;
CREATE TABLE `teacher_project_management` (
  `management_id` int NOT NULL AUTO_INCREMENT,
  `teacher_id` int NOT NULL,
  `academic_year` varchar(4) NOT NULL,
  `semester` tinyint NOT NULL,
  `project_type` enum('advisor','committee','examiner') NOT NULL,
  `max_projects` int DEFAULT '5',
  `current_projects` int DEFAULT '0',
  `notes` text,
  `created_at` timestamp NULL DEFAULT CURRENT_TIMESTAMP,
  `updated_at` timestamp NULL DEFAULT CURRENT_TIMESTAMP ON UPDATE CURRENT_TIMESTAMP,
  PRIMARY KEY (`management_id`),
  UNIQUE KEY `unique_teacher_semester` (`teacher_id`,`academic_year`,`semester`,`project_type`),
  CONSTRAINT `teacher_project_management_ibfk_1` FOREIGN KEY (`teacher_id`) REFERENCES `teachers` (`teacher_id`) ON DELETE CASCADE
) ENGINE=InnoDB DEFAULT CHARSET=utf8mb4 COLLATE=utf8mb4_0900_ai_ci;
/*!40101 SET character_set_client = @saved_cs_client */;

--
-- Dumping data for table `teacher_project_management`
--

LOCK TABLES `teacher_project_management` WRITE;
/*!40000 ALTER TABLE `teacher_project_management` DISABLE KEYS */;
/*!40000 ALTER TABLE `teacher_project_management` ENABLE KEYS */;
UNLOCK TABLES;

--
-- Table structure for table `teachers`
--

DROP TABLE IF EXISTS `teachers`;
/*!40101 SET @saved_cs_client     = @@character_set_client */;
/*!50503 SET character_set_client = utf8mb4 */;
CREATE TABLE `teachers` (
  `teacher_id` int NOT NULL AUTO_INCREMENT,
  `user_id` int NOT NULL,
  `teacher_code` varchar(10) NOT NULL,
  `contact_extension` varchar(20) DEFAULT NULL,
  `teacher_type` enum('academic','support') NOT NULL DEFAULT 'academic',
  `position` varchar(100) NOT NULL DEFAULT 'คณาจารย์',
  `created_at` timestamp NULL DEFAULT CURRENT_TIMESTAMP,
  `updated_at` timestamp NULL DEFAULT CURRENT_TIMESTAMP ON UPDATE CURRENT_TIMESTAMP,
  `can_access_topic_exam` tinyint(1) NOT NULL DEFAULT '0' COMMENT 'กำหนดว่าสามารถเข้าถึง Topic Exam Overview ได้หรือไม่',
  `can_export_project1` tinyint(1) NOT NULL DEFAULT '0',
  PRIMARY KEY (`teacher_id`),
  UNIQUE KEY `teacher_code` (`teacher_code`),
  KEY `user_id` (`user_id`),
  KEY `idx_teachers_teacher_type` (`teacher_type`),
  CONSTRAINT `teachers_ibfk_1` FOREIGN KEY (`user_id`) REFERENCES `users` (`user_id`) ON DELETE CASCADE
) ENGINE=InnoDB AUTO_INCREMENT=73 DEFAULT CHARSET=utf8mb4 COLLATE=utf8mb4_0900_ai_ci;
/*!40101 SET character_set_client = @saved_cs_client */;

--
-- Dumping data for table `teachers`
--

LOCK TABLES `teachers` WRITE;
/*!40000 ALTER TABLE `teachers` DISABLE KEYS */;
INSERT INTO `teachers` VALUES (40,603,'SUP00',NULL,'support','เจ้าหน้าที่ภาควิชา','2025-10-05 19:43:03','2025-10-29 10:21:08',0,0),(41,725,'TNA',NULL,'academic','หัวหน้าภาควิชา','2025-10-05 20:42:55','2025-10-28 18:07:40',0,0),(42,726,'SUP01',NULL,'support','เจ้าหน้าที่ภาควิชา','2025-10-05 21:01:41','2025-10-13 22:44:20',0,0),(43,727,'admin',NULL,'support','เจ้าหน้าที่ภาควิชา','2025-10-08 10:39:27','2025-10-08 10:39:27',0,0),(44,1052,'LPP',NULL,'academic','คณาจารย์','2025-10-13 22:27:03','2025-10-13 22:27:03',1,1),(45,1053,'NKS',NULL,'academic','คณาจารย์','2025-10-13 22:27:39','2025-10-13 22:27:39',0,0),(46,1054,'KAB',NULL,'academic','คณาจารย์','2025-10-13 22:29:32','2025-10-13 22:29:32',0,0),(47,1055,'ART',NULL,'academic','คณาจารย์','2025-10-13 22:30:43','2025-10-13 22:30:43',0,0),(48,1056,'SRS',NULL,'academic','คณาจารย์','2025-10-13 22:31:07','2025-10-13 22:31:07',0,0),(49,1057,'NSN',NULL,'academic','คณาจารย์','2025-10-13 22:31:31','2025-10-13 22:31:31',0,0),(50,1058,'GDP',NULL,'academic','คณาจารย์','2025-10-13 22:32:12','2025-10-13 22:32:12',0,0),(51,1059,'KSB',NULL,'academic','คณาจารย์','2025-10-13 22:32:51','2025-10-13 22:32:51',0,0),(52,1060,'PRV',NULL,'academic','คณาจารย์','2025-10-13 22:33:24','2025-10-13 22:33:24',0,0),(53,1062,'BLT',NULL,'academic','คณาจารย์','2025-10-13 22:34:00','2025-10-13 22:34:00',0,0),(54,1063,'ADP',NULL,'academic','คณาจารย์','2025-10-13 22:34:44','2025-10-13 22:34:44',0,0),(55,1064,'SWK',NULL,'academic','คณาจารย์','2025-10-13 22:35:12','2025-10-13 22:35:12',0,0),(56,1065,'PLS',NULL,'academic','คณาจารย์','2025-10-13 22:36:10','2025-10-13 22:36:10',0,0),(57,1066,'NSD',NULL,'academic','คณาจารย์','2025-10-13 22:36:46','2025-10-13 22:36:46',0,0),(58,1067,'AWS',NULL,'academic','คณาจารย์','2025-10-13 22:37:09','2025-10-13 22:37:09',0,0),(59,1068,'CHR',NULL,'academic','คณาจารย์','2025-10-13 22:37:36','2025-10-28 01:37:50',0,0),(60,1069,'YCK',NULL,'academic','คณาจารย์','2025-10-13 22:38:52','2025-10-13 22:38:52',0,0),(61,1070,'SSP',NULL,'academic','คณาจารย์','2025-10-13 22:39:11','2025-10-13 22:39:11',0,0),(62,1071,'ENS',NULL,'academic','คณาจารย์','2025-10-13 22:39:48','2025-10-13 22:39:48',0,0),(63,1072,'TSR',NULL,'academic','คณาจารย์','2025-10-13 22:40:11','2025-10-13 22:40:11',0,0),(64,1073,'NJR',NULL,'academic','คณาจารย์','2025-10-13 22:41:44','2025-10-13 22:41:44',0,0),(65,1074,'SUP05',NULL,'support','เจ้าหน้าที่ภาควิชา','2025-10-13 22:46:23','2025-10-13 22:46:23',0,0),(66,1075,'SUP02',NULL,'support','เจ้าหน้าที่ภาควิชา','2025-10-13 22:47:09','2025-10-13 22:47:09',0,0),(67,1076,'SUP03',NULL,'support','เจ้าหน้าที่ภาควิชา','2025-10-13 22:47:32','2025-10-13 22:47:32',0,0),(68,1077,'SUP04',NULL,'support','เจ้าหน้าที่ภาควิชา','2025-10-13 22:47:56','2025-10-13 22:47:56',0,0),(69,1078,'SUP06',NULL,'support','เจ้าหน้าที่ภาควิชา','2025-10-13 22:48:43','2025-10-13 22:48:43',0,0),(70,1079,'SUP07',NULL,'support','เจ้าหน้าที่ภาควิชา','2025-10-13 22:49:02','2025-10-13 22:49:02',0,0),(71,1444,'NWS',NULL,'academic','คณาจารย์','2025-11-02 14:19:21','2025-11-02 15:43:15',0,0),(72,1461,'TTT',NULL,'academic','คณาจารย์','2025-11-05 08:45:46','2025-11-05 08:46:28',0,0);
/*!40000 ALTER TABLE `teachers` ENABLE KEYS */;
UNLOCK TABLES;

--
-- Table structure for table `timeline_steps`
--

DROP TABLE IF EXISTS `timeline_steps`;
/*!40101 SET @saved_cs_client     = @@character_set_client */;
/*!50503 SET character_set_client = utf8mb4 */;
CREATE TABLE `timeline_steps` (
  `timestamps_id` int NOT NULL AUTO_INCREMENT,
  `student_id` int NOT NULL,
  `type` enum('internship','project') CHARACTER SET utf8mb4 COLLATE utf8mb4_unicode_ci NOT NULL,
  `step_order` int NOT NULL,
  `name` varchar(255) CHARACTER SET utf8mb4 COLLATE utf8mb4_unicode_ci NOT NULL,
  `status` enum('waiting','in_progress','completed','blocked') CHARACTER SET utf8mb4 COLLATE utf8mb4_unicode_ci DEFAULT 'waiting',
  `date` date DEFAULT NULL,
  `start_date` date DEFAULT NULL,
  `end_date` date DEFAULT NULL,
  `deadline` date DEFAULT NULL,
  `description` text CHARACTER SET utf8mb4 COLLATE utf8mb4_unicode_ci,
  `document_type` varchar(50) CHARACTER SET utf8mb4 COLLATE utf8mb4_unicode_ci DEFAULT NULL,
  `action_text` varchar(100) CHARACTER SET utf8mb4 COLLATE utf8mb4_unicode_ci DEFAULT NULL,
  `action_link` varchar(255) CHARACTER SET utf8mb4 COLLATE utf8mb4_unicode_ci DEFAULT NULL,
  `created_at` datetime DEFAULT CURRENT_TIMESTAMP,
  `updated_at` datetime DEFAULT CURRENT_TIMESTAMP,
  PRIMARY KEY (`timestamps_id`),
  KEY `timeline_steps_student_id_type_step_order` (`student_id`,`type`,`step_order`),
  CONSTRAINT `timeline_steps_ibfk_1` FOREIGN KEY (`student_id`) REFERENCES `students` (`student_id`)
) ENGINE=InnoDB DEFAULT CHARSET=utf8mb4 COLLATE=utf8mb4_unicode_ci;
/*!40101 SET character_set_client = @saved_cs_client */;

--
-- Dumping data for table `timeline_steps`
--

LOCK TABLES `timeline_steps` WRITE;
/*!40000 ALTER TABLE `timeline_steps` DISABLE KEYS */;
/*!40000 ALTER TABLE `timeline_steps` ENABLE KEYS */;
UNLOCK TABLES;

--
-- Table structure for table `timeline_steps_backup`
--

DROP TABLE IF EXISTS `timeline_steps_backup`;
/*!40101 SET @saved_cs_client     = @@character_set_client */;
/*!50503 SET character_set_client = utf8mb4 */;
CREATE TABLE `timeline_steps_backup` (
  `timestamps_id` int NOT NULL DEFAULT '0',
  `student_id` int NOT NULL,
  `type` enum('internship','project') CHARACTER SET utf8mb4 COLLATE utf8mb4_unicode_ci NOT NULL,
  `step_order` int NOT NULL,
  `name` varchar(255) CHARACTER SET utf8mb4 COLLATE utf8mb4_unicode_ci NOT NULL,
  `status` enum('waiting','in_progress','completed','blocked') CHARACTER SET utf8mb4 COLLATE utf8mb4_unicode_ci DEFAULT 'waiting',
  `date` date DEFAULT NULL,
  `start_date` date DEFAULT NULL,
  `end_date` date DEFAULT NULL,
  `deadline` date DEFAULT NULL,
  `description` text CHARACTER SET utf8mb4 COLLATE utf8mb4_unicode_ci,
  `document_type` varchar(50) CHARACTER SET utf8mb4 COLLATE utf8mb4_unicode_ci DEFAULT NULL,
  `action_text` varchar(100) CHARACTER SET utf8mb4 COLLATE utf8mb4_unicode_ci DEFAULT NULL,
  `action_link` varchar(255) CHARACTER SET utf8mb4 COLLATE utf8mb4_unicode_ci DEFAULT NULL,
  `created_at` datetime DEFAULT CURRENT_TIMESTAMP,
  `updated_at` datetime DEFAULT CURRENT_TIMESTAMP
) ENGINE=InnoDB DEFAULT CHARSET=utf8mb4 COLLATE=utf8mb4_0900_ai_ci;
/*!40101 SET character_set_client = @saved_cs_client */;

--
-- Dumping data for table `timeline_steps_backup`
--

LOCK TABLES `timeline_steps_backup` WRITE;
/*!40000 ALTER TABLE `timeline_steps_backup` DISABLE KEYS */;
/*!40000 ALTER TABLE `timeline_steps_backup` ENABLE KEYS */;
UNLOCK TABLES;

--
-- Table structure for table `upload_history`
--

DROP TABLE IF EXISTS `upload_history`;
/*!40101 SET @saved_cs_client     = @@character_set_client */;
/*!50503 SET character_set_client = utf8mb4 */;
CREATE TABLE `upload_history` (
  `history_id` int NOT NULL AUTO_INCREMENT,
  `uploaded_by` int NOT NULL,
  `file_name` varchar(255) CHARACTER SET utf8mb4 COLLATE utf8mb4_unicode_ci NOT NULL,
  `total_records` int NOT NULL DEFAULT '0',
  `successful_updates` int NOT NULL DEFAULT '0',
  `failed_updates` int NOT NULL DEFAULT '0',
  `upload_type` enum('students','grades') CHARACTER SET utf8mb4 COLLATE utf8mb4_unicode_ci NOT NULL DEFAULT 'students',
  `created_at` timestamp NULL DEFAULT CURRENT_TIMESTAMP,
  `details` json DEFAULT NULL,
  PRIMARY KEY (`history_id`),
  KEY `uploaded_by` (`uploaded_by`),
  KEY `idx_upload_history_uploader` (`uploaded_by`),
  CONSTRAINT `upload_history_ibfk_1` FOREIGN KEY (`uploaded_by`) REFERENCES `users` (`user_id`)
) ENGINE=InnoDB AUTO_INCREMENT=346 DEFAULT CHARSET=utf8mb4 COLLATE=utf8mb4_unicode_ci;
/*!40101 SET character_set_client = @saved_cs_client */;

--
-- Dumping data for table `upload_history`
--

LOCK TABLES `upload_history` WRITE;
/*!40000 ALTER TABLE `upload_history` DISABLE KEYS */;
INSERT INTO `upload_history` VALUES (303,603,'à¸£à¸²à¸¢à¸à¸²à¸à¸à¸±à¸à¸à¸µà¸£à¸²à¸¢à¸à¸·à¹à¸­à¸à¸±à¸à¸¨à¸¶à¸à¸©à¸² (5).csv',208,0,208,'students','2025-10-08 10:31:41','{\"summary\": {\"added\": 0, \"total\": 208, \"errors\": 0, \"invalid\": 208, \"updated\": 0}, \"uploader\": {\"userId\": 603, \"username\": null}, \"fileFormat\": \"csv\", \"processedAt\": \"2025-10-08T10:31:41.990Z\"}'),(304,727,'à¸£à¸²à¸¢à¸à¸²à¸à¸à¸³à¸à¸§à¸à¸«à¸à¹à¸§à¸¢à¸à¸´à¸à¸à¸µà¹à¸à¹à¸²à¸à¸à¸­à¸à¸à¸±à¸à¸¨à¸¶à¸à¸©à¸²à¸£à¸°-à¸à¸à¸ªà¸­à¸2à¸à¸.csv',2,2,0,'students','2025-10-08 10:42:13','{\"summary\": {\"added\": 2, \"total\": 2, \"errors\": 0, \"invalid\": 0, \"updated\": 0}, \"uploader\": {\"userId\": 727, \"username\": null}, \"fileFormat\": \"csv\", \"processedAt\": \"2025-10-08T10:42:13.041Z\"}'),(305,603,'à¸£à¸²à¸¢à¸à¸²à¸à¸à¸³à¸à¸§à¸à¸«à¸à¹à¸§à¸¢à¸à¸´à¸à¸à¸µà¹à¸à¹à¸²à¸à¸à¸­à¸à¸à¸±à¸à¸¨à¸¶à¸à¸©à¸²à¸£à¸° - à¸à¸à¸ªà¸­à¸.csv',121,120,1,'students','2025-10-08 10:43:51','{\"summary\": {\"added\": 120, \"total\": 121, \"errors\": 0, \"invalid\": 1, \"updated\": 0}, \"uploader\": {\"userId\": 603, \"username\": null}, \"fileFormat\": \"csv\", \"processedAt\": \"2025-10-08T10:43:51.747Z\"}'),(306,727,'à¸£à¸²à¸¢à¸à¸²à¸à¸à¸³à¸à¸§à¸à¸«à¸à¹à¸§à¸¢à¸à¸´à¸à¸à¸µà¹à¸à¹à¸²à¸à¸à¸­à¸à¸à¸±à¸à¸¨à¸¶à¸à¸©à¸²à¸£à¸°-à¸à¸à¸ªà¸­à¸2à¸à¸.csv',2,0,2,'students','2025-10-08 10:43:57','{\"summary\": {\"added\": 0, \"total\": 2, \"errors\": 0, \"invalid\": 2, \"updated\": 0}, \"uploader\": {\"userId\": 727, \"username\": null}, \"fileFormat\": \"csv\", \"processedAt\": \"2025-10-08T10:43:57.044Z\"}'),(307,603,'cs4.xlsx',200,0,200,'students','2025-10-08 10:54:30','{\"summary\": {\"added\": 0, \"total\": 200, \"errors\": 0, \"invalid\": 200, \"updated\": 0}, \"uploader\": {\"userId\": 603, \"username\": null}, \"fileFormat\": \"xlsx\", \"processedAt\": \"2025-10-08T10:54:30.165Z\"}'),(308,603,'cs4.csv',200,0,200,'students','2025-10-08 10:55:35','{\"summary\": {\"added\": 0, \"total\": 200, \"errors\": 0, \"invalid\": 200, \"updated\": 0}, \"uploader\": {\"userId\": 603, \"username\": null}, \"fileFormat\": \"csv\", \"processedAt\": \"2025-10-08T10:55:35.240Z\"}'),(309,603,'cs4.csv',200,0,200,'students','2025-10-08 10:55:54','{\"summary\": {\"added\": 0, \"total\": 200, \"errors\": 0, \"invalid\": 200, \"updated\": 0}, \"uploader\": {\"userId\": 603, \"username\": null}, \"fileFormat\": \"csv\", \"processedAt\": \"2025-10-08T10:55:54.120Z\"}'),(310,603,'cs4.csv',200,0,200,'students','2025-10-08 11:02:27','{\"summary\": {\"added\": 0, \"total\": 200, \"errors\": 0, \"invalid\": 200, \"updated\": 0}, \"uploader\": {\"userId\": 603, \"username\": null}, \"fileFormat\": \"csv\", \"processedAt\": \"2025-10-08T11:02:27.498Z\"}'),(311,603,'cs4.csv',200,0,200,'students','2025-10-08 11:04:45','{\"summary\": {\"added\": 0, \"total\": 200, \"errors\": 0, \"invalid\": 200, \"updated\": 0}, \"uploader\": {\"userId\": 603, \"username\": null}, \"fileFormat\": \"csv\", \"processedAt\": \"2025-10-08T11:04:45.045Z\"}'),(312,727,'cs4.xlsx',2,2,0,'students','2025-10-08 11:11:05','{\"summary\": {\"added\": 2, \"total\": 2, \"errors\": 0, \"invalid\": 0, \"updated\": 0}, \"uploader\": {\"userId\": 727, \"username\": null}, \"fileFormat\": \"xlsx\", \"processedAt\": \"2025-10-08T11:11:05.806Z\"}'),(313,603,'cs4.csv',201,201,0,'students','2025-10-09 01:26:23','{\"summary\": {\"added\": 199, \"total\": 201, \"errors\": 0, \"invalid\": 0, \"updated\": 2}, \"uploader\": {\"userId\": 603, \"username\": null}, \"fileFormat\": \"csv\", \"processedAt\": \"2025-10-09T01:26:23.226Z\"}'),(314,603,'cs4.xlsx',200,0,200,'students','2025-10-09 01:54:15','{\"summary\": {\"added\": 0, \"total\": 200, \"errors\": 0, \"invalid\": 200, \"updated\": 0}, \"uploader\": {\"userId\": 603, \"username\": null}, \"fileFormat\": \"xlsx\", \"processedAt\": \"2025-10-09T01:54:15.813Z\"}'),(315,726,'cs4-fixed.xlsx',2,2,0,'students','2025-10-10 04:43:15','{\"summary\": {\"added\": 0, \"total\": 2, \"errors\": 0, \"invalid\": 0, \"updated\": 2, \"warnings\": 0, \"warningDetails\": []}, \"uploader\": {\"userId\": 726, \"username\": null}, \"fileFormat\": \"xlsx\", \"processedAt\": \"2025-10-10T04:43:15.423Z\"}'),(316,603,'64.xlsx',67,67,0,'students','2025-10-15 02:10:50','{\"summary\": {\"added\": 66, \"total\": 67, \"errors\": 0, \"invalid\": 0, \"updated\": 1, \"warnings\": 0, \"warningDetails\": []}, \"uploader\": {\"userId\": 603, \"username\": null}, \"fileFormat\": \"xlsx\", \"processedAt\": \"2025-10-15T02:10:50.851Z\"}'),(317,603,'64.xlsx',67,67,0,'students','2025-10-15 02:12:33','{\"summary\": {\"added\": 0, \"total\": 67, \"errors\": 0, \"invalid\": 0, \"updated\": 67, \"warnings\": 0, \"warningDetails\": []}, \"uploader\": {\"userId\": 603, \"username\": null}, \"fileFormat\": \"xlsx\", \"processedAt\": \"2025-10-15T02:12:33.638Z\"}'),(318,603,'63.xlsx',22,22,0,'students','2025-10-15 02:22:58','{\"summary\": {\"added\": 22, \"total\": 22, \"errors\": 0, \"invalid\": 0, \"updated\": 0, \"warnings\": 0, \"warningDetails\": []}, \"uploader\": {\"userId\": 603, \"username\": null}, \"fileFormat\": \"xlsx\", \"processedAt\": \"2025-10-15T02:22:58.919Z\"}'),(319,603,'63.xlsx',22,22,0,'students','2025-10-15 02:23:15','{\"summary\": {\"added\": 0, \"total\": 22, \"errors\": 0, \"invalid\": 0, \"updated\": 22, \"warnings\": 0, \"warningDetails\": []}, \"uploader\": {\"userId\": 603, \"username\": null}, \"fileFormat\": \"xlsx\", \"processedAt\": \"2025-10-15T02:23:15.627Z\"}'),(320,603,'62.xlsx',18,18,0,'students','2025-10-15 02:23:25','{\"summary\": {\"added\": 18, \"total\": 18, \"errors\": 0, \"invalid\": 0, \"updated\": 0, \"warnings\": 0, \"warningDetails\": []}, \"uploader\": {\"userId\": 603, \"username\": null}, \"fileFormat\": \"xlsx\", \"processedAt\": \"2025-10-15T02:23:25.665Z\"}'),(321,603,'62.xlsx',18,18,0,'students','2025-10-15 02:23:36','{\"summary\": {\"added\": 0, \"total\": 18, \"errors\": 0, \"invalid\": 0, \"updated\": 18, \"warnings\": 0, \"warningDetails\": []}, \"uploader\": {\"userId\": 603, \"username\": null}, \"fileFormat\": \"xlsx\", \"processedAt\": \"2025-10-15T02:23:36.897Z\"}'),(322,603,'61.xlsx',8,8,0,'students','2025-10-15 02:23:46','{\"summary\": {\"added\": 8, \"total\": 8, \"errors\": 0, \"invalid\": 0, \"updated\": 0, \"warnings\": 0, \"warningDetails\": []}, \"uploader\": {\"userId\": 603, \"username\": null}, \"fileFormat\": \"xlsx\", \"processedAt\": \"2025-10-15T02:23:46.283Z\"}'),(323,603,'61.xlsx',8,8,0,'students','2025-10-15 02:23:54','{\"summary\": {\"added\": 0, \"total\": 8, \"errors\": 0, \"invalid\": 0, \"updated\": 8, \"warnings\": 0, \"warningDetails\": []}, \"uploader\": {\"userId\": 603, \"username\": null}, \"fileFormat\": \"xlsx\", \"processedAt\": \"2025-10-15T02:23:54.657Z\"}'),(324,603,'60.xlsx',4,4,0,'students','2025-10-15 02:24:10','{\"summary\": {\"added\": 4, \"total\": 4, \"errors\": 0, \"invalid\": 0, \"updated\": 0, \"warnings\": 0, \"warningDetails\": []}, \"uploader\": {\"userId\": 603, \"username\": null}, \"fileFormat\": \"xlsx\", \"processedAt\": \"2025-10-15T02:24:10.907Z\"}'),(325,603,'60.xlsx',4,4,0,'students','2025-10-15 02:24:15','{\"summary\": {\"added\": 0, \"total\": 4, \"errors\": 0, \"invalid\": 0, \"updated\": 4, \"warnings\": 0, \"warningDetails\": []}, \"uploader\": {\"userId\": 603, \"username\": null}, \"fileFormat\": \"xlsx\", \"processedAt\": \"2025-10-15T02:24:15.740Z\"}'),(326,726,'Students_List64.xlsx',220,220,0,'students','2025-10-29 08:56:22','{\"summary\": {\"added\": 144, \"total\": 220, \"errors\": 0, \"invalid\": 0, \"updated\": 76, \"warnings\": 0, \"warningDetails\": []}, \"uploader\": {\"userId\": 726, \"username\": null}, \"fileFormat\": \"xlsx\", \"processedAt\": \"2025-10-29T08:56:22.197Z\"}'),(327,726,'Students_List64.xlsx',220,220,0,'students','2025-10-29 08:56:55','{\"summary\": {\"added\": 0, \"total\": 220, \"errors\": 0, \"invalid\": 0, \"updated\": 220, \"warnings\": 0, \"warningDetails\": []}, \"uploader\": {\"userId\": 726, \"username\": null}, \"fileFormat\": \"xlsx\", \"processedAt\": \"2025-10-29T08:56:55.946Z\"}'),(328,726,'Students_List65.xlsx',186,186,0,'students','2025-10-29 08:57:44','{\"summary\": {\"added\": 50, \"total\": 186, \"errors\": 0, \"invalid\": 0, \"updated\": 136, \"warnings\": 0, \"warningDetails\": []}, \"uploader\": {\"userId\": 726, \"username\": null}, \"fileFormat\": \"xlsx\", \"processedAt\": \"2025-10-29T08:57:44.431Z\"}'),(329,726,'cs4-fixed.xlsx',2,2,0,'students','2025-10-29 08:58:09','{\"summary\": {\"added\": 0, \"total\": 2, \"errors\": 0, \"invalid\": 0, \"updated\": 2, \"warnings\": 0, \"warningDetails\": []}, \"uploader\": {\"userId\": 726, \"username\": null}, \"fileFormat\": \"xlsx\", \"processedAt\": \"2025-10-29T08:58:09.522Z\"}'),(330,726,'cs4(1).xlsx',201,201,0,'students','2025-10-29 08:59:08','{\"summary\": {\"added\": 0, \"total\": 201, \"errors\": 0, \"invalid\": 0, \"updated\": 201, \"warnings\": 0, \"warningDetails\": []}, \"uploader\": {\"userId\": 726, \"username\": null}, \"fileFormat\": \"xlsx\", \"processedAt\": \"2025-10-29T08:59:08.258Z\"}'),(331,726,'cs4-fixed.xlsx',2,2,0,'students','2025-10-29 08:59:11','{\"summary\": {\"added\": 0, \"total\": 2, \"errors\": 0, \"invalid\": 0, \"updated\": 2, \"warnings\": 0, \"warningDetails\": []}, \"uploader\": {\"userId\": 726, \"username\": null}, \"fileFormat\": \"xlsx\", \"processedAt\": \"2025-10-29T08:59:11.228Z\"}'),(332,727,'student_template_basic (1).csv',7,7,0,'students','2025-11-01 07:02:49','{\"summary\": {\"added\": 7, \"total\": 7, \"errors\": 0, \"invalid\": 0, \"updated\": 0, \"warnings\": 0, \"warningDetails\": []}, \"uploader\": {\"userId\": 727, \"username\": null}, \"fileFormat\": \"csv\", \"processedAt\": \"2025-11-01T07:02:49.492Z\"}'),(333,727,'student_template_basic (1).csv',7,7,0,'students','2025-11-01 07:07:02','{\"summary\": {\"added\": 7, \"total\": 7, \"errors\": 0, \"invalid\": 0, \"updated\": 0, \"warnings\": 0, \"warningDetails\": []}, \"uploader\": {\"userId\": 727, \"username\": null}, \"fileFormat\": \"csv\", \"processedAt\": \"2025-11-01T07:07:02.124Z\"}'),(334,727,'student_template_basic (1).csv',7,7,0,'students','2025-11-01 07:09:45','{\"summary\": {\"added\": 7, \"total\": 7, \"errors\": 0, \"invalid\": 0, \"updated\": 0, \"warnings\": 0, \"warningDetails\": []}, \"uploader\": {\"userId\": 727, \"username\": null}, \"fileFormat\": \"csv\", \"processedAt\": \"2025-11-01T07:09:45.308Z\"}'),(335,727,'student_template_basic (1).csv',7,7,0,'students','2025-11-01 09:19:59','{\"summary\": {\"added\": 2, \"total\": 7, \"errors\": 0, \"invalid\": 0, \"updated\": 5, \"warnings\": 0, \"warningDetails\": []}, \"uploader\": {\"userId\": 727, \"username\": null}, \"fileFormat\": \"csv\", \"processedAt\": \"2025-11-01T09:19:59.896Z\"}'),(336,727,'à¹à¸§à¸´à¸£à¹à¸à¸à¸¸à¹à¸1.xlsx',7,7,0,'students','2025-11-01 09:23:17','{\"summary\": {\"added\": 0, \"total\": 7, \"errors\": 0, \"invalid\": 0, \"updated\": 7, \"warnings\": 0, \"warningDetails\": []}, \"uploader\": {\"userId\": 727, \"username\": null}, \"fileFormat\": \"xlsx\", \"processedAt\": \"2025-11-01T09:23:17.834Z\"}'),(337,727,'à¹à¸§à¸´à¸£à¹à¸à¸à¸¸à¹à¸1.xlsx',7,7,0,'students','2025-11-01 09:24:21','{\"summary\": {\"added\": 0, \"total\": 7, \"errors\": 0, \"invalid\": 0, \"updated\": 7, \"warnings\": 0, \"warningDetails\": []}, \"uploader\": {\"userId\": 727, \"username\": null}, \"fileFormat\": \"xlsx\", \"processedAt\": \"2025-11-01T09:24:21.483Z\"}'),(338,727,'student_template_basic.csv',8,8,0,'students','2025-11-05 08:31:17','{\"summary\": {\"added\": 8, \"total\": 8, \"errors\": 0, \"invalid\": 0, \"updated\": 0, \"warnings\": 0, \"warningDetails\": []}, \"uploader\": {\"userId\": 727, \"username\": null}, \"fileFormat\": \"csv\", \"processedAt\": \"2025-11-05T08:31:17.133Z\"}'),(339,727,'student_template_basic.csv',8,8,0,'students','2025-11-05 08:32:48','{\"summary\": {\"added\": 0, \"total\": 8, \"errors\": 0, \"invalid\": 0, \"updated\": 8, \"warnings\": 0, \"warningDetails\": []}, \"uploader\": {\"userId\": 727, \"username\": null}, \"fileFormat\": \"csv\", \"processedAt\": \"2025-11-05T08:32:48.464Z\"}'),(340,727,'student_template_basic.xlsx',8,8,0,'students','2025-11-05 08:33:44','{\"summary\": {\"added\": 0, \"total\": 8, \"errors\": 0, \"invalid\": 0, \"updated\": 8, \"warnings\": 0, \"warningDetails\": []}, \"uploader\": {\"userId\": 727, \"username\": null}, \"fileFormat\": \"xlsx\", \"processedAt\": \"2025-11-05T08:33:44.287Z\"}'),(341,727,'student_template_basic.xlsx',8,8,0,'students','2025-11-05 08:34:31','{\"summary\": {\"added\": 0, \"total\": 8, \"errors\": 0, \"invalid\": 0, \"updated\": 8, \"warnings\": 0, \"warningDetails\": []}, \"uploader\": {\"userId\": 727, \"username\": null}, \"fileFormat\": \"xlsx\", \"processedAt\": \"2025-11-05T08:34:31.322Z\"}'),(342,727,'student_template_basic.xlsx',8,8,0,'students','2025-11-05 08:34:36','{\"summary\": {\"added\": 0, \"total\": 8, \"errors\": 0, \"invalid\": 0, \"updated\": 8, \"warnings\": 0, \"warningDetails\": []}, \"uploader\": {\"userId\": 727, \"username\": null}, \"fileFormat\": \"xlsx\", \"processedAt\": \"2025-11-05T08:34:36.372Z\"}'),(343,727,'student_template_basic (1).csv',6,6,0,'students','2025-11-06 02:51:58','{\"summary\": {\"added\": 6, \"total\": 6, \"errors\": 0, \"invalid\": 0, \"updated\": 0, \"warnings\": 0, \"warningDetails\": []}, \"uploader\": {\"userId\": 727, \"username\": null}, \"fileFormat\": \"csv\", \"processedAt\": \"2025-11-06T02:51:58.198Z\"}'),(344,727,'student_template_basic (1).xlsx',6,6,0,'students','2025-11-06 02:52:26','{\"summary\": {\"added\": 0, \"total\": 6, \"errors\": 0, \"invalid\": 0, \"updated\": 6, \"warnings\": 0, \"warningDetails\": []}, \"uploader\": {\"userId\": 727, \"username\": null}, \"fileFormat\": \"xlsx\", \"processedAt\": \"2025-11-06T02:52:26.196Z\"}'),(345,727,'student_template_basic (1).xlsx',6,6,0,'students','2025-11-06 02:52:32','{\"summary\": {\"added\": 0, \"total\": 6, \"errors\": 0, \"invalid\": 0, \"updated\": 6, \"warnings\": 0, \"warningDetails\": []}, \"uploader\": {\"userId\": 727, \"username\": null}, \"fileFormat\": \"xlsx\", \"processedAt\": \"2025-11-06T02:52:32.816Z\"}');
/*!40000 ALTER TABLE `upload_history` ENABLE KEYS */;
UNLOCK TABLES;

--
-- Table structure for table `users`
--

DROP TABLE IF EXISTS `users`;
/*!40101 SET @saved_cs_client     = @@character_set_client */;
/*!50503 SET character_set_client = utf8mb4 */;
CREATE TABLE `users` (
  `user_id` int NOT NULL AUTO_INCREMENT,
  `username` varchar(50) NOT NULL,
  `password` varchar(255) NOT NULL,
  `email` varchar(100) NOT NULL,
  `role` enum('student','teacher','admin') NOT NULL,
  `first_name` varchar(100) NOT NULL,
  `last_name` varchar(100) NOT NULL,
  `active_status` tinyint(1) DEFAULT '1',
  `last_login` datetime DEFAULT NULL,
  `created_at` timestamp NULL DEFAULT CURRENT_TIMESTAMP,
  `updated_at` timestamp NULL DEFAULT CURRENT_TIMESTAMP ON UPDATE CURRENT_TIMESTAMP,
  PRIMARY KEY (`user_id`),
  UNIQUE KEY `username` (`username`),
  UNIQUE KEY `email` (`email`)
) ENGINE=InnoDB AUTO_INCREMENT=1468 DEFAULT CHARSET=utf8mb4 COLLATE=utf8mb4_0900_ai_ci;
/*!40101 SET character_set_client = @saved_cs_client */;

--
-- Dumping data for table `users`
--

LOCK TABLES `users` WRITE;
/*!40000 ALTER TABLE `users` DISABLE KEYS */;
INSERT INTO `users` VALUES (603,'support.s','$2b$10$ltw.eUhRGY.PtYf6FMMMYegnKcIpwqqZIItHhs2M4FHwZ8KIWpNpm','support.s@sci.ac.th','teacher','เจ้าหน้าที่','ภาควิชา',1,'2025-12-04 14:25:37','2025-10-05 19:43:03','2025-12-04 07:25:37'),(725,'tanapat.a','$2b$10$6xMAWwXy/ljcFPMxEwoRbeVKsijjZDKJVppIYDVmIVuGp6V0hg3UW','tanapat.a@sci.ac.th','teacher','รองศาสตราจารย์ ดร.ธนภัทร์','อนุศาสน์อมรกุล',1,'2025-11-06 10:59:40','2025-10-05 20:42:55','2025-11-06 03:59:40'),(726,'natee.p','$2b$10$0m9QjBmnrWPgF6ZNmmNQ3uZwLi9.MAzmPQKdIZ/SI7d2jSN/Sj2PC','natee.p@sci.kmutnb.ac.th','teacher','นายนที','ปัญญาประสิทธิ์',1,'2025-12-04 19:12:09','2025-10-05 21:01:41','2025-12-04 12:12:09'),(727,'admin.s','$2b$10$Vpc4m3Qca0VZPp5GNLGzy.zkrzXT9m5gDz.7I1BNo6xb4sFzTMOOi','admin.s@sci.ac.th','teacher','แอดมิน','แอด',1,'2025-12-04 14:23:47','2025-10-08 10:39:27','2025-12-04 07:23:47'),(730,'s6504062610030','$2b$10$pCiGEXyt7H/o903nQqV67.qYBuu122vknG4ZSlM1kr/Y0LjPZiM9i','s6504062610030@email.kmutnb.ac.th','student','กิจจาพัฒน์','หนูบุญ',1,NULL,'2025-10-08 10:43:33','2025-10-12 08:13:02'),(731,'s6504062610048','$2b$10$Md5/Uc/ks4maSbuJn//2lOzVx5J8c8gb.rwZfSXf5QtkG5mKHNGAm','s6504062610048@email.kmutnb.ac.th','student','กีรติ','บุญเทศ',1,NULL,'2025-10-08 10:43:33','2025-10-12 08:13:16'),(732,'s6504062610056','$2b$10$Sd0cQIox1HfIZpVdJU8MJ.CVZ8QgXL1XBwrEcj012APM7nkzGw/12','s6504062610056@email.kmutnb.ac.th','student','ญาณิศา','ออมสิน',1,NULL,'2025-10-08 10:43:33','2025-10-12 08:13:26'),(733,'s6504062610072','$2b$10$yoa1uprW2YIRI0WkNVyNSesHHnQ3gp2jUPihFL5FPktiZv1ahCUrC','s6504062610072@email.kmutnb.ac.th','student','ณัฐนนท์','ภักดีวานิช',1,NULL,'2025-10-08 10:43:34','2025-10-12 08:13:41'),(734,'s6504062610081','$2b$10$2.joN149WHXgwlAFW4/Iru.F6m7vCguJPKOmkDPdJSMZZoudWjjwu','s6504062610081@email.kmutnb.ac.th','student','ณัฐนันท์','เติมเศรษฐเจริญ',1,'2025-10-20 20:53:15','2025-10-08 10:43:34','2025-10-20 13:53:15'),(735,'s6504062610099','$2b$10$UfOLneb/BSzUHBtzkIwdR.M3QEeGJdXTfe6xFg8ITdcI2sQVZjB6O','s6504062610099@email.kmutnb.ac.th','student','ณัฐวิชญ์','กอมณี',1,NULL,'2025-10-08 10:43:34','2025-10-12 08:14:03'),(736,'s6504062610102','$2b$10$Jj9FS.nAotrzxsykxi.X4eNrA8OyEToB3AN65JX7x23S6FBYa.IyG','s6504062610102@email.kmutnb.ac.th','student','ต้นสัก','คัดมอน',1,NULL,'2025-10-08 10:43:34','2025-10-12 08:14:12'),(737,'s6504062610111','$2b$10$WqlSRyDJLJ1vMlvi32q6QOec35nZthHacE6filpHqnSj4dIoysmmu','s6504062610111@email.kmutnb.ac.th','student','ทิฐิพล','หลายกิจพานิช',1,'2025-11-04 21:09:51','2025-10-08 10:43:34','2025-11-04 14:09:51'),(738,'s6504062610137','$2b$10$YRzIf/E0j43jDzcBISi07ONiv89hXIwBpPuwYCFpPL7Tw.MFgz/Ea','s6504062610137@email.kmutnb.ac.th','student','ธีราพัฒน์','จิรภาสนิธิเลิศ',1,'2025-11-03 09:55:26','2025-10-08 10:43:34','2025-11-03 02:55:26'),(739,'s6504062610145','$2b$10$KZnj7NwxC2rKMMBPf1Pbz.RXAzJDM29YzaL3JgWgHPpd1dGUdTaHu','s6504062610145@email.kmutnb.ac.th','student','นรภัทร','เกาะแก้ว',1,NULL,'2025-10-08 10:43:34','2025-10-12 08:14:49'),(740,'s6504062610153','$2b$10$9A7dm7qsJDr1T41RwWZQpORuoEZuKTcE3mr0NqLGSerNWNab9XO8m','s6504062610153@email.kmutnb.ac.th','student','นิธิศ','เกศกะงาม',1,NULL,'2025-10-08 10:43:35','2025-10-12 08:14:59'),(741,'s6504062610161','$2b$10$jTG50c/Tacq.xPK1uMm4Rer49y8bPtsjmidg6F8FckvUWDvUVQIFG','s6504062610161@email.kmutnb.ac.th','student','บุญนิสา','ด้วงเอียด',1,NULL,'2025-10-08 10:43:35','2025-10-12 08:15:09'),(742,'s6504062610170','$2b$10$3PW6fCeZnn.9PPY.e/9CGuQ03aTh7xYFl/KHzo1Kz2g5XllbaU85G','s6504062610170@email.kmutnb.ac.th','student','ปภาวรินท์','สุฉันทบุตร',1,NULL,'2025-10-08 10:43:35','2025-10-12 08:15:21'),(743,'s6504062610188','$2b$10$RzfmMVgPPAdez8iKRLaLfeU46aEZAo1t2fgc9iUeNxAhuyHG0Kvli','s6504062610188@email.kmutnb.ac.th','student','ปิยะนันท์','ดวงแข',1,NULL,'2025-10-08 10:43:35','2025-10-12 08:15:29'),(744,'s6504062610196','$2b$10$9XAzyxO9mVjsWBRBiPtf5OAh/t9rN/MBTmnwve9E1yRU3c7ACblJe','s6504062610196@email.kmutnb.ac.th','student','พิชานนท์','ทวีพิทยนันท์',1,NULL,'2025-10-08 10:43:35','2025-10-12 08:15:44'),(745,'s6504062610200','$2b$10$RY3WRLNaI7kFpVRJiTB4iO9twqUuj/k00URLf.Ddzc0lNVQGnV9fq','s6504062610200@email.kmutnb.ac.th','student','พีรศิลป์','ศรี-ศรี',1,'2025-10-24 13:15:51','2025-10-08 10:43:35','2025-10-24 06:15:51'),(746,'s6504062610218','$2b$10$mb0B0A7jBzt36375OyfNCuN8ZFauyQJzsC2g5.ixaFMPgYMhx2mu.','s6504062610218@email.kmutnb.ac.th','student','วรเมธ','โพธิ์ทอง',1,'2025-10-23 17:04:22','2025-10-08 10:43:36','2025-10-23 10:04:22'),(747,'s6504062610226','$2b$10$N.EfVK7m7hBiqF33ImHArOL2z3uqRfNiI3GHb743jjRjgPmmMK2/y','s6504062610226@email.kmutnb.ac.th','student','วรวิทย์','กิมเฮงหลี',1,NULL,'2025-10-08 10:43:36','2025-10-12 08:16:19'),(748,'s6504062610234','$2b$10$j5jR530BgdBREWDcPBQzkugRhXAGoDAZf02tQm29HP0KzVy6N8fWi','s6504062610234@email.kmutnb.ac.th','student','วรวิบูล','มั่งมี',1,NULL,'2025-10-08 10:43:36','2025-10-12 08:16:27'),(749,'s6504062610242','$2b$10$yQ/U3fcCQjvXHV4oSQzm5ei19/u88jPL/p3n4mwiWHB5FBbosZdfK','s6504062610242@email.kmutnb.ac.th','student','ศรัณย์','โกศล',1,NULL,'2025-10-08 10:43:36','2025-10-12 08:16:56'),(750,'s6504062610269','$2b$10$wUn6VW4IXYzwkekg9VaYd.ov/gPaFmzY4.luLjs64ROL7IcNa4A0u','s6504062610269@email.kmutnb.ac.th','student','ศิริพงษ์','พฤติเครือวงศ์',1,NULL,'2025-10-08 10:43:36','2025-10-12 08:17:04'),(751,'s6504062610277','$2b$10$uvvNqoQ1i.G6ONlz/4MpeOjZCD37HgleaWTW.OD1Sy4H3m.8nqh4m','s6504062610277@email.kmutnb.ac.th','student','ศิวกร','ตันติโรจน์',1,NULL,'2025-10-08 10:43:36','2025-10-12 08:17:12'),(752,'s6504062610293','$2b$10$nwpj2mbUsL6dQtl1L5CKI.PuZgs.AQFveQk.lcW53qwcAJtsxIs12','s6504062610293@email.kmutnb.ac.th','student','อชิรวิชย์','พิเคราะห์',1,NULL,'2025-10-08 10:43:37','2025-10-12 08:17:23'),(753,'s6504062610307','$2b$10$Z9ENXVVrt7McC1R6lVMWm.mnuDsGlnVp1hIoJ9JYvRDEgJr6bjDNe','s6504062610307@email.kmutnb.ac.th','student','อติชาต','ธาราเกษม',1,NULL,'2025-10-08 10:43:37','2025-10-12 08:17:32'),(754,'s6504062610315','$2b$10$2MOuASJWBVwcSETH.4epYOCGitAJqpSbT/TueT5oV68q23GkMGXE2','s6504062610315@email.kmutnb.ac.th','student','อัครพล','ขันธมาลา',1,NULL,'2025-10-08 10:43:37','2025-10-12 08:17:40'),(755,'s6504062610331','$2b$10$.ZexLad1f0JFz0eUlxPpruzsAmod8EVHgVqho/gLhTc/k4vrVhNqW','s6504062610331@email.kmutnb.ac.th','student','อุษณีย์','โกมาศ',1,NULL,'2025-10-08 10:43:37','2025-10-12 08:17:50'),(756,'s6504062616011','$2b$10$X9IpdvEGoeLEoeKBqcQmBO7gxiDWt2dl4cmogRbXIB//gHCRlbyFe','s6504062616011@email.kmutnb.ac.th','student','ธฤต','เทียรพิสุทธิ์',1,NULL,'2025-10-08 10:43:37','2025-10-12 08:17:59'),(757,'s6504062616038','$2b$10$TKyYnRK6th8VxeW0zzJcp.Hive2st4DGLb7H4XXKypSG.dljX1qyy','s6504062616038@email.kmutnb.ac.th','student','สุชานนท์','ปลื้มอารมณ์',1,NULL,'2025-10-08 10:43:37','2025-10-12 08:18:08'),(758,'s6504062616062','$2b$10$sdPvuFJvtCPkJArsnjEOReH5.Law/J3gTHrie3YNvzjCxpw1TxFmm','s6504062616062@email.kmutnb.ac.th','student','เขมิกา','ยุทธนาวรากุล',1,NULL,'2025-10-08 10:43:37','2025-10-12 08:18:17'),(759,'s6504062616071','$2b$10$43pC94mKYbjIaX0V0QySMunWpM52qkFJrBOdz5kCrizqO/VyjEQZG','s6504062616071@email.kmutnb.ac.th','student','ธิโฉ','กิ่งพู',1,'2025-10-14 06:31:08','2025-10-08 10:43:38','2025-10-29 08:57:42'),(760,'s6504062620019','$2b$10$EVH8aGVteHsypF97LkDf.O2pjW0Y0BgmkEeacg8eLUmWTr5v7NjRK','s6504062620019@email.kmutnb.ac.th','student','ฉัตรณภัทร์','จงเจริญ',1,NULL,'2025-10-08 10:43:38','2025-10-12 08:18:57'),(761,'s6504062620027','$2b$10$1j1C9Iy9SDoioUgmBwFOleI74fx2mmMbdj0PErvv046TrD0eu/KpO','s6504062620027@email.kmutnb.ac.th','student','ชัชฎาภรณ์','ก้องวิริยะกุล',1,NULL,'2025-10-08 10:43:38','2025-10-12 08:19:18'),(762,'s6504062620035','$2b$10$qGA9iHpeNNx0X1PiuNML5OKavhzuvDRubMYWajEJv3uS5D9MB74Yu','s6504062620035@email.kmutnb.ac.th','student','ชุติกาญจน์','เกตุหลิม',1,NULL,'2025-10-08 10:43:38','2025-10-12 08:19:26'),(763,'s6504062620043','$2b$10$eoWomKNZTVu8oFdEpdheqOHN8BKBkrFCSZaYlKWI7syo/m6MJmRC2','s6504062620043@email.kmutnb.ac.th','student','ทัศว์พล','จันพลโท',1,NULL,'2025-10-08 10:43:38','2025-10-12 08:19:35'),(764,'s6504062620051','$2b$10$2KXC/lIfkHahD490/Apw0eH9SnVyN7HSaspcp9goHV1R03Ue7V9Ku','s6504062620051@email.kmutnb.ac.th','student','ธนพ','แสงจันทร์',1,NULL,'2025-10-08 10:43:38','2025-10-12 08:19:45'),(765,'s6504062620060','$2b$10$jX.AkKhY4HV88vnoPIeOm.rHVvW.Wm3FehNeIIUdrpgmIYJu.1f3y','s6504062620060@email.kmutnb.ac.th','student','ปิยบุตร','บำรุงนา',1,NULL,'2025-10-08 10:43:39','2025-10-29 08:57:21'),(766,'s6504062620078','$2b$10$p6zJCD2lTPbBk/Ti6b9iwu.v84esWL3g7dsPZthnuoUyyvErauJbi','s6504062620078@email.kmutnb.ac.th','student','พงศ์ภรณ์','แย้มประดิษฐ์',1,'2025-10-25 01:36:31','2025-10-08 10:43:39','2025-10-24 18:36:31'),(767,'s6504062620086','$2b$10$2enw7vukReWGxPGQLp1d5uvuLPq.dmmUOtV62ag36NipHjbtg0sLy','s6504062620086@email.kmutnb.ac.th','student','พิรดา','เธียรเจริญสุข',1,NULL,'2025-10-08 10:43:39','2025-10-12 08:20:21'),(768,'s6504062620094','$2b$10$Em8eKwFt3/ENGb9tDSX8/Oh71yD4LUBDxdgFMcEKz3wNyauGj5vRK','s6504062620094@email.kmutnb.ac.th','student','ภัครภรณ์','วานิชสกุล',1,NULL,'2025-10-08 10:43:39','2025-10-29 08:57:43'),(769,'s6504062620108','$2b$10$H5BiKFCM1lbmqzytl0yNCOQPCMsLHpR1.OfDxIArujPjHcKbcl16.','s6504062620108@email.kmutnb.ac.th','student','รัชชานนท์','บัวชุม',1,NULL,'2025-10-08 10:43:39','2025-10-12 08:20:48'),(770,'s6504062620116','$2b$10$NnVgjp/Hq4rPEHM2HnepNOzCziv70eGWJq3H0KgZpsYv.d2qcXHKe','s6504062620116@email.kmutnb.ac.th','student','วุฒิพร','ทัศนา',1,NULL,'2025-10-08 10:43:39','2025-10-12 08:20:58'),(771,'s6504062620132','$2b$10$GYgDVQbaeW6h0k3pC0HIKuvuKC7oz6Gi603xiaY.w.uHUpqPp8abu','s6504062620132@email.kmutnb.ac.th','student','อชิรวิชญ์','บุญแต่ง',1,NULL,'2025-10-08 10:43:40','2025-10-12 08:21:11'),(772,'s6504062620159','$2b$10$f/uh73lnFKVVzC40SfsysO3jds9608xi8q85wcYbC7/PT3wWUNiGm','s6504062620159@email.kmutnb.ac.th','student','โมกข์','มาอาจ',1,NULL,'2025-10-08 10:43:40','2025-10-12 08:21:20'),(773,'s6504062620175','$2b$10$Sit2A2DBevAGGRE5eRc2D.zHemjAwlVtcBGACvXgUlMtD7IIHKoZ6','s6504062620175@email.kmutnb.ac.th','student','อธิชา','เล็กสรรเสริญ',1,NULL,'2025-10-08 10:43:40','2025-10-12 08:21:27'),(774,'s6504062620191','$2b$10$/Del6zjqDrFjAl87Hmmz5.ik11cn2bx1g63yUVL3ci6.UaApcujFa','s6504062620191@email.kmutnb.ac.th','student','นพดล','พรมเทศ',1,NULL,'2025-10-08 10:43:40','2025-10-12 08:21:37'),(775,'s6504062620221','$2b$10$lKzl2x0A83wAr.0jWlbskuUejGby8cFWcPeM57ZcPOEgJUKlEqo1i','s6504062620221@email.kmutnb.ac.th','student','อรรถพร','ศึกสพ',1,NULL,'2025-10-08 10:43:40','2025-10-12 08:21:57'),(776,'s6504062630014','$2b$10$DM5Do7bLzrXBOhtjxjMhsu/x1L3xxOdwPRzY//NtEU0xCJP0THAJG','s6504062630014@email.kmutnb.ac.th','student','กฤตภาส','ดวงครุฑ',1,NULL,'2025-10-08 10:43:40','2025-10-12 08:22:12'),(777,'s6504062630022','$2b$10$674quVVFKXEEbBQpgTTyd.n/V22vBbQ1VjKD8YHLGoUVEY5.zS/TK','s6504062630022@email.kmutnb.ac.th','student','กิตติมา','แพงไพรี',1,NULL,'2025-10-08 10:43:40','2025-10-12 08:22:19'),(778,'s6504062630031','$2b$10$2TznYr55oY2nIFD/p0C77Oin4fP9gvocpo2nclJhHUx/y181zbn6y','s6504062630031@email.kmutnb.ac.th','student','เกริกพล','ดาวลอย',1,NULL,'2025-10-08 10:43:41','2025-10-12 08:22:29'),(779,'s6504062630049','$2b$10$6Sqruv0zhvEB11bh/IX4QehW4T8qi3C7vBKpj0dFtlqEib/2g1BCm','s6504062630049@email.kmutnb.ac.th','student','คณัสนันท์','วิทยาเรืองสุข',1,NULL,'2025-10-08 10:43:41','2025-10-12 08:22:48'),(780,'s6504062630057','$2b$10$xjNjx7uspxMoZXuEmSSu5O9gCQtRsL/bsCcTuDnLNSqXU01v3yvEq','s6504062630057@email.kmutnb.ac.th','student','จิรายุส','มูลศาสตร์',1,NULL,'2025-10-08 10:43:41','2025-10-12 08:22:56'),(781,'s6504062630065','$2b$10$PKwgkjnPzg2eWHcJeXKGjuwXM4D2nLZecYvtfPp73rkMdDl2zdMhK','s6504062630065@email.kmutnb.ac.th','student','เจษฎา','พิทักษ์วาณิชย์',1,NULL,'2025-10-08 10:43:41','2025-10-12 08:23:04'),(782,'s6504062630073','$2b$10$X0F9Gmsd9N7ckObRWbwnGeNCOtCA5XG9K6uQY4sS6zW5Sw7LydUR.','s6504062630073@email.kmutnb.ac.th','student','ชุติณทรีย์','เย็นบ้านควน',1,NULL,'2025-10-08 10:43:41','2025-10-12 08:23:13'),(783,'s6504062630081','$2b$10$60gHp3S.Ekp/6nkahDJ9yeB6Nv0EWPCXrP4i5qxWzrJ.ZGuWF8eHe','s6504062630081@email.kmutnb.ac.th','student','ฐิติภัทร','ขุนรอง',1,NULL,'2025-10-08 10:43:42','2025-10-12 08:23:25'),(784,'s6504062630090','$2b$10$29r1Yz4tC2SPqzy5bR9iiOg1XI7PlXoQhGWX3nsDRyJzTXdc608Jq','s6504062630090@email.kmutnb.ac.th','student','ณฐนน','ศุภเศรษฐหิรัณย์',1,NULL,'2025-10-08 10:43:42','2025-10-12 08:23:37'),(785,'s6504062630103','$2b$10$nxz9khNBVSCCDV/rnX05A.3nQLj5qXlPaeeDvDPI9aUnuT4xQ9ys2','s6504062630103@email.kmutnb.ac.th','student','ณัชพล','ทองน่วม',1,NULL,'2025-10-08 10:43:42','2025-10-12 08:23:47'),(786,'s6504062630111','$2b$10$gMtXBOt5SGyYkdi.7ianDuI9bzak2fbPzxozHdatJSSqBpTiS9dma','s6504062630111@email.kmutnb.ac.th','student','ณัฏฐนันท์','ฟ้าทอกาญจน์',1,NULL,'2025-10-08 10:43:42','2025-10-12 08:24:01'),(787,'s6504062630120','$2b$10$OO.3EbGn5qVEoMbRI75KRu9LtnORrjDaZmdIndAB1AhP9Kvu5T1VS','s6504062630120@email.kmutnb.ac.th','student','ทินภัทร','อินทร์พงษ์',1,NULL,'2025-10-08 10:43:42','2025-10-12 08:24:15'),(788,'s6504062630138','$2b$10$qKIcK2xQd5IOSIIGvAhrsudmdgXgKatrJzQLSN/SckvpCXdgVcNbK','s6504062630138@email.kmutnb.ac.th','student','ธนิตศักดิ์','สกุลรัศมีหิรัญ',1,NULL,'2025-10-08 10:43:42','2025-10-12 08:24:35'),(789,'s6504062630146','$2b$10$7ZMmvpxTuS2GBJDPL61kjOAPf28OPCQnyFJiUslWnPz6mzAObsddC','s6504062630146@email.kmutnb.ac.th','student','นิธิศ','เดียวสุรินทร์',1,NULL,'2025-10-08 10:43:42','2025-10-12 08:24:58'),(790,'s6504062630154','$2b$10$dQPMkWWLFu7Z7J3I6CyQWexRv2OU2QS89LYzxs/DwEjrTHOUdFJ9S','s6504062630154@email.kmutnb.ac.th','student','ปัณนวัฒน์','ก้อนทรัพย์',1,NULL,'2025-10-08 10:43:42','2025-10-12 08:25:11'),(791,'s6504062630162','$2b$10$xwQxGcVuaWkHt.WbCHn/ze1Uoz3./0WgZ47/3.M7NeGifWYKoqzpe','s6504062630162@email.kmutnb.ac.th','student','พงศธร','รอดเงิน',1,NULL,'2025-10-08 10:43:43','2025-10-12 08:25:26'),(792,'s6504062630171','$2b$10$HKejMx4Bo0aszz.tnybrT.QLPpm0M5hUNvQSu3Zsnz2kT3eFqcayy','s6504062630171@email.kmutnb.ac.th','student','พสิษฐ์','มัสสะอาด',1,NULL,'2025-10-08 10:43:43','2025-10-12 08:25:38'),(793,'s6504062630189','$2b$10$u7Ip70XlY0kjf9BqaUHO2uhD9bDY5Nn/zzn58mNp60KV8XZSJ4D7O','s6504062630189@email.kmutnb.ac.th','student','พิสิษฐ์','ศรีโมอ่อน',1,'2025-10-24 12:56:15','2025-10-08 10:43:43','2025-10-24 05:56:15'),(794,'s6504062630197','$2b$10$gVdWhMussWWc3x6oann3PuVY9lnzNbN889pILlDB3TZRRfpIFfa/O','s6504062630197@email.kmutnb.ac.th','student','ฟ้าใส','แต้มฤทธิ์',1,NULL,'2025-10-08 10:43:43','2025-10-12 08:25:57'),(795,'s6504062630201','$2b$10$QahFpPgIqzTAaEaI3lybjuj3Z6XP.Ph6SwF0jV6TyAnjEwXbgdGTC','s6504062630201@email.kmutnb.ac.th','student','ภคนันท์','กิจไพบูลย์รัตน์',1,NULL,'2025-10-08 10:43:43','2025-10-12 08:26:10'),(796,'s6504062630219','$2b$10$3FxE1Y2bMiFopR49vPsm8uuJf.rWYbf1e0ZT1NZnNMnT.6lq0hWWe','s6504062630219@email.kmutnb.ac.th','student','ภราดร','จันทร์เจริญ',1,NULL,'2025-10-08 10:43:43','2025-10-12 08:26:17'),(797,'s6504062630227','$2b$10$uxkbzIwbIVYbEjFwCRKas.F3kDPi9I0VmZhWzExFxdJ0feZ0.4zcq','s6504062630227@email.kmutnb.ac.th','student','มโนณัท','ธนาโชติพงศา',1,NULL,'2025-10-08 10:43:43','2025-10-12 08:26:28'),(798,'s6504062630235','$2b$10$8rKxR9SblxC2LXvHqXsrJ.wvbvDQ1QVCcfbHbwpPtQamp0dUm/aqm','s6504062630235@email.kmutnb.ac.th','student','มัญชุธร','ใจตรง',1,NULL,'2025-10-08 10:43:44','2025-10-12 08:26:36'),(799,'s6504062630243','$2b$10$xspG8g/hDbRxp7F/L65c7un9uTuefqtij3EH1c2es.jt3P6/d.Rh6','s6504062630243@email.kmutnb.ac.th','student','รฐนนท์','เขตต์ปรุ',1,NULL,'2025-10-08 10:43:44','2025-10-12 08:27:10'),(800,'s6504062630251','$2b$10$hEtiW4x7y6ViYSWB/QNpnupQqhuj86Jh4YXnBnaEm0UunZVsgNVt6','s6504062630251@email.kmutnb.ac.th','student','วชิรสรณ์','เติมรัตนสุวรรณ',1,NULL,'2025-10-08 10:43:44','2025-10-12 08:27:18'),(801,'s6504062630260','$2b$10$7FijmncJQa.PSnYU0kRDFuJGzAsBhyPuJOO8DfzC1M7DGv.gt21AG','s6504062630260@email.kmutnb.ac.th','student','วินญฤทธิ์','มโนธรรม',1,NULL,'2025-10-08 10:43:44','2025-10-12 08:27:30'),(802,'s6504062630278','$2b$10$kBFBgIBbKqgZbeD9fA8qR.4v3yv.QvF7XgVutbOcgKncm9IveAWYW','s6504062630278@email.kmutnb.ac.th','student','วิศรุต','ศรีนวลปาน',1,NULL,'2025-10-08 10:43:44','2025-10-12 08:27:44'),(803,'s6504062630286','$2b$10$tqcnwsLeNeO4.YEjOAg9z.p0196kPMBVfz5LHTeCf3ZbyHEvOZNaG','s6504062630286@email.kmutnb.ac.th','student','ศกุนตลา','เกียรติปรากฏ',1,NULL,'2025-10-08 10:43:44','2025-10-12 08:27:55'),(804,'s6504062630294','$2b$10$PMgRdQbMIDleKxUSgrcose41EnnsMaLyX2Kai/I8EdRTp2VWHphCi','s6504062630294@email.kmutnb.ac.th','student','สตพร','ฟักน้อย',1,NULL,'2025-10-08 10:43:45','2025-10-12 08:28:15'),(805,'s6504062630308','$2b$10$mFmHNpyTkfxW4ivEQmEhROzS4wh5/9B9FIwbJLTYbSrF1vj2kCW9a','s6504062630308@email.kmutnb.ac.th','student','สุขวิทย์','นวยฮา',1,'2025-10-24 15:10:45','2025-10-08 10:43:45','2025-10-24 08:10:45'),(806,'s6504062630332','$2b$10$vaSqGb5yNDVZ4IDweVY.henlKhmtbKRgSH3xfbKLgPmdXmiUHtHtu','s6504062630332@email.kmutnb.ac.th','student','สุริยะ','มีรั้ว',1,NULL,'2025-10-08 10:43:45','2025-10-12 08:28:39'),(807,'s6504062630359','$2b$10$coV4oBh6cXoT82NOGoDtEuUVn0sWQ8zw4d39zc.q3UaENgmQNaVdC','s6504062630359@email.kmutnb.ac.th','student','อติชาติ','เกตุสกุล',1,NULL,'2025-10-08 10:43:45','2025-10-12 08:28:53'),(808,'s6504062630375','$2b$10$fjh.bPncILWJyj0sgvSAVuL3ZaI6ZjX6z5iIBxPG8cZf0CxtU2abW','s6504062630375@email.kmutnb.ac.th','student','อนุวัฒนา','คามดา',1,NULL,'2025-10-08 10:43:45','2025-10-12 08:29:00'),(809,'s6504062630383','$2b$10$SrwsdFJ8YlRbTCep20Ip3Ob5uHKBQLL3Xm0FtP4g39zY7w3ynve82','s6504062630383@email.kmutnb.ac.th','student','อภิษฎา','พุทริ้ว',1,'2025-10-28 14:51:22','2025-10-08 10:43:45','2025-10-28 07:51:22'),(810,'s6504062630391','$2b$10$zbLUXnjq7ykzm8/iC1pivOYbpq.mjQy5kDtwXdL.M6HZLKzF4XIna','s6504062630391@email.kmutnb.ac.th','student','อรนภา','สกุณี',1,'2025-10-26 23:20:09','2025-10-08 10:43:46','2025-10-26 16:20:09'),(811,'s6504062636012','$2b$10$TV/v7RhS7cRCU3HMRxA4OubsC//ySA6SXZlaGy0OyvLB0heapdt0S','s6504062636012@email.kmutnb.ac.th','student','กฤตณัฐ','สาโถน',1,NULL,'2025-10-08 10:43:46','2025-10-12 08:29:45'),(812,'s6504062636021','$2b$10$axQbpgYoAWku7JUk/SHrRepTkCB0c8voKJ29HsTXKsilXWLy5XT0m','s6504062636021@email.kmutnb.ac.th','student','กัญญาวีร์','เปี่ยมฉวีวงศ์',1,NULL,'2025-10-08 10:43:46','2025-10-12 08:30:03'),(813,'s6504062636039','$2b$10$.9t8GUaO7i1N.fTYN7jiEex7nXfMbquMZLghORDgyPwHt4RHXzWCK','s6504062636039@email.kmutnb.ac.th','student','เกษมสิทธิ์','พิมพะวัฒน์',1,NULL,'2025-10-08 10:43:46','2025-10-12 08:30:19'),(814,'s6504062636055','$2b$10$PS/wCryx47tl73wazGQPceKylhq1Zj9XaP.cDtnMor8TU.FGgUPdu','s6504062636055@email.kmutnb.ac.th','student','ชยานันต์','ตันติละวะสุต',1,NULL,'2025-10-08 10:43:46','2025-10-12 08:30:29'),(815,'s6504062636098','$2b$10$xQicQYrgVPzPwqIL3/imd.BCpueeUw8OAIUD.yzmFq5N.Gt6dTioi','s6504062636098@email.kmutnb.ac.th','student','ฐณัฏฐ์แสน','เก้าเอี้ยน',1,NULL,'2025-10-08 10:43:46','2025-10-12 08:30:38'),(816,'s6504062636101','$2b$10$cGVCGu9XWj6vZl4GqVlcB.tj9IxfDyQU1AqW5bhPUcdWYH9Tek9mK','s6504062636101@email.kmutnb.ac.th','student','ณภัทร','ชูสุทธิ',1,NULL,'2025-10-08 10:43:47','2025-10-29 08:57:42'),(817,'s6504062636110','$2b$10$XHuZKRmIf5uWD8V5Qi4U4.UoxjszWz/IV6TSaSckwbuZ5Y7X2/dhi','s6504062636110@email.kmutnb.ac.th','student','ณัฐธิดา','อ่อนสุวรรณ์',1,NULL,'2025-10-08 10:43:47','2025-10-29 08:57:43'),(818,'s6504062636128','$2b$10$BYzZOn0qHAvT3TZ10/ceR.MXv/klgwgUHCDovXpUH2FRkqKPIvj9O','s6504062636128@email.kmutnb.ac.th','student','ณัฐชนน','พูนพิม',1,NULL,'2025-10-08 10:43:47','2025-10-29 08:57:43'),(819,'s6504062636136','$2b$10$6mGzzLAZBdzFi35PpQC/luF5u.VwiIvRUDy65EHg50seFoaeJGjFq','s6504062636136@email.kmutnb.ac.th','student','ณัฐชยา','แสงทอง',1,NULL,'2025-10-08 10:43:47','2025-10-12 08:31:24'),(820,'s6504062636152','$2b$10$MeVgMx6sT33YrWASIiFCpem1JHswDxxHYHWEzYpwcaaglc3eDIMD.','s6504062636152@email.kmutnb.ac.th','student','ณัฐิวุฒิ','สำเภาพันธ์',1,NULL,'2025-10-08 10:43:47','2025-10-12 08:31:33'),(821,'s6504062636179','$2b$10$WPdlNWInbznaRNh8/PENHuhk6UXmizUS2BSfj46z7H4XCg0y4EeOS','s6504062636179@email.kmutnb.ac.th','student','ปราถนิต','เปล่งนุ่ม',1,NULL,'2025-10-08 10:43:47','2025-10-29 08:57:42'),(822,'s6504062636195','$2b$10$VV5bU36FNV6owoxj0EaN3.Mjg/2RRs/5ccYfHq3w4hmm6O4nebdqi','s6504062636195@email.kmutnb.ac.th','student','ปรมะ','ตันรัตนะ',1,NULL,'2025-10-08 10:43:48','2025-10-12 08:31:55'),(823,'s6504062636209','$2b$10$XBCzM.71Vv/Xr7glU9tuAelUb8A9l8tZ4pTf0.1swzDPCs08ckBeS','s6504062636209@email.kmutnb.ac.th','student','ปัณณวิทย์','สร้อยสำโรง',1,NULL,'2025-10-08 10:43:48','2025-10-12 08:32:08'),(824,'s6504062636233','$2b$10$0DF/JRQHWwshU/z1zL7EWOTbUA.NctJYCgkQb55lFIvfAkotckU3y','s6504062636233@email.kmutnb.ac.th','student','พีริยา','ใจเที่ยง',1,NULL,'2025-10-08 10:43:48','2025-10-12 08:32:17'),(825,'s6504062636268','$2b$10$.OlQfIi/WaFbB69e6qS9Yu22/eoxi2EbsT1YbWL4rreOhP836KEmW','s6504062636268@email.kmutnb.ac.th','student','ภูษณิศา','จันทร์นวล',1,NULL,'2025-10-08 10:43:48','2025-10-12 08:32:29'),(826,'s6504062636276','$2b$10$Wexa9TyoIMQ8xEiDzaa0vOsoScWLA9tH8RvyByCS3F7DxP.NI676e','s6504062636276@email.kmutnb.ac.th','student','รชตะ','สมรูป',1,NULL,'2025-10-08 10:43:48','2025-10-12 08:32:49'),(827,'s6504062636284','$2b$10$4pfCXNld0o1Gc9ncXnKbm.uGXZ0IjR2.GQbKf1ooMLMW1.3ik4SU2','s6504062636284@email.kmutnb.ac.th','student','รัชชานันท์','โกสุมภ์ศิริ',1,NULL,'2025-10-08 10:43:48','2025-10-12 08:32:59'),(828,'s6504062636292','$2b$10$LO3BTttR6jIg/r5BIy2TBu0fw9mPsgahnB7kXqn3SbFh2t5uqG4eW','s6504062636292@email.kmutnb.ac.th','student','วารุจ','ทัพธวัช',1,NULL,'2025-10-08 10:43:49','2025-10-12 08:33:14'),(829,'s6504062636349','$2b$10$0RHo.rl9INAKR7KS.d9YXeneZy4omurrOpMTOvFktEFfb0T0n4YKO','s6504062636349@email.kmutnb.ac.th','student','ศักดิพล','ดีช้อย',1,NULL,'2025-10-08 10:43:49','2025-10-12 08:33:46'),(830,'s6504062636357','$2b$10$tIrwCufYQcfPkKDIS8ZzRuBW9VwC8IoBdpnOONF9cHXLokrOfosyO','s6504062636357@email.kmutnb.ac.th','student','รฐิดา','มณฑลปัญญา',1,NULL,'2025-10-08 10:43:49','2025-10-29 08:57:42'),(831,'s6504062636381','$2b$10$2.OlVMxmvfdunD06V3aTLuwOofGU7UEQqHgLmN1BB1Xq7tTymO4YW','s6504062636381@email.kmutnb.ac.th','student','อภิชา','สิทธิโชติ',1,'2025-10-14 00:33:08','2025-10-08 10:43:49','2025-10-29 08:57:42'),(832,'s6504062636403','$2b$10$t.6.bxxvXdboq0RugUM0oOJAb5MdrUiC32gg/cOPacytVUqSwr52i','s6504062636403@email.kmutnb.ac.th','student','อมิตา','ยาร์โด',1,NULL,'2025-10-08 10:43:49','2025-10-12 08:34:20'),(833,'s6504062660011','$2b$10$5BWqxoZ.z6VOOFT3oEM0eO5wvGEvO/dTxHwKxlgxO4FMak6piHbBi','s6504062660011@email.kmutnb.ac.th','student','กีรณา','แสงอินทร์',1,NULL,'2025-10-08 10:43:49','2025-10-29 08:57:44'),(834,'s6504062660029','$2b$10$TtNL20RgLHs.a2xJcdT0AOf9QjFQBVFD00T6A6LaJtGhV.spe/53u','s6504062660029@email.kmutnb.ac.th','student','ไพสิฐ','เกษมเทวินทร์',1,NULL,'2025-10-08 10:43:49','2025-10-12 08:34:39'),(835,'s6504062660053','$2b$10$Xu1jD2ElfoZhFYaVOdvkz.CzBsfOa/1KWYZiuldgwVGdNWVDlVmqG','s6504062660053@email.kmutnb.ac.th','student','สรวิชญ์','เเย้มพรายพงษ์',1,NULL,'2025-10-08 10:43:50','2025-10-12 08:34:50'),(836,'s6504062663028','$2b$10$qCwMhacrdyGguUrGgzKTcu9A9PfmHWLMSgRzBonLaGzIzxzsAcMmu','s6504062663028@email.kmutnb.ac.th','student','กัญญาณัฐ','อดุลปัญญา',1,NULL,'2025-10-08 10:43:50','2025-10-29 08:57:44'),(837,'s6504062663061','$2b$10$RrHO5BaIB/ohU8cy5PMMJ.ZVEnSr0EBeIidT18SL5ahRJ7XNibf3G','s6504062663061@email.kmutnb.ac.th','student','จิรัฐกาญจน์','ชูจันทร์',1,NULL,'2025-10-08 10:43:50','2025-10-12 08:35:17'),(838,'s6504062663079','$2b$10$aBSg3BXsqHgoGB1KG6WK3OwoDRPzOwz7qfoDom2kjzxS/sXTzk2Ru','s6504062663079@email.kmutnb.ac.th','student','ชยกร','นิสสัย',1,NULL,'2025-10-08 10:43:50','2025-10-12 08:35:28'),(839,'s6504062663087','$2b$10$BPsp5fLsyCjgkSt6lKnvGOm07yetnImj1y/BuB4pgJ1YEu0ziYKT.','s6504062663087@email.kmutnb.ac.th','student','ชลทิศ','อินทรโชติ',1,NULL,'2025-10-08 10:43:50','2025-10-12 08:35:51'),(840,'s6504062663095','$2b$10$O5pFSgF7dAya8sAUMJyKNeXiIin2xTiGgK/CP9Tl3kywndDigLIfO','s6504062663095@email.kmutnb.ac.th','student','ญาณศรณ์','ศักดิ์ศรีตระกูล',1,NULL,'2025-10-08 10:43:50','2025-10-12 08:36:03'),(841,'s6504062663117','$2b$10$BiXqJ/TbiL6SYtG4aDPfgumMCrQTR1ao0FiWgQN4rCC58gI7S3MZ6','s6504062663117@email.kmutnb.ac.th','student','นภัสสร','ฉิมวิเศษ',1,NULL,'2025-10-08 10:43:50','2025-10-12 08:36:13'),(842,'s6504062663141','$2b$10$SHGaKMA77BSKqhVELf.X8.FIRncnqrZjU2tZ53zUZZLaleYrVKtI2','s6504062663141@email.kmutnb.ac.th','student','ปัณณวัชร','คู่แก้ว',1,NULL,'2025-10-08 10:43:50','2025-10-12 08:36:27'),(843,'s6504062663150','$2b$10$.zo2UTQBzoqMfAOiY6vc6O2HpWGz.HGKcuZ7Xt54i5Y65vJ.tdtAS','s6504062663150@email.kmutnb.ac.th','student','พรมุขย์','วาสน์ทอง',1,NULL,'2025-10-08 10:43:51','2025-10-12 08:36:41'),(844,'s6504062663184','$2b$10$jC/85xX5nN2822h5AcYGt.ohPmpY8E8mnfjDZkOXzhIozyX1koanG','s6504062663184@email.kmutnb.ac.th','student','พีระณัฐ','พิลาปุรณะ',1,NULL,'2025-10-08 10:43:51','2025-10-12 08:36:52'),(845,'s6504062663192','$2b$10$QcXDAjMpRbOKOyBYSRRE1OUsmeaE2TFHaOtPtjOOxtWFXvA0n/RJ2','s6504062663192@email.kmutnb.ac.th','student','ภัทรพล','ปิ่นทอง',1,NULL,'2025-10-08 10:43:51','2025-10-12 08:37:02'),(846,'s6504062663222','$2b$10$BCsBcPk9/bXvMPm9my4mgOtuKIEvCEuwu64IbKc.DMlwaEaHrwJii','s6504062663222@email.kmutnb.ac.th','student','ภูรินทร์','เดโชตระการ',1,NULL,'2025-10-08 10:43:51','2025-10-12 08:37:11'),(847,'s6504062663249','$2b$10$lWFvTraHMrhMlYvLGgeC1.dX.3KjND6Pdy6t4K7Pn5hG7me2BMhtW','s6504062663249@email.kmutnb.ac.th','student','ลวิตร','เจนวิชชุวงศ์',1,NULL,'2025-10-08 10:43:51','2025-10-12 08:37:22'),(848,'s6504062663273','$2b$10$D9ULDzrcNR2l9ogsl9k/H.JPtJPsPHB/ij7LRsojFPMXQ26gObpUq','s6504062663273@email.kmutnb.ac.th','student','อารยา','ไข่ทอง',1,NULL,'2025-10-08 10:43:51','2025-10-12 08:37:31'),(849,'s6504062663290','$2b$10$5bV5ON8CDEmxSWKI6sciru/l4elMTVpBSsFc4TkpRr51DN3Z4YWaG','s6504062663290@email.kmutnb.ac.th','student','เอกกวิน','บุญราชสุวรรณ',1,NULL,'2025-10-08 10:43:51','2025-10-12 08:37:42'),(850,'s6504062610013','$2b$10$.OZBLqmXQtXg59oktXDNNuMmG5Zq3omC5IkPc.5q7R1A/0jIpfmt.','s6504062610013@email.kmutnb.ac.th','student','กบ','ไม่มีนามสกุล',1,NULL,'2025-10-08 10:47:17','2025-10-29 08:57:13'),(851,'s6604062610021','$2b$10$dXJrV8IQLm5LdY8NRLjEeugHqVGfGvO/VsjQpNc7H2LSvEM2/bG6S','s6604062610021@email.kmutnb.ac.th','student','กิตติศักดิ์','ตันตราทร',1,NULL,'2025-10-08 11:11:05','2025-10-08 11:11:05'),(852,'s6604062610039','$2b$10$C7ZEGy4rkNfRM/CsQP97L.zbRPxHS0P4XbVdSUFF1h9FXWeySUOD2','s6604062610039@email.kmutnb.ac.th','student','จีระศักดิ์','ดาระดาษ',1,NULL,'2025-10-08 11:11:05','2025-10-08 11:11:05'),(853,'s6604062610047','$2b$10$7bOnj8apPDw1qbHdi7N1/.PVLS97dXQeI5o0Nx3YRqilRQKCilG1y','s6604062610047@email.kmutnb.ac.th','student','ชนพัฒน์','สุทธิเลิศอรุณ',1,NULL,'2025-10-09 01:25:48','2025-10-09 01:25:48'),(854,'s6604062610063','$2b$10$vnK3olufV0j2moLpviEtBuM607sGeexvJAkDCbKXjMBb1ktnbL.Ba','s6604062610063@email.kmutnb.ac.th','student','ทวีวัฒน์','ยศวิชัย',1,NULL,'2025-10-09 01:25:49','2025-10-09 01:25:49'),(855,'s6604062610071','$2b$10$s2XCoN6LK7o6d.vF1fMYGe.EcIfrm9auQZ2kHDA.mZG9tWjFnajVq','s6604062610071@email.kmutnb.ac.th','student','ธนภัทร','กุลวงศ์',1,NULL,'2025-10-09 01:25:49','2025-10-09 01:25:49'),(856,'s6604062610098','$2b$10$PuouAkzd6UzB1C46du8FGOAWTNfytQk1aqDGlbMnWudRSXFap9hx2','s6604062610098@email.kmutnb.ac.th','student','ธีรพันธุ์','เลิศธนะแสงธรรม',1,NULL,'2025-10-09 01:25:49','2025-10-09 01:25:49'),(857,'s6604062610101','$2b$10$5hEpqqUDzWFGxjAoTWXYSePPXG4zKXnBaZkR2Iw7sSDz6tjUPt8pq','s6604062610101@email.kmutnb.ac.th','student','นนทชัย','กระตุดเงิน',1,NULL,'2025-10-09 01:25:49','2025-10-09 01:25:49'),(858,'s6604062610187','$2b$10$JuVP86kVIbYUBbzQZIYclOi1Roon6j4mKXzVf.CKxCcr9AuR/pw52','s6604062610187@email.kmutnb.ac.th','student','สุธิติ','ญาติภัตร์',1,NULL,'2025-10-09 01:25:49','2025-10-09 01:25:49'),(859,'s6604062610217','$2b$10$lEvCXM06z8bHDKpGrpyW3uYptZ82qDXS5407Bfq.2ACDXIs1XFjhe','s6604062610217@email.kmutnb.ac.th','student','กิตติ์พิพัฒน์','จริตวงษ์',1,NULL,'2025-10-09 01:25:50','2025-10-09 01:25:50'),(860,'s6604062610225','$2b$10$6TnNgxUWxcKlZIdyeYoAHeBHF8blBiAPG0f2pUDflYKy4AkgO8ng.','s6604062610225@email.kmutnb.ac.th','student','กิตติศักดิ์','พลอยสัมฤทธิ์',1,NULL,'2025-10-09 01:25:50','2025-10-09 01:25:50'),(861,'s6604062610241','$2b$10$zwgwsWl2EGDWDi3hx0tcSuGzPbHt9nFVhovu1fO7InL5GBzV7NTVK','s6604062610241@email.kmutnb.ac.th','student','ขจรพงศ์','อิ่มแสง',1,NULL,'2025-10-09 01:25:50','2025-10-09 01:25:50'),(862,'s6604062610250','$2b$10$wNGIH5.9OvdfeTEbAsHCteT8AWimR8VYzDGwdrzOUKwcX4F7NoIWK','s6604062610250@email.kmutnb.ac.th','student','คณนาถ','แสงศักดิ์',1,NULL,'2025-10-09 01:25:50','2025-10-09 01:25:50'),(863,'s6604062610268','$2b$10$vjJiIE5u/7UsHyYQxw6pLeFBPPWyfGa9V1M21sPrklTt38nfFBXa6','s6604062610268@email.kmutnb.ac.th','student','คุณานนต์','แก้วนิคม',1,NULL,'2025-10-09 01:25:50','2025-10-09 01:25:50'),(864,'s6604062610284','$2b$10$P4c6qEBkiLi0nwyl7YQ42uPcGFzJrPRi0.HwTRqK0ZolhbeYnoL76','s6604062610284@email.kmutnb.ac.th','student','ชนาธิป','รุ่งโนรี',1,NULL,'2025-10-09 01:25:50','2025-10-09 01:25:50'),(865,'s6604062610292','$2b$10$9IUJATZCGiMHaqSRZKebCuGVcNnCXsNppk88setojDQsQpfS6Xc1C','s6604062610292@email.kmutnb.ac.th','student','ชานนท์','สายวิสัย',1,NULL,'2025-10-09 01:25:51','2025-10-09 01:25:51'),(866,'s6604062610306','$2b$10$Yu1zsL9MEQEKkhMZOHG7aeWqqOs9HmcCumyMVKhPW2RUziD0oytzy','s6604062610306@email.kmutnb.ac.th','student','ฐิติกร','แสงอิศราภิรักษ์',1,NULL,'2025-10-09 01:25:51','2025-10-09 01:25:51'),(867,'s6604062610314','$2b$10$EecXUEUegeg4x3JdgS6Oh.9y8.0s.4posvFpMUc9rs85sYDgZZpla','s6604062610314@email.kmutnb.ac.th','student','ณัฐวุฒิ','โพธิบัวทอง',1,NULL,'2025-10-09 01:25:51','2025-10-09 01:25:51'),(868,'s6604062610322','$2b$10$GkmVHlbb14NMmaWhJeNfpu6lLBMVg2K8BzWNgBHhBQj/D96DLSAzu','s6604062610322@email.kmutnb.ac.th','student','ดานิช','นิเต็ม',1,NULL,'2025-10-09 01:25:51','2025-10-09 01:25:51'),(869,'s6604062610331','$2b$10$x3QSKJ2ln8t.NTWtGQ9EDOjcbpMTlzSoN6q5TqY/emjQ.6OUSJ4A.','s6604062610331@email.kmutnb.ac.th','student','ดาราวดี','พิมพ์หา',1,NULL,'2025-10-09 01:25:51','2025-10-09 01:25:51'),(870,'s6604062610357','$2b$10$amB72qezFF8ZyGE50f3tA.8iHuCtYfEl7OpFWCe9KuQuogO5PU29O','s6604062610357@email.kmutnb.ac.th','student','ทองทิศ','สายสุด',1,NULL,'2025-10-09 01:25:51','2025-10-09 01:25:51'),(871,'s6604062610365','$2b$10$87SMkKE2rUpEwuEjTVcOXegX7OzC1MdCUM/NrTzm8M0jrcsRPS.B.','s6604062610365@email.kmutnb.ac.th','student','ธนกฤต','คูณธีระบัณฑิต',1,NULL,'2025-10-09 01:25:52','2025-10-09 01:25:52'),(872,'s6604062610381','$2b$10$tP7RrFX8roeF75ZJ3s8C4uE0SdzqhmFsuQkwnlmQka1sNCKURkHfy','s6604062610381@email.kmutnb.ac.th','student','ธานัท','โรจนวาสี',1,NULL,'2025-10-09 01:25:52','2025-10-09 01:25:52'),(873,'s6604062610390','$2b$10$mDmDZTjKh4fu0nLzNNg38OFz8rrW/slxpzQB8cU6ws.tzGAd8TvAq','s6604062610390@email.kmutnb.ac.th','student','ธีรธาร','รอดบุญ',1,NULL,'2025-10-09 01:25:52','2025-10-09 01:25:52'),(874,'s6604062610403','$2b$10$g7PHYkVVmv2BHzBKhmInHewhSuL4N0Lb4jaXaPhFz20UBXLYvJ8H.','s6604062610403@email.kmutnb.ac.th','student','นพกร','ภูมิถาวร',1,NULL,'2025-10-09 01:25:52','2025-10-09 01:25:52'),(875,'s6604062610411','$2b$10$n.wIMFGHWwNJwn/oPVKunOD9H2YZEHna5/OY.DF/CzrVKdk.eLNye','s6604062610411@email.kmutnb.ac.th','student','ปณิธาน','เกตุมณี',1,NULL,'2025-10-09 01:25:52','2025-10-09 01:25:52'),(876,'s6604062610420','$2b$10$Gj9fc6o6K4KPGDxUbvsuu..yPYSusxDQ6o127vQEIrqLJkfuHrLZ.','s6604062610420@email.kmutnb.ac.th','student','ปพน','จารุมณีโรจน์',1,NULL,'2025-10-09 01:25:53','2025-10-09 01:25:53'),(877,'s6604062610438','$2b$10$NikxnrYHzY84rklM0jMBXuxaNuZghqrAnv4EKCXKnjkFVlJoxpnB.','s6604062610438@email.kmutnb.ac.th','student','ปาริชาติ','พรหมพัง',1,NULL,'2025-10-09 01:25:53','2025-10-09 01:25:53'),(878,'s6604062610446','$2b$10$.1Q45E8TcNzDu6oBMRhaTe.Axqt7A0aJbnRpUuajIuomYRw5uRR.S','s6604062610446@email.kmutnb.ac.th','student','พลวัฒน์','บัวขวัญ',1,NULL,'2025-10-09 01:25:53','2025-10-09 01:25:53'),(879,'s6604062610454','$2b$10$xMVZuizq5VWkeLSTyfFR1eNlysJ0UJ/tIjaow7mwE9mOU96tK/6za','s6604062610454@email.kmutnb.ac.th','student','พศวีร์','พลาแดง',1,NULL,'2025-10-09 01:25:53','2025-10-09 01:25:53'),(880,'s6604062610462','$2b$10$LXsg0WiR6AW0JvtTbMwSfOatKPXy2qCNOLFuy7VZ/Zxdx8YHWMJQS','s6604062610462@email.kmutnb.ac.th','student','พสุ','อินทรพิทักษ์',1,NULL,'2025-10-09 01:25:53','2025-10-09 01:25:53'),(881,'s6604062610471','$2b$10$7E0OIeQzjKLglCT.8Y8ieumzrg38n7Q2OEUJRxzkuUNEBco2HhHYq','s6604062610471@email.kmutnb.ac.th','student','พิสิษฐ์','เสงี่ยมวงษ์',1,NULL,'2025-10-09 01:25:53','2025-10-09 01:25:53'),(882,'s6604062610489','$2b$10$0NNxjY4FprL74Bbz0gQ0Y.Vbm9emvUxWuPp.U897Y4svaMESttMuK','s6604062610489@email.kmutnb.ac.th','student','พุฒิพงศ์','ยอดดนตรี',1,NULL,'2025-10-09 01:25:54','2025-10-09 01:25:54'),(883,'s6604062610501','$2b$10$p5UZXjCB7.Z5EDVWxMdUH..qe2tyl3/MWWQTGMdOoK1zdZwrxcVvq','s6604062610501@email.kmutnb.ac.th','student','ภูบดินทร์','ด้วงศิริ',1,NULL,'2025-10-09 01:25:54','2025-10-09 01:25:54'),(884,'s6604062610519','$2b$10$BqeFzO9S3kXgVcG7zVh.vezCcrtZ46DEQdHH8NWv1HYDl.VIj3rUG','s6604062610519@email.kmutnb.ac.th','student','ภูวเดช','จงเจริญพร',1,NULL,'2025-10-09 01:25:54','2025-10-09 01:25:54'),(885,'s6604062610535','$2b$10$NDxLhefG6oWCBBoqjJSUj.f9ABwro89TNxkGq9z.9nIzmFZDpP8V.','s6604062610535@email.kmutnb.ac.th','student','วรัชฐญา','จั่นเล็ก',1,NULL,'2025-10-09 01:25:54','2025-10-09 01:25:54'),(886,'s6604062610560','$2b$10$sOi6Uj80rUYsaWy3JXjC.uTWPTaTHuFZwUkRplNKpSruuisbxNugq','s6604062610560@email.kmutnb.ac.th','student','สิทธิศักดิ์','บัวทุม',1,NULL,'2025-10-09 01:25:54','2025-10-09 01:25:54'),(887,'s6604062610578','$2b$10$Mq0yOpRssRCRnekrfnuVQ.RQyRnszsyk7Mp1dFeijqmBBIdr/jnYe','s6604062610578@email.kmutnb.ac.th','student','สุชานันท์','ปิ่นทอง',1,NULL,'2025-10-09 01:25:54','2025-10-09 01:25:54'),(888,'s6604062610594','$2b$10$6FtflI8fOSBYLDGd01kpnuSxsa6rBG8mbGDxlKNMfwP3AVGUoKEJe','s6604062610594@email.kmutnb.ac.th','student','อรวรา','สวัสดิ์อุบล',1,NULL,'2025-10-09 01:25:55','2025-10-09 01:25:55'),(889,'s6604062616029','$2b$10$b9mg36tRAIZsRm5HP4iAQ.QOWAaIn4QwVUQKKtPYjNx1PTDDjHkVG','s6604062616029@email.kmutnb.ac.th','student','อานุภาพ','อุทัยวงษ์',1,NULL,'2025-10-09 01:25:55','2025-10-09 01:25:55'),(890,'s6604062616037','$2b$10$CiwghgRpqSardMw7G58DSeDI5Nl0SKhmVO8iYKGQAifx67TgvNgPy','s6604062616037@email.kmutnb.ac.th','student','กฤตภาส','สว่างแสง',1,NULL,'2025-10-09 01:25:55','2025-10-09 01:25:55'),(891,'s6604062616045','$2b$10$gzLF/aqiGTQ8/gAsSi4me.TPhl8w8xry.1fMmr897/5t7hf8XNsd.','s6604062616045@email.kmutnb.ac.th','student','กันตภณ','สุระแสง',1,NULL,'2025-10-09 01:25:55','2025-10-09 01:25:55'),(892,'s6604062616070','$2b$10$vjchoBAE48iP4wIF.RraZuEc4ElX/.QTm9ykqLTxE1Q3mzwq786s.','s6604062616070@email.kmutnb.ac.th','student','นภาพร','แขกระจ่าง',1,NULL,'2025-10-09 01:25:55','2025-10-09 01:25:55'),(893,'s6604062616126','$2b$10$GEEw9KHwvR2OGHuHLAhpGOimRf4ZmLRzKpMWc03mr0n9WdY.3AIwm','s6604062616126@email.kmutnb.ac.th','student','ภัทรนันท์','ปั้นสุขสวัสดิ์',1,NULL,'2025-10-09 01:25:55','2025-10-09 01:25:55'),(894,'s6604062616134','$2b$10$pp/LUFgMP43Sihs7WzzV4OaXZKt.p0OGQ.jBvc1GkdGB7pecRrGi6','s6604062616134@email.kmutnb.ac.th','student','ภัทรวรรณ','ยศบรรดาศักดิ์',1,NULL,'2025-10-09 01:25:56','2025-10-09 01:25:56'),(895,'s6604062616169','$2b$10$BCEQST/1RChzwiKd8xWlBufb2hpwn2mxpKPOEPKSvxzHVJSn4wEi2','s6604062616169@email.kmutnb.ac.th','student','ณิรินทร์ญา','ศรีกุลศุภโรจน์',1,NULL,'2025-10-09 01:25:56','2025-10-09 01:25:56'),(896,'s6604062616207','$2b$10$XYZdJqyiF.eQKHEeLSmI1u3ng.LN/L5gkYwgM9cZ62IHxGckA.Y1K','s6604062616207@email.kmutnb.ac.th','student','อภิญญา','จรัญเสริฐ',1,NULL,'2025-10-09 01:25:56','2025-10-09 01:25:56'),(897,'s6604062620018','$2b$10$aXPYvfJajsn7XcsrWUcVE.ek4S0wYvgcYi7o5p6..jZelc./bLYAO','s6604062620018@email.kmutnb.ac.th','student','ธีรภัทร','ชาญธวัชชัย',1,NULL,'2025-10-09 01:25:56','2025-10-09 01:25:56'),(898,'s6604062620026','$2b$10$G3uc3gRD2iT/caVdRDsLtuxRpEK1AtcqiWenOu1.nX6LTBs3y6B1e','s6604062620026@email.kmutnb.ac.th','student','ภูริช','มะลิวรรณ',1,NULL,'2025-10-09 01:25:56','2025-10-09 01:25:56'),(899,'s6604062620034','$2b$10$RpPL04T1EXl03mfUcOwV.ulLtnw.TGSAAdNZ5ad3VJl0tmd1gs3YC','s6604062620034@email.kmutnb.ac.th','student','พิมพ์ชนก','แสงสุพจน์',1,NULL,'2025-10-09 01:25:56','2025-10-09 01:25:56'),(900,'s6604062620042','$2b$10$DS.iifHG6/oP6cWRRq2zzeDu4ykH11N6HqRFnLaOgKYM0FnSs0H3y','s6604062620042@email.kmutnb.ac.th','student','อรสา','ทราบรัมย์',1,NULL,'2025-10-09 01:25:57','2025-10-09 01:25:57'),(901,'s6604062620069','$2b$10$OpqERylO3Eg005jERt7xY.SKHcDc791vb9adR3io98FSEZF3R.p.K','s6604062620069@email.kmutnb.ac.th','student','ยุวดี','ศิริสุข',1,NULL,'2025-10-09 01:25:57','2025-10-09 01:25:57'),(902,'s6604062620077','$2b$10$SaHSlyAGGkfWdTu4Q3z97e9Bact7HXli11zS2bafL8inPPHmTJChO','s6604062620077@email.kmutnb.ac.th','student','จักรภัทร','วุฒิไชยกุล',1,NULL,'2025-10-09 01:25:57','2025-10-09 01:25:57'),(903,'s6604062620085','$2b$10$HrQMopWCdDddbFLXkSZC8.8pEgI5qgmTOX971sMCqtFLZnz1iL5JO','s6604062620085@email.kmutnb.ac.th','student','จันทร์ปรียา','ช่างกลึงเหมาะ',1,NULL,'2025-10-09 01:25:57','2025-10-09 01:25:57'),(904,'s6604062620107','$2b$10$P.mELK6J6Rvwkh/wA/MZqOD2Ok8TX2tIt6kR17trS72Cma64Zi5/m','s6604062620107@email.kmutnb.ac.th','student','ชยพัทธ์','ศรีศิริวัฒน์',1,NULL,'2025-10-09 01:25:57','2025-10-09 01:25:57'),(905,'s6604062620115','$2b$10$0xT83csSw.DCVYBBUeC1ReH2j/jYbRNS9iTD6FZA86wwRA.X9WBgm','s6604062620115@email.kmutnb.ac.th','student','ชัยธณา','สุริชา',1,NULL,'2025-10-09 01:25:57','2025-10-09 01:25:57'),(906,'s6604062620131','$2b$10$XivpkAk7Ew2M.Fc3kfen2OlQt.IKa..5eb5XRGEhPcXpeK49J/lZm','s6604062620131@email.kmutnb.ac.th','student','ธีระพัฒน์','จ่อนตะมะ',1,NULL,'2025-10-09 01:25:58','2025-10-09 01:25:58'),(907,'s6604062620140','$2b$10$Jeu0exi580AQjYYd1Kfax.0O0l2p7YTLMq7kqi0gsLqVohq1/M8EO','s6604062620140@email.kmutnb.ac.th','student','นภัสวรรณ','บำรุงกิจ',1,NULL,'2025-10-09 01:25:58','2025-10-09 01:25:58'),(908,'s6604062620158','$2b$10$uYo/WzoDETria4NyBayi5.Oj7O4GOUTBB5Tk7a3SaTk.Pm2ZwCRI.','s6604062620158@email.kmutnb.ac.th','student','นำชัย','ฮังกาสี',1,NULL,'2025-10-09 01:25:58','2025-10-09 01:25:58'),(909,'s6604062620166','$2b$10$quzPmDY.EEtjeV7ypw1UR.T2szrUmuh0mS0rM5.oOx78.64q.1L66','s6604062620166@email.kmutnb.ac.th','student','ปภาดา','เอี่ยวสกุล',1,NULL,'2025-10-09 01:25:58','2025-10-09 01:25:58'),(910,'s6604062620204','$2b$10$r/Lf3pz.x0IBiOBWV/CYAu7r1lhDWqBstoJEajVdcutMJPIrGcJTG','s6604062620204@email.kmutnb.ac.th','student','วีระวุฒ','เอกศรีวิชัย',1,NULL,'2025-10-09 01:25:58','2025-10-09 01:25:58'),(911,'s6604062620212','$2b$10$Rtab7nvrt/Irv4Iw57i7juzXfm3QP04HzDwsrecaBDkmIbKvAFC4.','s6604062620212@email.kmutnb.ac.th','student','ศุภพล','ยิ้มสุวรรณ',1,NULL,'2025-10-09 01:25:58','2025-10-09 01:25:58'),(912,'s6604062620221','$2b$10$O1w2cxY3Y1bIWexe3GzA0u/W3HvPjLJ/E3mfc7r92JdM57IU5Q8om','s6604062620221@email.kmutnb.ac.th','student','ศุภากร','สว่างอารมณ์',1,NULL,'2025-10-09 01:25:59','2025-10-09 01:25:59'),(913,'s6604062620239','$2b$10$B1u/MSljqTLsyID7KdZAF.Y8EyNmaZKuT9zwtfxi3DpLHNM/fW7xe','s6604062620239@email.kmutnb.ac.th','student','สันติ','งามชารี',1,NULL,'2025-10-09 01:25:59','2025-10-09 01:25:59'),(914,'s6604062620255','$2b$10$BxcOKu9OmUUG7HtbVrFZAOxyrnQafNtL.u5aoRWlWGCP7cVC0waP2','s6604062620255@email.kmutnb.ac.th','student','ณิชารีย์','อยู่ศิริ',1,NULL,'2025-10-09 01:25:59','2025-10-09 01:25:59'),(915,'s6604062620263','$2b$10$LnTKCvJxhcA0gLP.xGsltu0OYVjEO7ArVmvnPKJWvMefx7RBOAHza','s6604062620263@email.kmutnb.ac.th','student','ธิดารัตน์','ฉลองคุณ',1,NULL,'2025-10-09 01:25:59','2025-10-09 01:25:59'),(916,'s6604062620271','$2b$10$tD4rAIz.fVhZIKX7gPkV3esHehOQ08RjvNqDRDrbgpMuRYpawR85K','s6604062620271@email.kmutnb.ac.th','student','ปภาวี','วิรุฬห์พงศ์',1,NULL,'2025-10-09 01:25:59','2025-10-09 01:25:59'),(917,'s6604062620280','$2b$10$NGACwlLao2l0pedq7/fgj..0E1qTRKEewBU9z2CDdu9sn1SN.duTW','s6604062620280@email.kmutnb.ac.th','student','วรรณพร','ศรีสวัสดิ์',1,NULL,'2025-10-09 01:26:00','2025-10-09 01:26:00'),(918,'s6604062620298','$2b$10$lvmaEl./G1UiFNGViaY8tOlxnkYQM0cMGVbgdMGUBDCFeZ5s3p8qS','s6604062620298@email.kmutnb.ac.th','student','จุฑาวัชร','บุษษะ',1,NULL,'2025-10-09 01:26:00','2025-10-09 01:26:00'),(919,'s6604062620301','$2b$10$IgccsOszNcCw282gT3yLHO/.efDES/6nbH.4DAUSOHbhvJIXfryZa','s6604062620301@email.kmutnb.ac.th','student','พีรพัฒน์','พันธุ์ดี',1,NULL,'2025-10-09 01:26:00','2025-10-09 01:26:00'),(920,'s6604062620328','$2b$10$zMsacQSmGtY4oZAWWcS6WezszjGuAgAEBYx0AHd4ZMFdgypXr79Im','s6604062620328@email.kmutnb.ac.th','student','ศรสรัน','พลแสน',1,NULL,'2025-10-09 01:26:00','2025-10-09 01:26:00'),(921,'s6604062620336','$2b$10$NOQFyPL4B79fu/kJCwTFZuUTZMkPdadlKQmILsh.LhdVyHLR7PE1q','s6604062620336@email.kmutnb.ac.th','student','ชนาธิป','วรสิงห์',1,NULL,'2025-10-09 01:26:00','2025-10-09 01:26:00'),(922,'s6604062630013','$2b$10$PAFbGHtm5ddV6YrtBn9vxeZ06FedaAB5cPOIsanuhQCP5BYOiU0Ua','s6604062630013@email.kmutnb.ac.th','student','กฤตธณ','วงค์ปินตา',1,NULL,'2025-10-09 01:26:00','2025-10-09 01:26:00'),(923,'s6604062630021','$2b$10$PPGXyamR2V1G4mvXb.vBwOPBvscX9JWPeTtUEE0LKFGTKh.3no.Na','s6604062630021@email.kmutnb.ac.th','student','กฤษกร','ขามวิเศษ',1,NULL,'2025-10-09 01:26:01','2025-10-09 01:26:01'),(924,'s6604062630030','$2b$10$Ek24hmwYWxg8x1/Z66hSsOt/loN0FehDLGir34j0zbNGptKr/22b.','s6604062630030@email.kmutnb.ac.th','student','กษิดิส','ทองบุญ',1,NULL,'2025-10-09 01:26:01','2025-10-09 01:26:01'),(925,'s6604062630056','$2b$10$WEi6RwXYhZWsbrTD/WlwveRMZbzFw31Xk.92KNDoQiXmcf5uBUwqO','s6604062630056@email.kmutnb.ac.th','student','กันต์','พรมสุข',1,NULL,'2025-10-09 01:26:01','2025-10-09 01:26:01'),(926,'s6604062630064','$2b$10$DTIjmqPnRBlAc5Q.ivcTA.lVOond34YyMCqqc/FuXcysqohlGevMe','s6604062630064@email.kmutnb.ac.th','student','กิตติพงษ์','จินดาวัฒนชัย',1,NULL,'2025-10-09 01:26:01','2025-10-09 01:26:01'),(927,'s6604062630072','$2b$10$BkyN7/FG6bCvVCcvc592De2EI/yQdz20jidwyzciP.F04nmpVMETS','s6604062630072@email.kmutnb.ac.th','student','กิตติศักดิ์','ชาญชินนำ',1,NULL,'2025-10-09 01:26:01','2025-10-09 01:26:01'),(928,'s6604062630081','$2b$10$EynhfwXDpbbJF8FlWIzBZeoxAsLJ6SlU9w6KUjYbNSHrmE/IN7r6q','s6604062630081@email.kmutnb.ac.th','student','โกญจนาท','สุวรรณมณี',1,NULL,'2025-10-09 01:26:01','2025-10-09 01:26:01'),(929,'s6604062630099','$2b$10$y.t70M4lvdwu05T8D3AZbeUDrHfws/nidxAJRZAwxykE2Dw/VRBIC','s6604062630099@email.kmutnb.ac.th','student','จักรพงษ์','ทรัพย์เจริญกุล',1,NULL,'2025-10-09 01:26:02','2025-10-09 01:26:02'),(930,'s6604062630111','$2b$10$1DrISx6C2fqx.AER/4giC.PRRHBVkwqd99iox80QKYvofa1ccHrYK','s6604062630111@email.kmutnb.ac.th','student','จุมพลภัทร์','สาเกกูล',1,NULL,'2025-10-09 01:26:02','2025-10-09 01:26:02'),(931,'s6604062630129','$2b$10$zF8nEYIOrjvDDT4SR2Kv2.rrCZwYLcDZKZoQISUg5VqOMx0.GdwOW','s6604062630129@email.kmutnb.ac.th','student','เจนิภัทร','สุรินทร์สภานนท์',1,NULL,'2025-10-09 01:26:02','2025-10-09 01:26:02'),(932,'s6604062630145','$2b$10$ERVsfqRSAsIdLRh6tO/9NeEobIPa77aOZE5LUB30RpJiLkoXwSEOG','s6604062630145@email.kmutnb.ac.th','student','เชิงชาติ','ฉ่ำเวช',1,NULL,'2025-10-09 01:26:02','2025-10-09 01:26:02'),(933,'s6604062630153','$2b$10$DA541N2/QG5WcSwejo0T3Op9K9nVVkHC/the6MD1sOw3SrXuJ2v4m','s6604062630153@email.kmutnb.ac.th','student','ไชยพัชฌน์','พลเยี่ยม',1,NULL,'2025-10-09 01:26:02','2025-10-09 01:26:02'),(934,'s6604062630170','$2b$10$JDkhONbMg8zYEaku.fc6cOxMH8.szo73g2mPL3tBE8xaecFRAt4g2','s6604062630170@email.kmutnb.ac.th','student','ณัฐชนน','นุ่มคง',1,NULL,'2025-10-09 01:26:02','2025-10-09 01:26:02'),(935,'s6604062630188','$2b$10$Qv7JCGgFHxDpy3Ywsmp3eennBhb3dBGxgJA9qfE611m9gO4J4iFa2','s6604062630188@email.kmutnb.ac.th','student','ณัฐพงศ์','จันทร์เพ็ง',1,NULL,'2025-10-09 01:26:03','2025-10-09 01:26:03'),(936,'s6604062630196','$2b$10$icoPGUsZBX4e90UG97ZxN.zoE4FFoHmrceInVUKIbkmCXu.uNspXK','s6604062630196@email.kmutnb.ac.th','student','ณัฐวศา','ปักษีกุล',1,NULL,'2025-10-09 01:26:03','2025-10-09 01:26:03'),(937,'s6604062630200','$2b$10$ty5PuwAEvkF2tafxlwxBgueltny8IID3KuhA1VGwgiJ0JHtRBk6S.','s6604062630200@email.kmutnb.ac.th','student','ณัฐวุฒิ','ทรงคาศรี',1,NULL,'2025-10-09 01:26:03','2025-10-09 01:26:03'),(938,'s6604062630218','$2b$10$wZdfAo36FXKkYm4TX1D3ReoFJ.qqbnxnW8sJz4zVoaTr496aggHM2','s6604062630218@email.kmutnb.ac.th','student','ทองบุรินทร์','ศิริภิวัฒน์',1,NULL,'2025-10-09 01:26:03','2025-10-09 01:26:03'),(939,'s6604062630226','$2b$10$V.29bUTSbdMbYJGT5.ri2.rUWrf1Yza9dMLMuCfJrnZXLLnvRESb.','s6604062630226@email.kmutnb.ac.th','student','ธนธรณ์','เรืองต่อวงศ์',1,NULL,'2025-10-09 01:26:03','2025-10-09 01:26:03'),(940,'s6604062630234','$2b$10$QNnLOXt2BhbqTrHf2pFtgumL1clMqBPbL5Y/okfcwkctm9MC5HmC6','s6604062630234@email.kmutnb.ac.th','student','ธราดล','พุมดวง',1,NULL,'2025-10-09 01:26:04','2025-10-09 01:26:04'),(941,'s6604062630251','$2b$10$gcj3TSfyHFPGsuw/HvXGRuOhA2UutzZlSC5I5edFabXD8wU5LFPCO','s6604062630251@email.kmutnb.ac.th','student','ธีรัชฌานนท์','ศรีธรรมยศ',1,NULL,'2025-10-09 01:26:04','2025-10-09 01:26:04'),(942,'s6604062630269','$2b$10$lXIc9UCF5WJscxUx9ApCmOfx/LWBfBrpkFw6nDyoQFZJl1w1Qbq4W','s6604062630269@email.kmutnb.ac.th','student','นนทพัฒน์','นพโลหะ',1,NULL,'2025-10-09 01:26:04','2025-10-09 01:26:04'),(943,'s6604062630277','$2b$10$FYzj8IEACUKRTUf7eoRoouHUcQN0yDf.vdp4f8hzQWHHFXW8edTg6','s6604062630277@email.kmutnb.ac.th','student','นลินรัตน์','รุ่งทรัพย์สิน',1,NULL,'2025-10-09 01:26:04','2025-10-09 01:26:04'),(944,'s6604062630285','$2b$10$8r9YvxY1UH8XwGUxnKoUI.D9UO8hrclwkzWDFASBijdcGGTp0n/5O','s6604062630285@email.kmutnb.ac.th','student','นิติธร','เจริญฤทธิ์',1,NULL,'2025-10-09 01:26:04','2025-10-09 01:26:04'),(945,'s6604062630293','$2b$10$J7o1nXsww6lOhO5EhkJW1Os1RPxI89K0/S6hX/rpbXLm5Iz/lv5z6','s6604062630293@email.kmutnb.ac.th','student','นิธิกร','หีบทอง',1,NULL,'2025-10-09 01:26:04','2025-10-09 01:26:04'),(946,'s6604062630315','$2b$10$g4AT/K9y4ZB1eqd/GgEbqublSuU8vOtJ8rK5HaxvNXIKAlHSlUhLe','s6604062630315@email.kmutnb.ac.th','student','ปฏิพน','พลยุทธภูมิ',1,NULL,'2025-10-09 01:26:05','2025-10-09 01:26:05'),(947,'s6604062630323','$2b$10$Js/gtJEVHeGPysx9Nz3S8etD7lEwGsvy5QfWgWh5/n5rxflFln6RS','s6604062630323@email.kmutnb.ac.th','student','ปฐมพร','ศรีคชพงษ์',1,NULL,'2025-10-09 01:26:05','2025-10-09 01:26:05'),(948,'s6604062630331','$2b$10$U5RJrik8cZfswbwpj2CVeuX2mqyw/9tL3HigUpkHmjdQzX1sp8TGS','s6604062630331@email.kmutnb.ac.th','student','พงศภัค','ดวงมณี',1,NULL,'2025-10-09 01:26:05','2025-10-09 01:26:05'),(949,'s6604062630358','$2b$10$J.8Qr3L0fYA4Iw/Geq00ROf/cWvJhWDyp0kPD2cLfde1WSWOavJ3a','s6604062630358@email.kmutnb.ac.th','student','พงษ์พัฒน์','บางข่า',1,NULL,'2025-10-09 01:26:05','2025-10-09 01:26:05'),(950,'s6604062630366','$2b$10$.qN23lX2ix39YS6djepGMueE.kp5.nBYPHdqU4MvptnbFzY7PzCIm','s6604062630366@email.kmutnb.ac.th','student','พีรพล','วิสระพันธุ์',1,NULL,'2025-10-09 01:26:05','2025-10-09 01:26:05'),(951,'s6604062630382','$2b$10$Wxz1ek/dp7VSEyD3LlpjKe//46NsemeoIVpHbGHeBKynR9gPuu0m2','s6604062630382@email.kmutnb.ac.th','student','ไพรัช','จรัสนภารัตน์',1,NULL,'2025-10-09 01:26:06','2025-10-09 01:26:06'),(952,'s6604062630391','$2b$10$UcVvhGtVE/74xU1wvECcj.5cIGadmyApZcmwrOFSHLHSwNZVUP8Z.','s6604062630391@email.kmutnb.ac.th','student','ฟาเดียร์','หะยียูโซ๊ะ',1,NULL,'2025-10-09 01:26:06','2025-10-09 01:26:06'),(953,'s6604062630412','$2b$10$ZsQ3hYSLlU8pvv9aXodWxOXYjeK5y.WIdnmY0legOwcVAGyoE3wJG','s6604062630412@email.kmutnb.ac.th','student','ภัทรกร','ยุทธเทพา',1,NULL,'2025-10-09 01:26:06','2025-10-09 01:26:06'),(954,'s6604062630421','$2b$10$eFBrMdHnJpi5CX0oINffb.odhjroengdUT9IH2kkb0PJjcBbo688m','s6604062630421@email.kmutnb.ac.th','student','ภูมิพัฒน์','ภักดีโต',1,NULL,'2025-10-09 01:26:06','2025-10-09 01:26:06'),(955,'s6604062630439','$2b$10$vlyet8VljcFuykRTnZz3ke.5OeG6L8HFdu7ce956RL1moGb4bB0JO','s6604062630439@email.kmutnb.ac.th','student','ภูมิภัทร','จิตรีโภชน์',1,NULL,'2025-10-09 01:26:06','2025-10-09 01:26:06'),(956,'s6604062630463','$2b$10$rfNwnK8eRLsblo283wafLu.E5w48TlMg9KS9z33A3f9ZlDZU/OmIy','s6604062630463@email.kmutnb.ac.th','student','รัชชานนท์','ทอดแสน',1,NULL,'2025-10-09 01:26:06','2025-10-09 01:26:06'),(957,'s6604062630471','$2b$10$8fGs8Tvf.HM327adYFPJX.N4u.RFM.qNzYvSqub3uYfQUMAD4QXHS','s6604062630471@email.kmutnb.ac.th','student','รัฐศาสตร์','ขันขาว',1,NULL,'2025-10-09 01:26:07','2025-10-09 01:26:07'),(958,'s6604062630480','$2b$10$LapxRZJ5jjMUICG.nBwaVeAR4C5JEbgrfHMKmHvYLLQwZ0eM0beUe','s6604062630480@email.kmutnb.ac.th','student','วรท','เดชบุญ',1,NULL,'2025-10-09 01:26:07','2025-10-09 01:26:07'),(959,'s6604062630498','$2b$10$C5Hm90U0v6w0i.nBwK4sQ.4xkamD1psxMFQoLohOCni2dpDe1O5oG','s6604062630498@email.kmutnb.ac.th','student','วรธน','มีมูล',1,NULL,'2025-10-09 01:26:07','2025-10-09 01:26:07'),(960,'s6604062630501','$2b$10$sQZdHWKesxIINE.TPGpkceXEaZErmEamboIcd9dEIUBJKRrIJX8Mi','s6604062630501@email.kmutnb.ac.th','student','วรพล','วิถีธรรม',1,NULL,'2025-10-09 01:26:07','2025-10-09 01:26:07'),(961,'s6604062630510','$2b$10$3gSmvE3yA8EDcBDdUHv0F.HPuoRiA.XVgutaJjelHt1Dj4NnTHFEG','s6604062630510@email.kmutnb.ac.th','student','วรรษชล','ลาวัง',1,NULL,'2025-10-09 01:26:07','2025-10-09 01:26:07'),(962,'s6604062630528','$2b$10$Fid.yJSwTa1wZ7TZ4vIWNOBFmhuFnBDAXTV1ESyEoEVVb46BNawPG','s6604062630528@email.kmutnb.ac.th','student','วิวัธน์','บุญสัน',1,NULL,'2025-10-09 01:26:07','2025-10-09 01:26:07'),(963,'s6604062630536','$2b$10$lHQ0.FPfzo9anA5ILBgLruU7mtQTk/Iebpj/RmdPK8LV978O4htz6','s6604062630536@email.kmutnb.ac.th','student','วีรวัฒน์','เด่นดวง',1,NULL,'2025-10-09 01:26:08','2025-10-09 01:26:08'),(964,'s6604062630544','$2b$10$KOjmypryawWpgEXr67W4NuBnH4TIBgjTYpLHxU1JIah.IK.7pUtGO','s6604062630544@email.kmutnb.ac.th','student','วุฒธิพงษ์','ทองพรม',1,NULL,'2025-10-09 01:26:08','2025-10-09 01:26:08'),(965,'s6604062630552','$2b$10$ZE1c/IM6nxOxhiShDMAYI.wScZiCewJa126QV0s2f57NKpqrFCCDq','s6604062630552@email.kmutnb.ac.th','student','สุชานันท์','ไทยขำ',1,NULL,'2025-10-09 01:26:08','2025-10-09 01:26:08'),(966,'s6604062630561','$2b$10$GeB6ECO5ELFFdmT7aE82Iu8o64bwU7OCAvNVg29hdMfNuggJWRXQy','s6604062630561@email.kmutnb.ac.th','student','อชิตพล','แทนโป',1,NULL,'2025-10-09 01:26:08','2025-10-09 01:26:08'),(967,'s6604062630579','$2b$10$SpUQ3QsimLeQIxt59hG65Ok4vDt/l2PwQPDdX7Uhin6UhGMbca3Pi','s6604062630579@email.kmutnb.ac.th','student','อธิป','ยวงแก้ว',1,NULL,'2025-10-09 01:26:08','2025-10-09 01:26:08'),(968,'s6604062630587','$2b$10$4Bkf1NqYA9UY0bhItlKzfe7Ciu96SiuvvB0OXITM/XCETXwsut4c2','s6604062630587@email.kmutnb.ac.th','student','อภิลักษณ์','เพ็ชรศรี',1,NULL,'2025-10-09 01:26:08','2025-10-09 01:26:08'),(969,'s6604062636011','$2b$10$D.Uz6qGWDwfMHrKy2Q1UxuAMbSBU6bPYai3ZP/SlxwDlULVe3CUOi','s6604062636011@email.kmutnb.ac.th','student','กรวิทย์','เสถียรุจิกานนท์',1,NULL,'2025-10-09 01:26:09','2025-10-09 01:26:09'),(970,'s6604062636046','$2b$10$dHRLdboOWYJfuLDuOJ7eOeM/BTKTUd5cuybTMjBVhgPMUDG8KULxy','s6604062636046@email.kmutnb.ac.th','student','กุลณัฐ','ยี่สุ่นศรี',1,NULL,'2025-10-09 01:26:09','2025-10-09 01:26:09'),(971,'s6604062636054','$2b$10$zwz6VZOhJt6P/Asrq2UzjuJkdZ6qM3Hvy7zHk.WlIh/4aOFKgzJc6','s6604062636054@email.kmutnb.ac.th','student','เกวลิน','เนื่องจำนงค์',1,NULL,'2025-10-09 01:26:09','2025-10-09 01:26:09'),(972,'s6604062636062','$2b$10$nf2AjfkEs0JABmv5Rgg2MuWrIg67Xs8BxtiJOuFsGlecZ5m8iK5NG','s6604062636062@email.kmutnb.ac.th','student','จริยธรรม','มงคลเคหา',1,NULL,'2025-10-09 01:26:09','2025-10-09 01:26:09'),(973,'s6604062636089','$2b$10$mRQ/7QZS9Pe4263Cet3edeJzg3EWyNvnvnsS9ZLyu802HcAXWk9.i','s6604062636089@email.kmutnb.ac.th','student','จารุพร','ธนจุติพร',1,NULL,'2025-10-09 01:26:09','2025-10-09 01:26:09'),(974,'s6604062636119','$2b$10$xKkRKO14T/eXTg1BcXJxU.3KN5L2vvqYeSWd5ToDxciqNnWp7tUhe','s6604062636119@email.kmutnb.ac.th','student','ชัชชญา','ฉายวัฒนะ',1,NULL,'2025-10-09 01:26:09','2025-10-09 01:26:09'),(975,'s6604062636127','$2b$10$2Xl0dlgbgy2qJS7XuqD6F../2IMVfbTJhT6fo2e4ododabt6Rg0Hy','s6604062636127@email.kmutnb.ac.th','student','ซีตีฮาย๊าต','วรวัฒนาชัย',1,NULL,'2025-10-09 01:26:10','2025-10-09 01:26:10'),(976,'s6604062636135','$2b$10$6Url8PZf1MC707dvAPjjEuKIdFCcxpw4uesXK4XH99ONMoTd/BrMy','s6604062636135@email.kmutnb.ac.th','student','ฐาปณี','ศิริพละ',1,NULL,'2025-10-09 01:26:10','2025-10-09 01:26:10'),(977,'s6604062636151','$2b$10$TZzkx/xEdd7MyrxdURuKHe3c435nPmQL3Ewehh22Pr5n4NtqllPQK','s6604062636151@email.kmutnb.ac.th','student','ณัฐชานน','ทรัพย์มีชัย',1,NULL,'2025-10-09 01:26:10','2025-10-09 01:26:10'),(978,'s6604062636178','$2b$10$aJnqrBPm4FDp1F1USkbelurYFWBJuUZ0ucuIueEO.zpWA7zUXoabK','s6604062636178@email.kmutnb.ac.th','student','ณิชารีย์','อินต๊ะกัน',1,NULL,'2025-10-09 01:26:10','2025-10-09 01:26:10'),(979,'s6604062636208','$2b$10$HI/IlIqKs9.qron1uvpJF.S09Aq12K2dBwnXae5n5iVAMz/W.S166','s6604062636208@email.kmutnb.ac.th','student','ทองทัศน์','ลำทอง',1,NULL,'2025-10-09 01:26:10','2025-10-09 01:26:10'),(980,'s6604062636224','$2b$10$Cx5Ob7/N8KxvLlggdZn35urUPXe4.z0bGheUMpGkJ2kYazMAc7W72','s6604062636224@email.kmutnb.ac.th','student','ธงคม','ทุมมานนท์',1,NULL,'2025-10-09 01:26:11','2025-10-09 01:26:11'),(981,'s6604062636241','$2b$10$CeuAiA7KADjZxQgiDU25N.hjWuCnPxuF.Cg5j.9oGIbbO9xdSRyLm','s6604062636241@email.kmutnb.ac.th','student','ธนโชติ','สุนทรกำจรพานิช',1,NULL,'2025-10-09 01:26:11','2025-10-09 01:26:11'),(982,'s6604062636259','$2b$10$bcW5R7gaF1z12UoAIAdIS./BzzweVcOv6v9vMcmuGmEvEvf3W9bVu','s6604062636259@email.kmutnb.ac.th','student','ธนบดี','วชิราชัย',1,NULL,'2025-10-09 01:26:11','2025-10-09 01:26:11'),(983,'s6604062636267','$2b$10$lUoj3B5PzuG8ZsOCwVhq2uqKT.DoHikNY9euzSxqvkzYT8MjayA5a','s6604062636267@email.kmutnb.ac.th','student','ธนบดี','ประทีปบุษกร',1,NULL,'2025-10-09 01:26:11','2025-10-09 01:26:11'),(984,'s6604062636275','$2b$10$fIr8KcUqnOxmOuJEtSe/1.bDy4J8IFCWFmt2vYaA/HAs.oTOgpLMm','s6604062636275@email.kmutnb.ac.th','student','ธนภัทร','ตันเถียร',1,NULL,'2025-10-09 01:26:11','2025-10-09 01:26:11'),(985,'s6604062636283','$2b$10$I2G7SKPESMr.Z1peYknP.uC6ffpu9wXe5s0CZiCY8QBkkhxIFGPfi','s6604062636283@email.kmutnb.ac.th','student','ธนภัทร','ดีได้',1,NULL,'2025-10-09 01:26:11','2025-10-09 01:26:11'),(986,'s6604062636291','$2b$10$1J5qZsu3HwieYa0qrEXaROayaQYj7nXa6imQ328etRSkymGwILT0a','s6604062636291@email.kmutnb.ac.th','student','ธนากร','ใจทน',1,NULL,'2025-10-09 01:26:12','2025-10-09 01:26:12'),(987,'s6604062636305','$2b$10$Dr4Bn05KrdZVf2d/KSwISOvoMasOO1xE6gbQrGBbMfcefCF8FJUFO','s6604062636305@email.kmutnb.ac.th','student','ธราเทพ','แซ่หลี',1,NULL,'2025-10-09 01:26:12','2025-10-09 01:26:12'),(988,'s6604062636321','$2b$10$cAIyaP8XUzVg1VGJ178wVO3FvaiFnw5D8ANqyDe5VaG5C8ou7z.Ve','s6604062636321@email.kmutnb.ac.th','student','ธัญเทพ','อนันต์ธนาพงษ์',1,NULL,'2025-10-09 01:26:12','2025-10-09 01:26:12'),(989,'s6604062636348','$2b$10$EHgve/EhTUdYWr9jXcwo0OgnCsv7jNmtCKGwjdfIZirkGN2LUjQPW','s6604062636348@email.kmutnb.ac.th','student','ธีรภัทร','โคตะนารถ',1,NULL,'2025-10-09 01:26:12','2025-10-09 01:26:12'),(990,'s6604062636402','$2b$10$fey7dx5rUN429BImuYrYkOBjNUsN4iW8L21OzcN77qG9TRdjyW.gm','s6604062636402@email.kmutnb.ac.th','student','บวรลักษณ์','บุญใจใหญ่',1,NULL,'2025-10-09 01:26:12','2025-10-09 01:26:12'),(991,'s6604062636411','$2b$10$qk/rNW9VUz4QlY8YGn2qouypkGcqXSUcDtVNsGF5HXtQTLxbxxLyy','s6604062636411@email.kmutnb.ac.th','student','ปรเมษฐ์','สีเชียงหา',1,NULL,'2025-10-09 01:26:12','2025-10-09 01:26:12'),(992,'s6604062636429','$2b$10$5y6aP6ms5GF0iAyyDbpq.exBz4CrLe776MkRJgBNFssJL3tGTrp5W','s6604062636429@email.kmutnb.ac.th','student','ปุณณภพ','สิทธิสัจจธรรม',1,NULL,'2025-10-09 01:26:13','2025-10-09 01:26:13'),(993,'s6604062636437','$2b$10$HiJ11G4V8IXUTWlPuEVWe.mUZmsqL1l0qJfq82pn3y.u04ywSIpeS','s6604062636437@email.kmutnb.ac.th','student','พงศธร','น้อยจีน',1,NULL,'2025-10-09 01:26:13','2025-10-09 01:26:13'),(994,'s6604062636453','$2b$10$6OGBvShgvMtKNi.L9RLVvudEibtCNa67W.nUsCwOOdaGg4/0ui1iS','s6604062636453@email.kmutnb.ac.th','student','พงศ์ศิริ','เลิศพงษ์ไทย',1,NULL,'2025-10-09 01:26:13','2025-10-09 01:26:13'),(995,'s6604062636461','$2b$10$NVrn2lSQJeemAFZRO/v1Teo0Nvjc2kJvUEoisYh.hgOYLnQajvQym','s6604062636461@email.kmutnb.ac.th','student','พลอยวรินทร์','วงศ์สุวรรณ์',1,NULL,'2025-10-09 01:26:13','2025-10-09 01:26:13'),(996,'s6604062636488','$2b$10$rUFyOI8XdSOGoeKlv1Y85Oc.7GmmX8Ddyh9plbzfBzvTRkhmjwJE2','s6604062636488@email.kmutnb.ac.th','student','พัชรพงษ์','เขียนประชา',1,NULL,'2025-10-09 01:26:13','2025-10-09 01:26:13'),(997,'s6604062636518','$2b$10$GfwQG.KX9tYmTnQxvTDlq.yMW45OtPIeNyfSpUrfHUp2rqEsKtMqO','s6604062636518@email.kmutnb.ac.th','student','พิชญาณิน','ลีลาวิภาส',1,NULL,'2025-10-09 01:26:14','2025-10-09 01:26:14'),(998,'s6604062636534','$2b$10$3hGVseaFEHh6YCet0iCXceUmmKNdomZDVP1R4D4fLpPyWfgGHa3H6','s6604062636534@email.kmutnb.ac.th','student','ไพอนันท์','บุญประคม',1,NULL,'2025-10-09 01:26:14','2025-10-09 01:26:14'),(999,'s6604062636542','$2b$10$ageRDKd/5QE/KHpCx3nepODeEb9zCl1Y0fFF7Nic2YHz/oIJUkJXu','s6604062636542@email.kmutnb.ac.th','student','ภวัต','เพ็งมรดก',1,NULL,'2025-10-09 01:26:14','2025-10-09 01:26:14'),(1000,'s6604062636551','$2b$10$b04gqUQ3GzolBMF7.G8sye0blOF3fBF82I.qwfA3pHkpceucUHh7y','s6604062636551@email.kmutnb.ac.th','student','ภัทรพนธ์','คำคมวิสิฐสกุล',1,NULL,'2025-10-09 01:26:14','2025-10-09 01:26:14'),(1001,'s6604062636569','$2b$10$SEXY98KgvEC93bkaovJareXjHmUGfoo8aKjNfIilkTgDKJnzwpRhO','s6604062636569@email.kmutnb.ac.th','student','ภูเบศร','เกิดสติ',1,NULL,'2025-10-09 01:26:14','2025-10-09 01:26:14'),(1002,'s6604062636577','$2b$10$vutLenPv2anlQ1lTF00a9.t5BmKllkROIWniqOmS2MRBsQgvuXbKW','s6604062636577@email.kmutnb.ac.th','student','มัณฑนา','จันทินมาธร',1,NULL,'2025-10-09 01:26:14','2025-10-09 01:26:14'),(1003,'s6604062636593','$2b$10$Iew6FIxIoUSbHSjejv/T4O92w35Cw59V5XSwKFRsEoml27BBS.tc.','s6604062636593@email.kmutnb.ac.th','student','วรัทยา','รอวียัน',1,NULL,'2025-10-09 01:26:15','2025-10-09 01:26:15'),(1004,'s6604062636623','$2b$10$gmSxQOsPGit5dGTc.ZxxLuPCmQRn8EEHcpj0VRK8W78sKOBiDX.Ni','s6604062636623@email.kmutnb.ac.th','student','วิลดาน','เจ๊ะมะ',1,NULL,'2025-10-09 01:26:15','2025-10-09 01:26:15'),(1005,'s6604062636631','$2b$10$KaWrdHO.9L7uq/kmdC3Y6.UM.DSowTeEk2iEJAUxkNEZrI3akO.fK','s6604062636631@email.kmutnb.ac.th','student','วิษณุกร','บุญเกิด',1,NULL,'2025-10-09 01:26:15','2025-10-09 01:26:15'),(1006,'s6604062636640','$2b$10$UoBvxwSpPr.uDtVdRTjT8.mCdjUFuy4ZUrMNSYXTk7.5QKfWKM.Di','s6604062636640@email.kmutnb.ac.th','student','ศกรินทร์','รามแก้ว',1,NULL,'2025-10-09 01:26:15','2025-10-09 01:26:15'),(1007,'s6604062636666','$2b$10$nR1qm2Jk00YA0jaZotv4Y.GlZbaDeNVjmAUDambNz4gHddvVk1UOG','s6604062636666@email.kmutnb.ac.th','student','ศิวกร','ชูหิรัญพงศ์',1,NULL,'2025-10-09 01:26:15','2025-10-09 01:26:15'),(1008,'s6604062636691','$2b$10$oTdJNbtZvult/t/7acebaOWUbIatnapNxM8HiOT8wXxqBUepgbKNS','s6604062636691@email.kmutnb.ac.th','student','สิรปรัชญ์','รักร่วม',1,NULL,'2025-10-09 01:26:15','2025-10-09 01:26:15'),(1009,'s6604062636704','$2b$10$XFOM2C3lxnr1gDqyWO563e1N843CBT00u3N2BNLDn8VNaqd1ltcrO','s6604062636704@email.kmutnb.ac.th','student','สิรวิชญ์','ผาสุข',1,NULL,'2025-10-09 01:26:16','2025-10-09 01:26:16'),(1010,'s6604062636721','$2b$10$Jgz8sj5Z6NEWK.X3DCL3A.5yrZrsJMaLkFlLY8MrQg2QsaHSwf76O','s6604062636721@email.kmutnb.ac.th','student','อฑิภณ','น้อยโสภา',1,NULL,'2025-10-09 01:26:16','2025-10-09 01:26:16'),(1011,'s6604062636739','$2b$10$oUvHlRz8WyYYDLRiliFQPuGzKQPQxbDaW8fLpi0koiP2aMpgu/ive','s6604062636739@email.kmutnb.ac.th','student','อติกานต์','ทนุพันธ์',1,NULL,'2025-10-09 01:26:16','2025-10-09 01:26:16'),(1012,'s6604062636747','$2b$10$AApluOD2mF9Iyyeantfl5.XUnqtr636BNgVospqCTf8ajj3MRETAS','s6604062636747@email.kmutnb.ac.th','student','อธิชนัน','ปัญญาวรวิเชียร',1,NULL,'2025-10-09 01:26:16','2025-10-09 01:26:16'),(1013,'s6604062636763','$2b$10$c/SRKWhujKf72EmTYy6y/eQz.4s7U.ujzC98vY1IozsP9hIdDOO4K','s6604062636763@email.kmutnb.ac.th','student','อังค์วรา','เด่นชัย',1,NULL,'2025-10-09 01:26:16','2025-10-09 01:26:16'),(1014,'s6604062661016','$2b$10$pUiYbXawH28Qo.e/RehELu8J2oteCgTCHw.iWFPyU6GGzYI3fKoZi','s6604062661016@email.kmutnb.ac.th','student','กนกประภา','กาวิโล',1,NULL,'2025-10-09 01:26:16','2025-10-15 05:52:00'),(1015,'s6604062661032','$2b$10$5zbPQisXOGZ06hPDQfbvGe1CC6rpJWuisl/7dHGZe52B53FNroHeS','s6604062661032@email.kmutnb.ac.th','student','ณัฎฐาพจน์','ลาภพัฒนโสภณ',1,NULL,'2025-10-09 01:26:17','2025-10-09 01:26:17'),(1016,'s6604062661041','$2b$10$IGqUEdrDppLWZB1cDNUiduSO/2PxioSuN06xOOSFYv.eFIHGzOZ5i','s6604062661041@email.kmutnb.ac.th','student','ณิศรา','ขำเทศ',1,NULL,'2025-10-09 01:26:17','2025-10-09 01:26:17'),(1017,'s6604062661067','$2b$10$/JeMr6IgxyrA7X0s5SsSRedYPi92gAgGpluorq87eEL4w/zlTxfCK','s6604062661067@email.kmutnb.ac.th','student','ปิยธิดา','คชสวัสดิ์',1,NULL,'2025-10-09 01:26:17','2025-10-09 01:26:17'),(1018,'s6604062661091','$2b$10$GJnHDWiYFerUGq95Z.yRuOolj1rfJ3BqQzn0ezQLF0gT9jWoIi1sS','s6604062661091@email.kmutnb.ac.th','student','รดา','สุขเสียงศรี',1,NULL,'2025-10-09 01:26:17','2025-10-09 01:26:17'),(1019,'s6604062661105','$2b$10$wyUz1wibOvDkby3m/b/YeepvAmRj0Azwohry2zSniY1qBNI1nqwli','s6604062661105@email.kmutnb.ac.th','student','รัชกฤช','นิธิชยากุล',1,NULL,'2025-10-09 01:26:17','2025-10-09 01:26:17'),(1020,'s6604062661130','$2b$10$2rAxbmq.pI9a0qx9LDJm.uG/mfZqpT6JOB8oZ2UXufLcWvYO9t6wu','s6604062661130@email.kmutnb.ac.th','student','สรวิศ','ลัภโต',1,NULL,'2025-10-09 01:26:17','2025-10-09 01:26:17'),(1021,'s6604062661164','$2b$10$Y41/qSfwKcWFB89XSEiM8epTn7owkDkVG4v9Y15HODacfNE09GDUi','s6604062661164@email.kmutnb.ac.th','student','อิทธิมนต์','บัวจันทร์',1,NULL,'2025-10-09 01:26:18','2025-10-09 01:26:18'),(1022,'s6604062662012','$2b$10$6HU.DjQYX9ujvx6PhKpjEuZLHWGxy3vFnF5OB2ba7w.186myawDca','s6604062662012@email.kmutnb.ac.th','student','อริยพล','ฉลองกลาง',1,NULL,'2025-10-09 01:26:18','2025-10-09 01:26:18'),(1023,'s6604062662021','$2b$10$AErIJjzSo72xg7OKl0a/b.lnucwS9NlE38x6YJdm9VQaCROBQ0qna','s6604062662021@email.kmutnb.ac.th','student','อัญมณี','ถาวรยิ่ง',1,NULL,'2025-10-09 01:26:18','2025-10-09 01:26:18'),(1024,'s6604062662039','$2b$10$YXn2KW.48QXgYpF1pD7Fie7e45QFpQGb4LcAm.FyqBnxqIETyqUey','s6604062662039@email.kmutnb.ac.th','student','พีรณัฐ','อบกลาง',1,NULL,'2025-10-09 01:26:18','2025-10-09 01:26:18'),(1025,'s6604062662055','$2b$10$OXx9lhprGl233L6D94ULr.ErqGX1q5EesWYhvi3K70yuDDLcPstA.','s6604062662055@email.kmutnb.ac.th','student','ณภัทร','อินน้อย',1,NULL,'2025-10-09 01:26:18','2025-10-09 01:26:18'),(1026,'s6604062662063','$2b$10$G5yo.AemQ9M6nlpA8f3CQOlu2JtYbhP9u63ziUVbeBDM2v6qq6pDm','s6604062662063@email.kmutnb.ac.th','student','ณเอก','มโนเอื้อ',1,NULL,'2025-10-09 01:26:19','2025-10-09 01:26:19'),(1027,'s6604062662071','$2b$10$zbBAgn3C2p6.DvKE6mNmB./G2uVVDZEWQFuA3aVDEj2J76YFmx3Je','s6604062662071@email.kmutnb.ac.th','student','ธนบดี','กิมฮวดกุล',1,NULL,'2025-10-09 01:26:19','2025-10-09 01:26:19'),(1028,'s6604062662098','$2b$10$MTV0p0NHvI5CPgacT4P78uVXD/8K/fShAhHwWcdFADaegXH0f6Tfq','s6604062662098@email.kmutnb.ac.th','student','ปุริศ','แก่ฉลาด',1,NULL,'2025-10-09 01:26:19','2025-10-09 01:26:19'),(1029,'s6604062662101','$2b$10$VmpQ1YbWe415D3HJ1NQkCOHJP8PBO5HaCbfA7wXPljrnyddJG5vki','s6604062662101@email.kmutnb.ac.th','student','เพียงพอ','สังข์ทอง',1,NULL,'2025-10-09 01:26:19','2025-10-09 01:26:19'),(1030,'s6604062662128','$2b$10$vQ5z/9mDypOU1EGU7dsEpOWhM223/7.YTqte/vQhGjmR3ngUHOVuC','s6604062662128@email.kmutnb.ac.th','student','อภิวัฒน์','ทัสนานุตริยภรณ์',1,NULL,'2025-10-09 01:26:19','2025-10-09 01:26:19'),(1031,'s6604062663027','$2b$10$hXIwtalFs8Bo/N6qTA5H9.AqoO1C9S.DxbsD9LDsOiiS3fqM4B37i','s6604062663027@email.kmutnb.ac.th','student','กฤตนนท์','สุรวย',1,NULL,'2025-10-09 01:26:19','2025-10-09 01:26:19'),(1032,'s6604062663035','$2b$10$h9V/e39CubaX4d4Ctk3yc.zwSIwwDk6fdL2p6KtRIql6RoUygUF5e','s6604062663035@email.kmutnb.ac.th','student','กฤติยาณี','ก๋งเจริญ',1,NULL,'2025-10-09 01:26:20','2025-10-09 01:26:20'),(1033,'s6604062663051','$2b$10$hIRfIdy9J8nzSLCbC5Z1ZuZbNcUx/P8tAlB7hqeukBB8ifgzVGKR.','s6604062663051@email.kmutnb.ac.th','student','ชิตไช','จันทนารักษ์',1,NULL,'2025-10-09 01:26:20','2025-10-09 01:26:20'),(1034,'s6604062663078','$2b$10$gBflTGF7SC1tTbsQ7HaS8.qFqQg1GimoBUe4tfh8TI3aSrknKKq/q','s6604062663078@email.kmutnb.ac.th','student','ฐานทัพ','เนตรรังษี',1,NULL,'2025-10-09 01:26:20','2025-10-09 01:26:20'),(1035,'s6604062663094','$2b$10$2o3eaXn7MUH3RW499kf3i.kaGUv.PgwlVZs7pNDWuZWkKleab19cy','s6604062663094@email.kmutnb.ac.th','student','ณัฐณิชา','เมืองกลาง',1,NULL,'2025-10-09 01:26:20','2025-10-09 01:26:20'),(1036,'s6604062663108','$2b$10$hE0XdrDgaTCKuz5kUgV03uojkXmxr/.rj9/H2fzvc0sEXcTrdcntG','s6604062663108@email.kmutnb.ac.th','student','ดุลยวัต','สีแก้ว',1,NULL,'2025-10-09 01:26:20','2025-10-09 01:26:20'),(1037,'s6604062663116','$2b$10$kZvCPYqQYa6u2u/ujMNRD.t9Zz9ImiQ25mvlVMpGHknWjN7sYFK1q','s6604062663116@email.kmutnb.ac.th','student','ธนภัทร','วรรณเต็ม',1,NULL,'2025-10-09 01:26:20','2025-10-09 01:26:20'),(1038,'s6604062663124','$2b$10$tpE4WmCxw9xHNmRcn3GvG.vlTkqR3FR7gSyaF0CzfxnOqY6IfnU22','s6604062663124@email.kmutnb.ac.th','student','ธนัท','ดิเรกฤทธิรุต',1,NULL,'2025-10-09 01:26:21','2025-10-09 01:26:21'),(1039,'s6604062663132','$2b$10$uS0LVqYsemyrheWffirZWO3gHcuBV3VEOS0OWEjGn9uN0jr4PJORm','s6604062663132@email.kmutnb.ac.th','student','ธนาพิพัฒน์','มีน้อย',1,NULL,'2025-10-09 01:26:21','2025-10-09 01:26:21'),(1040,'s6604062663159','$2b$10$FIT4PidYOvJeI8EWz60CJeUe35DIKSrzINIXDY53NXcVfIMvWs.yy','s6604062663159@email.kmutnb.ac.th','student','ธีรภัทร','จุลเวช',1,NULL,'2025-10-09 01:26:21','2025-10-09 01:26:21'),(1041,'s6604062663167','$2b$10$H4zc0PPT8vZDy1i48Q7qDOOz2g/695vjYAKSN4fmoo1hSJLFGrDHG','s6604062663167@email.kmutnb.ac.th','student','ปวรุตม์','เปี่ยมกระดาษ',1,NULL,'2025-10-09 01:26:21','2025-10-09 01:26:21'),(1042,'s6604062663183','$2b$10$mWOIOt7Ep6x2kyZAsw0DyujxzCawx7Nvfw0ZNN79ZjLUKQy1S0PCK','s6604062663183@email.kmutnb.ac.th','student','พงศ์ภาณุ','ซุ่นสั้น',1,NULL,'2025-10-09 01:26:21','2025-10-09 01:26:21'),(1043,'s6604062663191','$2b$10$KslqcXFlWu/xCBe77GCAPuZzd6AddGLNsWVxsnJ6GsFIha9nLmHZ6','s6604062663191@email.kmutnb.ac.th','student','พชรพล','จีรโกวิทยภาส',1,NULL,'2025-10-09 01:26:21','2025-10-09 01:26:21'),(1044,'s6604062663205','$2b$10$cUhdBQfZqCypL7qiHot5qe70.Q/UZ6p4yXYOFvBdODg.545k09zMe','s6604062663205@email.kmutnb.ac.th','student','พัสกร','บุญยงค์',1,NULL,'2025-10-09 01:26:22','2025-10-09 01:26:22'),(1045,'s6604062663248','$2b$10$u2r6reWK.5XwpIK9ot0REO0xRLPFiD1mKJqkZ.jfLhoGiUavC2zoy','s6604062663248@email.kmutnb.ac.th','student','ภาสกร','ปั้นกาญจนโต',1,NULL,'2025-10-09 01:26:22','2025-10-09 01:26:22'),(1046,'s6604062663256','$2b$10$E4L/Q4x9zFQ99DkIet1X8OAsKfGKjrXIygPMiSPylaQwAz2DsFmYy','s6604062663256@email.kmutnb.ac.th','student','รติพล','หลิน',1,NULL,'2025-10-09 01:26:22','2025-10-09 01:26:22'),(1047,'s6604062663272','$2b$10$n0jUBYsHPoFTIIuTo5mn1ettQVK0dOdNCYHrukSOuUuK3CeIarLyO','s6604062663272@email.kmutnb.ac.th','student','วศิน','สันตยานนท์',1,NULL,'2025-10-09 01:26:22','2025-10-09 01:26:22'),(1048,'s6604062663281','$2b$10$uV0H/AuVPtbpbfb2HqRWwODgvy//bL/2V7zoCJhVMJR7Brzvryrda','s6604062663281@email.kmutnb.ac.th','student','วสุพัสน์','สอนชัย',1,NULL,'2025-10-09 01:26:22','2025-10-09 01:26:22'),(1049,'s6604062663311','$2b$10$I36Cjyt.tgtAYP2YaWIYreDwQKdZjFsfN7m9/VF.z664ZHrBO/BQe','s6604062663311@email.kmutnb.ac.th','student','ศุภณัฐ','ลองจำนงค์',1,NULL,'2025-10-09 01:26:22','2025-10-09 01:26:22'),(1050,'s6604062663329','$2b$10$LJwJSYhbMRQpiRsBfk3ZE.i5W7xl/U3Y5vdJ05FE3GgIWzV2tewMK','s6604062663329@email.kmutnb.ac.th','student','ศุภวิชญ์','ดิษฐเนตร',1,NULL,'2025-10-09 01:26:23','2025-10-09 01:26:23'),(1051,'s6604062663345','$2b$10$WxKrrcyMCaEZbjpi748qvehhuAK1K8i4gQCINfMKmQ260Oqsg95AW','s6604062663345@email.kmutnb.ac.th','student','สืบสกุล','สุวรรณสันติสุข',1,NULL,'2025-10-09 01:26:23','2025-10-09 01:26:23'),(1052,'luepol.p','$2b$10$v0CiFp05OOHxdrj1dYndNurvdBzI3bckeJVdpydxUlHUIHCVNAqzW','luepol.p@sci.kmutnb.ac.th','teacher','ผู้ช่วยศาสตราจารย์ ดร.ลือพล','พิพานเมฆาภรณ์',1,'2025-12-03 10:48:30','2025-10-13 22:27:03','2025-12-03 03:48:30'),(1053,'nikorn.s','$2b$10$zOJQ4evhMWjNJKF40x7U4OcfPtg6wWiQEmGU2e7OZBWvLriJDvt36','nikorn.s@sci.kmutnb.ac.th','teacher','ผู้ช่วยศาสตราจารย์ ดร.นิกร','สุทธิเสงี่ยม',1,NULL,'2025-10-13 22:27:39','2025-10-13 22:27:39'),(1054,'khantharat.a','$2b$10$mlzq/N8ZNJgxvNwcrr0Z6O3y6rg/qdsaImucx6CbR6D9F4nninOg.','khantharat.a@sci.kmutnb.ac.th','teacher','ผู้ช่วยศาสตราจารย์ ดร.คันธารัตน์','อเนกบุณย์',1,NULL,'2025-10-13 22:29:32','2025-10-13 22:29:32'),(1055,'apisit.r','$2b$10$4dDVtRh1alnaoK6zxrnYtumCPBA6IjXY8zQgN3XkQXdQlw3gt8HFG','apisit.r@sci.kmutnb.ac.th','teacher','ผู้ช่วยศาสตราจารย์ ดร.อภิสิทธิ์','รัตนาตรานุรักษ์',1,NULL,'2025-10-13 22:30:43','2025-10-13 22:30:43'),(1056,'san.r','$2b$10$OBf0qX2MqFRhfCww5bkMfeTuvFcwHQbnO/Nxzhj9NLbA4ugFHweTG','san.r@sci.kmutnb.ac.th','teacher','ผู้ช่วยศาสตราจารย์ ดร.สรร','รัตนสัญญา',1,NULL,'2025-10-13 22:31:07','2025-10-13 22:31:07'),(1057,'nontakorn.s','$2b$10$H2PB12VQkTTHfRXvDHKc6.8HsgXiLgK34N354DuEoEP4oovCfHRYC','nontakorn.s@sci.kmutnb.ac.th','teacher','ผู้ช่วยศาสตราจารย์ นนทกร','สถิตานนท์',1,NULL,'2025-10-13 22:31:31','2025-10-13 22:31:31'),(1058,'gridaphat.s','$2b$10$XEwTKnayd/nl9MS86RlFlur8d7Yz7m4gzOH0yhEf8bJ0qzKNNiat.','gridaphat.s@sci.kmutnb.ac.th','teacher','รองศาสตราจารย์ ดร.กฤดาภัทร','สีหารี',1,NULL,'2025-10-13 22:32:12','2025-10-13 22:32:12'),(1059,'kobkiat.s','$2b$10$dz9FimRZksWWfSD3Rvqiguq6boVX4uVgDONP0Vdrh764TaX3FKgK.','kobkiat.s@sci.kmutnb.ac.th','teacher','รองศาสตราจารย์ ดร.กอบเกียรติ','สระอุบล',1,NULL,'2025-10-13 22:32:51','2025-10-13 22:32:51'),(1060,'porawat.v','$2b$10$wlMIQr0g0BIbtC.0Z7et5.sPn9tlogY7FNBi09PEXYlm7PL5VhTw6','porawat.v@sci.kmutnb.ac.th','teacher',' รองศาสตราจารย์ ดร.ปรวัฒน์','วิสูตรศักดิ์',1,NULL,'2025-10-13 22:33:24','2025-10-13 22:33:24'),(1062,'benchaphon.l','$2b$10$93gWLM8kMAPGChiKPktXgeCcjFxJ/vrjZN.FK9NsV/IgO7RR7U4WW','benchaphon.l@sci.kmutnb.ac.th','teacher','รองศาสตราจารย์ ดร.เบญจพร','ลิ้มธรรมาภรณ์',1,'2025-10-26 01:51:08','2025-10-13 22:34:00','2025-10-25 18:51:08'),(1063,'akara.p','$2b$10$glen2U7jZcM9qgCqLQUX8uWO.9ITprgD7qD2ipBvagaFhetUgAVDm','akara.p@sci.kmutnb.ac.th','teacher','ผู้ช่วยศาสตราจารย์ ดร.อัครา','ประโยชน์',1,NULL,'2025-10-13 22:34:44','2025-10-13 22:34:44'),(1064,'suwatchai.k','$2b$10$z6YryUhKuqXX56V2yN.x0.U8V5LlSWNeUWGdksN5dJ1gxrvp6V9wW','suwatchai.k@sci.kmutnb.ac.th','teacher','ผู้ช่วยศาสตราจารย์ ดร.สุวัจชัย','กมลสันติโรจน์',1,NULL,'2025-10-13 22:35:11','2025-10-13 22:35:11'),(1065,'prachyaporn.l','$2b$10$jXghrIz.siUyWWcDpcoBoORi2ErBVG/R465iN9HSldSU9DBeZVklO','prachyaporn.l@sci.kmutnb.ac.th','teacher','อาจารย์ปรัชญาพร','เลี้ยงสุทธิสกนธ์',1,'2025-10-26 01:50:34','2025-10-13 22:36:10','2025-10-25 18:50:34'),(1066,'nuttawut.s','$2b$10$ggt6YOC3pq4nQPVn2e0FMO8ZGJ/Uh1C0AHbSH7f4E8n7joyAGq/aq','nuttawut.s@sci.kmutnb.ac.th','teacher','อาจารย์ณัฐวุฒิ','สร้อยดอกสน',1,NULL,'2025-10-13 22:36:46','2025-10-13 22:36:46'),(1067,'anusorn.w','$2b$10$CtERJQayVTu24hANZYjRPu0SENXC6eQRcu4bmtOUA71r7rP.VaAoO','anusorn.w@sci.kmutnb.ac.th','teacher','อาจารย์อนุสรณ์','วงษ์สนิท',1,'2025-12-03 13:54:31','2025-10-13 22:37:09','2025-12-03 06:54:31'),(1068,'chaibwoot.r','$2b$10$NtvcjVOyN6ISFbGsY3OsA.r3FA92I1UQrpo.nnn5VXvzzLGmzqVCu','chaibwoot.r@sci.kmutnb.ac.th','teacher','รองศาสตราจารย์ ดร.เฉียบวุฒิ','รัตนวิไลสกุล',1,NULL,'2025-10-13 22:37:36','2025-10-28 01:37:50'),(1069,'yonchanok.k','$2b$10$AN/CeSFS.ph/qn5YyBzq4.66mFfv6pepZsVGE7KhpLOifOEpa.UDC','yonchanok.k@sci.kmutnb.ac.th','teacher','อาจารย์ ดร.ยนต์ชนก','เขาแก้ว',1,NULL,'2025-10-13 22:38:52','2025-10-13 22:38:52'),(1070,'sathit.p','$2b$10$4efHEpxewu4Cj0bDVEZmwuD/upTpILjaH1zixMeoocinPWtcolP..','sathit.p@sci.kmutnb.ac.th','teacher','ผู้ช่วยศาสตราจารย์ สถิตย์','ประสมพันธ์',1,NULL,'2025-10-13 22:39:11','2025-10-13 22:39:11'),(1071,'earn.s','$2b$10$zPWSAdh6uWryk5WGiJnsMO89CstXzYqzK0RV0/JQke51sckGnF8.G','earn.s@sci.kmutnb.ac.th','teacher','อาจารย์เอิญ','สุริยะฉาย',1,NULL,'2025-10-13 22:39:48','2025-10-13 22:39:48'),(1072,'thattapon.s','$2b$10$wWYDmKa6bBo6Jh3YoGZxc.LOYw7JKFAzkhQeum08nLxXYOgjgJanm','thattapon.s@sci.kmutnb.ac.th','teacher','ผู้ช่วยศาสตราจารย์ ดร.ธรรศฏภณ','สุระศักดิ์',1,'2025-11-02 00:09:08','2025-10-13 22:40:11','2025-11-01 17:09:08'),(1073,'nattagit.j','$2b$10$/Q9BYolCeneZhEI8QVVKs.KEoEyxS.2gJphM7OE.i6wV0rW4VUx0u','nattagit.j@sci.kmutnb.ac.th','teacher','อาจารย์ ดร.ณัฐกิตติ์','จิตรเอื้อตระกูล',1,'2025-10-29 20:12:40','2025-10-13 22:41:44','2025-10-29 13:12:40'),(1074,'titinan.k','$2b$10$Ymj5.iBsdvjnY//1yEbKuOZHqaHHR4174oKu4/mIM4Ybg.dDB2hBm','titinan.k@sci.kmutnb.ac.th','teacher','นายฐิตินันท์','ขันทอง',1,NULL,'2025-10-13 22:46:23','2025-10-13 22:46:23'),(1075,'alisa.h','$2b$10$qL/QQ2x8CvVKjiNiAZ.O6ubS.GtAh7MG/zM0Ia4PkQuwnc9ZEsNR6','alisa.h@sci.kmutnb.ac.th','teacher','นางสาวอาลิษา','หุ่นไทย',1,NULL,'2025-10-13 22:47:09','2025-10-13 22:47:09'),(1076,'jantima.p','$2b$10$3SNM0mBIpCYYH7K9lsK0DuV/ysH0PBGBlZUM7nXnc0.dyUe6pkM2i','jantima.p@sci.kmutnb.ac.th','teacher','นางสาวจันทิมา','อรรฆรุจิรัตน์',1,NULL,'2025-10-13 22:47:32','2025-10-13 22:47:32'),(1077,'kriangkrai.a','$2b$10$CshWUSOJb0jqkOog3QToS.QG/gP1.6kj8Kp.f0oGNBjPuWZJeFDaC','kriangkrai.a@sci.kmutnb.ac.th','teacher','นายเกรียงไกร','เอี่ยมวงค์',1,NULL,'2025-10-13 22:47:56','2025-10-13 22:47:56'),(1078,'ousanee.b','$2b$10$aL5p6lyG5ZLkfysPx2/NK.a95pAT4iHYROa5n5zK6U474uA2ziaoS','ousanee.b@sci.kmutnb.ac.th','teacher','นางสาวอุษณีย์','บัลลังน้อย',1,NULL,'2025-10-13 22:48:43','2025-10-13 22:48:43'),(1079,'piyasiwanet.p','$2b$10$cKagrfZA2WD/tVLymEPsaeT7S.g/cpZTfI6voCupr.VxRIe.45qnK','piyasiwanet.p@sci.kmutnb.ac.th','teacher','นายปิยศิวเณศ์','พุ่มไสว',1,NULL,'2025-10-13 22:49:02','2025-10-13 22:49:02'),(1080,'s6404062630295','$2b$10$rTCPi2RMrtQQgN4kc6tW2Oza/fG3k2GZQIT7NmK806pePq.s8YWsG','s6404062630295@email.kmutnb.ac.th','student','ชินกฤต','ศรีป่าน',1,'2025-12-04 14:29:12','2025-10-13 23:31:49','2025-12-04 07:29:12'),(1081,'s6404062610294','$2b$10$cRH82rmeZtwK.2Ucpcmid.cZJq7.h6hC.v4oKBcKmBKFcJlnWrce.','s6404062610294@email.kmutnb.ac.th','student','นิวัฒน์','เสียงใส',1,'2025-11-09 23:31:47','2025-10-14 07:23:54','2025-11-09 16:31:47'),(1082,'s6404062610049','$2b$10$xz/hRhO5Zy5P9gt/VQoVz.HfnbL.SxoEEhjRORvaPctp0ZKJamJXy','s6404062610049@email.kmutnb.ac.th','student','ชมพูภูคา','ทันตาหะ',1,NULL,'2025-10-15 02:10:39','2025-10-15 02:49:49'),(1083,'s6404062610081','$2b$10$aDGSIgu0UWXZNEoYFNz0IOz/cR2kVMPn3xvDhsYHMupMn5Fe1euh6','s6404062610081@email.kmutnb.ac.th','student','ธัชไธย์','ดวงงาม',1,'2025-10-24 15:09:24','2025-10-15 02:10:39','2025-10-24 08:09:24'),(1084,'s6404062610120','$2b$10$m7miMuTuH5mEQKbG3IvK4uNVF4GDEs8vnZI6.1srYIEYb3OuwnK/2','s6404062610120@email.kmutnb.ac.th','student','ปิติกร','วงศ์ทองอ่อน',1,NULL,'2025-10-15 02:10:39','2025-10-15 02:50:25'),(1085,'s6404062610162','$2b$10$g.t0SlpZb52O4VTOB1FP..qxHUXbeEeOT42tbnNRxog2YBmqPJglm','s6404062610162@email.kmutnb.ac.th','student','พีรภัทร','ต้นคำ',1,NULL,'2025-10-15 02:10:39','2025-10-15 02:50:36'),(1086,'s6404062610171','$2b$10$Ago9gxxAIu3veAzqFiL0z.2sHFcaLzt9N7pEo9fgryGbZB5wJxy/W','s6404062610171@email.kmutnb.ac.th','student','พุทธคุณ','สวนสำราญ',1,'2025-10-24 16:35:52','2025-10-15 02:10:39','2025-10-24 09:35:52'),(1087,'s6404062610278','$2b$10$Sw4Hzq1S2VI5VdMCH/xO8.4TUKe5JQBRm/mVYTZW/60y2HkpusgGa','s6404062610278@email.kmutnb.ac.th','student','ธาดาพงศ์','สุนทรดำรงศักดิ์',1,NULL,'2025-10-15 02:10:39','2025-10-15 02:51:12'),(1088,'s6404062610324','$2b$10$Q.TFjCa5isTWt9huVsou2.IU9aF8GRqMampRUMP/beh8dPHl.hCrG','s6404062610324@email.kmutnb.ac.th','student','พชร','วรวัตร',1,'2025-11-01 22:22:53','2025-10-15 02:10:40','2025-11-01 15:22:53'),(1089,'s6404062610430','$2b$10$asDsU4SBDimgGb7j5V2Fle6LCcbz5IfhBbfgAsuKIUfrBiOlYCN2m','s6404062610430@email.kmutnb.ac.th','student','ภานุพล','นิลทับ',1,NULL,'2025-10-15 02:10:40','2025-10-15 05:20:27'),(1090,'s6404062610464','$2b$10$cp8VtzusjKxJPcc8yaJ34.An35MmjenYaq1K.dAF8gEQqKuvpWM6.','s6404062610464@email.kmutnb.ac.th','student','ชุติกาญจน์','ซีด้าม',1,'2025-10-30 22:53:50','2025-10-15 02:10:40','2025-10-30 15:53:50'),(1091,'s6404062610481','$2b$10$Ilv3CgvN03oeaRFjRmp26OiFgPbvnD80dC1D9TdUoHMmcDJipJs9.','s6404062610481@email.kmutnb.ac.th','student','ธนวัฒน์','กามะ',1,NULL,'2025-10-15 02:10:40','2025-10-15 05:21:15'),(1092,'s6404062616012','$2b$10$SBAlLR1UQFgtgjPH5SxNxOeQmRzjfCcaju9GXul463Heo9yVA3XUq','s6404062616012@email.kmutnb.ac.th','student','ทัตเทพ','ผิรังคะเปาระ',1,NULL,'2025-10-15 02:10:41','2025-10-15 05:21:46'),(1093,'s6404062616021','$2b$10$APqv1Db/1S3M5vEFsAzy4.JYD4KpHbW5RA5kEbzzmkEfbKMheKC6y','s6404062616021@email.kmutnb.ac.th','student','รัชกฤช','ถิรสัตยาภิบาล',1,NULL,'2025-10-15 02:10:41','2025-10-15 05:22:15'),(1094,'s6404062616039','$2b$10$nIJeXruL8AzH1sMNkB/SReWxiTQXMBGva.NoirID9B6e/F80SlvNC','s6404062616039@email.kmutnb.ac.th','student','ศุภกานต์','บินไกรมาท์',1,NULL,'2025-10-15 02:10:41','2025-10-29 08:55:54'),(1095,'s6404062616047','$2b$10$H4uUPkBP2swglnZ7GzBlaOWRDQmuUfHvIf4gyV8q3mY7u2kFBWJJW','s6404062616047@email.kmutnb.ac.th','student','อรธนัท','ปิ่นทองธรรม',1,'2025-10-24 01:28:07','2025-10-15 02:10:41','2025-10-23 18:28:07'),(1096,'s6404062616055','$2b$10$L6iByu0rFsqdqOxUKsJdCeQQ1xnEbb/XVkS4UPnqsDf9VypBaag4a','s6404062616055@email.kmutnb.ac.th','student','เมธัส','อ่อนนวล',1,'2025-10-24 23:02:38','2025-10-15 02:10:41','2025-10-24 16:02:38'),(1097,'s6404062620028','$2b$10$JYkGzwCXaH2dfSJUvmKMgOnsW.dgMoM7/T57/gHGCjwiomiAI9tQ6','s6404062620028@email.kmutnb.ac.th','student','อลงกรณ์','มานะสกุลกิจ',1,NULL,'2025-10-15 02:10:41','2025-10-15 05:24:05'),(1098,'s6404062620109','$2b$10$0iOuBtO2w0F8dCRGTkTR5O81EK2o2W7BYVliuZ0taYq98mEkXOQ2q','s6404062620109@email.kmutnb.ac.th','student','อานุภาพ','ขันโชค',1,'2025-10-30 20:57:11','2025-10-15 02:10:42','2025-10-30 13:57:11'),(1099,'s6404062620125','$2b$10$.sQ4DKEGNJ9QXS3s2DLAKeDRhQOa/xJQRcospgyeRwBBqOf/t1eMy','s6404062620125@email.kmutnb.ac.th','student','กัญญาพัชร','ก้อนนิล',1,'2025-10-28 13:29:49','2025-10-15 02:10:42','2025-10-28 06:29:49'),(1100,'s6404062620141','$2b$10$xTK8YYg6b0n9vnUY/pnVmeoAH9ReCgdbJyNzRiZhRHIKGKxEoivyi','s6404062620141@email.kmutnb.ac.th','student','ณัฐภัทร','เเจ้งโพธิ์นาค',1,'2025-10-26 20:24:26','2025-10-15 02:10:42','2025-10-26 13:24:26'),(1101,'s6404062630074','$2b$10$zjhefZUFTZVGx2QGZCwtMO3.tjKl2Swj10fHUXKpsJF5U1sf14KGu','s6404062630074@email.kmutnb.ac.th','student','ณัฐภัทร','ชนะพล',1,'2025-10-29 17:26:29','2025-10-15 02:10:42','2025-10-29 10:26:29'),(1102,'s6404062630104','$2b$10$XCxARANw/q/6YbSv/hHm8.P4z5JMbUhuHitcFctFz0Sjghwr3lsx6','s6404062630104@email.kmutnb.ac.th','student','นครินทร์','วรรณโร',1,NULL,'2025-10-15 02:10:42','2025-10-15 05:25:39'),(1103,'s6404062630139','$2b$10$60hgOZQ7gNu/XQ28oAQ18.O54KbuD7oiTHax4kVyYOzu6GuBH3T8S','s6404062630139@email.kmutnb.ac.th','student','ภูปกรณ์','ธาระแดน',1,NULL,'2025-10-15 02:10:43','2025-10-15 05:26:09'),(1104,'s6404062630147','$2b$10$rqGz0ro4u2kgtkW06zQYzOPzMJbOrwR5ZvEkh0suqU3lHF5PcJOwu','s6404062630147@email.kmutnb.ac.th','student','เลิศณัฐชัย','จันทร์พุ่ม',1,NULL,'2025-10-15 02:10:43','2025-10-15 05:26:34'),(1105,'s6404062630180','$2b$10$EH1uS2EnF7DdjuansudwYu4CCVjHqZtU79QnTUwBG82HfzN0w7SL.','s6404062630180@email.kmutnb.ac.th','student','สกลณภัทร','หวังเศรษฐกุล',1,NULL,'2025-10-15 02:10:43','2025-10-15 05:26:53'),(1106,'s6404062630210','$2b$10$qnIxMcdyGZgKWPjV/1hzhO6OYXgJETdfokDEthOl4vxWqSxrSl5jC','s6404062630210@email.kmutnb.ac.th','student','กนกพล','อุดรวงค์',1,NULL,'2025-10-15 02:10:43','2025-10-15 05:27:14'),(1107,'s6404062630244','$2b$10$Z6AbbrcYMmlbTd7XFTSPwuMYKEuyV7qIkthsnTV8K1dQuUdnx8TS.','s6404062630244@email.kmutnb.ac.th','student','คิรากร','กัลยพฤกษ์',1,NULL,'2025-10-15 02:10:43','2025-10-15 05:27:29'),(1108,'s6404062630333','$2b$10$VPk.HIZ07h5RZf/jmwzXZu8bvypOfBz5nP.WQQSkZzWNFHsTtKdYy','s6404062630333@email.kmutnb.ac.th','student','ณัฐภัทร','พึ่งภักดี',1,'2025-10-30 23:30:25','2025-10-15 02:10:43','2025-10-30 16:30:25'),(1109,'s6404062630457','$2b$10$pigaVUyCl8sW6LcJsjSTLeIV7Bpfmg9uoJlBV6b8ado4BIDTXRE6W','s6404062630457@email.kmutnb.ac.th','student','พงศ์พล','มากเกษม',1,NULL,'2025-10-15 02:10:44','2025-10-15 05:31:12'),(1110,'s6404062630465','$2b$10$eAHudjUr8WUhb3R/i8WWaO/eaus7MLUAgYV74hdvQ7znHjqYNge/e','s6404062630465@email.kmutnb.ac.th','student','พรรณวษา','ลิ้มสุวรรณ',1,NULL,'2025-10-15 02:10:44','2025-10-15 05:31:30'),(1111,'s6404062630490','$2b$10$y2.1HpVGoM4QPFiNBrC3cObSrPWUfk.mGqst8DrbMVlATbN5Dty7.','s6404062630490@email.kmutnb.ac.th','student','ภานุกร','ยิ่งอินทร์',1,NULL,'2025-10-15 02:10:44','2025-10-15 05:31:46'),(1112,'s6404062630538','$2b$10$xBhGIS.XsaDxPXnGIXlaJehpXV427dAYSiIv6WzP/j/MHAinYmOf6','s6404062630538@email.kmutnb.ac.th','student','ยุทธพงษ์','สมสกุล',1,NULL,'2025-10-15 02:10:44','2025-10-15 05:32:10'),(1113,'s6404062636013','$2b$10$GY/kJvw2gEtVpAjqy1WNPexoUe5WohplgT7Jy1AqqIsDszon5YvXK','s6404062636013@email.kmutnb.ac.th','student','กิตติวัฒน์','นิลโท',1,NULL,'2025-10-15 02:10:44','2025-10-15 05:32:28'),(1114,'s6404062636021','$2b$10$Y97VLZDDmJXgXmhQ.DpBXu0EaVadL9OqZY534VyYhzrZ8.5swbLX6','s6404062636021@email.kmutnb.ac.th','student','ชิตพล','โพธิ์อ่อง',1,NULL,'2025-10-15 02:10:45','2025-10-15 05:32:44'),(1115,'s6404062636030','$2b$10$/Fq9hLllEhgmcjQSVnGvZOjELKXvjrp0JpdLafT2VNFTUcWIBZFF.','s6404062636030@email.kmutnb.ac.th','student','ณัฐนันท์','จอสูงเนิน',1,NULL,'2025-10-15 02:10:45','2025-10-15 05:33:04'),(1116,'s6404062636048','$2b$10$/y/uMEAh/dhoZz/GcrtKG.M/P0ha7yKYLrxDWIro1818asFwIT6dG','s6404062636048@email.kmutnb.ac.th','student','ทัตไท','ธรรมวงศ์การ',1,NULL,'2025-10-15 02:10:45','2025-10-15 05:33:19'),(1117,'s6404062636064','$2b$10$F5iWVnjZGT8PIiEFmG40FOxSar/tR3yUYddfTt5VBEpiZVXzI3zGS','s6404062636064@email.kmutnb.ac.th','student','ธรรมนูญ','ภูแก้ว',1,NULL,'2025-10-15 02:10:45','2025-10-15 05:33:32'),(1118,'s6404062636072','$2b$10$AD0GnbkCsICZbbnlZuohV.s6DT1sgRQW7/RzAcy6a24jV9vsU3w9y','s6404062636072@email.kmutnb.ac.th','student','ปวริศ','ศรีทอง',1,NULL,'2025-10-15 02:10:45','2025-10-15 05:34:13'),(1119,'s6404062636153','$2b$10$vzsabMUSNK/G7XmRd3b6EuMn50v50IzUKd1NrQXKhq9Aha3GVdBeO','s6404062636153@email.kmutnb.ac.th','student','สุชาติ','ขุนทอง',1,'2025-10-29 21:06:36','2025-10-15 02:10:45','2025-10-29 14:06:36'),(1120,'s6404062636188','$2b$10$m6T1jxV.W/VLHRCzKZ0Rou6U6maozgQtDIzOCfvtL3fhNDK8YkvXq','s6404062636188@email.kmutnb.ac.th','student','กฤติน','จันทรประชุม',1,NULL,'2025-10-15 02:10:46','2025-10-15 05:34:47'),(1121,'s6404062636234','$2b$10$72.BAtdeFE6ElkLJzK3jxO3Qr5c6p1IKpBjb6PT/L2624zn89hzf.','s6404062636234@email.kmutnb.ac.th','student','ชินาธิป','นวลละออ',1,NULL,'2025-10-15 02:10:46','2025-10-15 05:35:05'),(1122,'s6404062636323','$2b$10$bNSHZk2nfbz62JWPv7Arhue4mLs8IIExlELKnUR9/4wSytXq9mj0m','s6404062636323@email.kmutnb.ac.th','student','นัทธพงษ์','รักกฤษ',1,NULL,'2025-10-15 02:10:46','2025-10-15 05:35:25'),(1123,'s6404062636340','$2b$10$cvNGABbdRS5McYzFwQrT5e7tpx7VJbDQPLptAX0wLMKa8FtHgpGTO','s6404062636340@email.kmutnb.ac.th','student','ปกเกล้า','ศรีนอม',1,NULL,'2025-10-15 02:10:46','2025-10-15 05:35:47'),(1124,'s6404062636358','$2b$10$KIxs8FcjsWpWmcxlQVLLL.pRUsXO0PEzfpP5EvZrmn8VT5GWFUJDi','s6404062636358@email.kmutnb.ac.th','student','ปธานิน','ธิมา',1,'2025-10-26 00:57:09','2025-10-15 02:10:46','2025-10-25 17:57:09'),(1125,'s6404062636366','$2b$10$M.JgdqRY1Jtf.o3UDNAvxuHrXvvkhuSR7V0yzqgbPDZO/ooj.2qzC','s6404062636366@email.kmutnb.ac.th','student','ปภัสรา','สานุทัศน์',1,NULL,'2025-10-15 02:10:47','2025-10-15 05:36:24'),(1126,'s6404062636439','$2b$10$UblUlRtsTjSE6O0sfS5Rb.81m/JAEEROelxaegCVocAbNIRKdWxH.','s6404062636439@email.kmutnb.ac.th','student','รัชตะ','เจริญสง่า',1,NULL,'2025-10-15 02:10:47','2025-10-15 05:42:06'),(1127,'s6404062636447','$2b$10$.VIqq.veWcxHnISNQs1/w.4JFY7QYrLrznotJmuDf7GDPxKqxgT/W','s6404062636447@email.kmutnb.ac.th','student','รัตน์','คงคารัตน์',1,NULL,'2025-10-15 02:10:47','2025-10-15 05:42:36'),(1128,'s6404062636455','$2b$10$Ox.BRtdhU7Q4QjZeXYBvWO2yPCFLFHR70141Y8ZjCPVdQHT6kpBuy','s6404062636455@email.kmutnb.ac.th','student','เรืองยศ','เธียรทิพย์วิบูล',1,NULL,'2025-10-15 02:10:47','2025-10-15 05:42:52'),(1129,'s6404062636471','$2b$10$1AT9djjW.ccoM9Kbwyga6.esmTb8dW2EMM.hyGRwDehgcqn24RSPu','s6404062636471@email.kmutnb.ac.th','student','วรภัทร','เอื้อวงศ์',1,NULL,'2025-10-15 02:10:47','2025-10-29 08:56:21'),(1130,'s6404062636501','$2b$10$7hhzjT6F2QSGt14Rg3xn3eZmTwEAqI1GQl46qmPSGi92uYqG5bIru','s6404062636501@email.kmutnb.ac.th','student','วีรภัส','ตัญญะวังรัตน์',1,NULL,'2025-10-15 02:10:47','2025-10-15 05:44:32'),(1131,'s6404062636536','$2b$10$W7BJrnlgH/5wqULBpq9iJOwUXWC6IvSA01T/ShxuAVEdQ7zy.4D8m','s6404062636536@email.kmutnb.ac.th','student','สันติรัฐ','อารีพรสมสุข',1,NULL,'2025-10-15 02:10:47','2025-10-15 05:54:00'),(1132,'s6404062636544','$2b$10$QRdZbVX.BYfSiRrN1ckyS.hWxQErBdkCbD09VovjgbjnLJsrVcqeq','s6404062636544@email.kmutnb.ac.th','student','สิทธิพงษ์','วงศ์สุวรรณ',1,'2025-10-29 20:21:41','2025-10-15 02:10:48','2025-10-29 13:21:41'),(1133,'s6404062636552','$2b$10$0I2jkEwUqdCyGCKug5g/ju39tf09xEYg1wUS/D4eVE0GQE7Mxc8b2','s6404062636552@email.kmutnb.ac.th','student','อธิสันต์','ณิชารัตน์ติกรณ์',1,NULL,'2025-10-15 02:10:48','2025-10-15 05:46:54'),(1134,'s6404062663011','$2b$10$tYRlOkyqi.FlhCweOLZT1u6foxbbJLtZ5tlBOtJby7Ong7EHGMVcG','s6404062663011@email.kmutnb.ac.th','student','เกรียงกมล','พรศิริอนันต์',1,NULL,'2025-10-15 02:10:48','2025-10-15 05:47:10'),(1135,'s6404062663029','$2b$10$poXHf2Tg3bQbGilB.NylfOT8BmS.dSa2108HZ5IuCHKmSYPrjcRJS','s6404062663029@email.kmutnb.ac.th','student','จิดาภา','ไชยกุล',1,NULL,'2025-10-15 02:10:48','2025-10-15 05:47:29'),(1136,'s6404062663037','$2b$10$XedmUQTDN57GFKdoPU.2WumUJU1A3e9uOl2h2JLRSar77UFmrqHES','s6404062663037@email.kmutnb.ac.th','student','จิตรภาณุ','คุ้มดี',1,NULL,'2025-10-15 02:10:48','2025-10-15 05:47:46'),(1137,'s6404062663061','$2b$10$SdqFQNOurhQzow7cdwL0r.cNFfO2SsvtOx2KjbiX4pdu5ixq22f7e','s6404062663061@email.kmutnb.ac.th','student','ธนวรรณ','วงศ์ชัย',1,NULL,'2025-10-15 02:10:49','2025-10-15 05:48:07'),(1138,'s6404062663070','$2b$10$c1ZbM.jvuciXYKkD76Be1OTNOG4UGwoqYHYdUWw75M68BpT7NJ4gC','s6404062663070@email.kmutnb.ac.th','student','มิ่งณวัส','กิตติมาสถาพร',1,NULL,'2025-10-15 02:10:49','2025-10-15 05:48:22'),(1139,'s6404062663088','$2b$10$jMzq6Yom9croF4fGpvact.URt7M0nVhu7S8J2sS4GjMOEFalmRrW6','s6404062663088@email.kmutnb.ac.th','student','ศุภิสรา','ฮงคะนาค',1,'2025-10-29 20:45:49','2025-10-15 02:10:49','2025-10-29 13:45:49'),(1140,'s6404062663118','$2b$10$5gSJpJWEnHzFOlzElPlnA.pnimUZdcXLPNfCY/nozpJZkXMJ8mge.','s6404062663118@email.kmutnb.ac.th','student','จารุศิริ','กอบแก้ว',1,NULL,'2025-10-15 02:10:49','2025-10-15 05:49:02'),(1141,'s6404062663134','$2b$10$WNlUl2qQclnCDwAZNImxqeGdr6m8sEzrk8gZgfFeuqWr79boaJbei','s6404062663134@email.kmutnb.ac.th','student','ณัฐภัทร','เงินชูศรี',1,NULL,'2025-10-15 02:10:49','2025-10-15 05:49:22'),(1142,'s6404062663193','$2b$10$fgi0SLOdAaIsBuQsewzU7./jdB.DnXc3BYO6wwsFp7dnSXmRvJTAC','s6404062663193@email.kmutnb.ac.th','student','นิติพัฒน์','เตชธนานุรักษ์',1,'2025-11-04 20:39:39','2025-10-15 02:10:49','2025-11-04 13:39:39'),(1143,'s6404062663215','$2b$10$XFTtBygykv5IKl6zenSZoO2493nvYz1p5c4WjBnkLa6yn5X9n06Wm','s6404062663215@email.kmutnb.ac.th','student','พิชชากร','กองมาย',1,NULL,'2025-10-15 02:10:50','2025-10-15 05:49:52'),(1144,'s6404062663231','$2b$10$vS2jXm.0Gzc9LEGiF054R.LSTZWea2nnbWVxk3whhpA4SIcStLkL.','s6404062663231@email.kmutnb.ac.th','student','ภาณุวิชญ์','เรืองกิจภิญโญกุล',1,NULL,'2025-10-15 02:10:50','2025-10-15 05:50:05'),(1145,'s6404062663258','$2b$10$kZtWFIAsRjTUEjgegXTeZuK6dtdLCBYUJm3el69tYEAy4K8FpOTIO','s6404062663258@email.kmutnb.ac.th','student','วรรณรัชต์','สกุลศึก',1,NULL,'2025-10-15 02:10:50','2025-10-15 05:50:18'),(1146,'s6404062663266','$2b$10$nTJqESPHYGtNS0HFXTHzEuHBGCloJPDRDIoFZquPcDZ.1Jpz5TUJq','s6404062663266@email.kmutnb.ac.th','student','ศุภกฤต','แก้วผลึก',1,NULL,'2025-10-15 02:10:50','2025-10-15 05:50:32'),(1147,'s6404062663282','$2b$10$Xj.9oD/IYca6BRwWrWTb2OyyjAwla.vALZA3Fay.4P8hXEMhcaM3.','s6404062663282@email.kmutnb.ac.th','student','สุประวีณ์','เฮงจีระสิทธิ์',1,NULL,'2025-10-15 02:10:50','2025-10-15 05:50:50'),(1148,'s6304062616013','$2b$10$BOpSksYFeWpWkSMfn4Kfvuen8/huOPWzIdn6HX0w4tS/8.MReYQ.i','s6304062616013@email.kmutnb.ac.th','student','กริน','นนทจิตต์',1,NULL,'2025-10-15 02:22:55','2025-10-15 02:31:49'),(1149,'s6304062616072','$2b$10$1c32afvfMMTVd2rxNuUO5u0ZaE28wG/Xv1Mj.Y3AOTjIjUrNIwOWi','s6304062616072@email.kmutnb.ac.th','student','จุฬารัตน์','บุญจันทร์',1,NULL,'2025-10-15 02:22:55','2025-10-15 02:31:55'),(1150,'s6304062616153','$2b$10$xi3PTWBefQcvyXVKIwpkR.5tOU1EAc9qbkhTE.f8Yp.ZjunF0fQcy','s6304062616153@email.kmutnb.ac.th','student','เบญญาภา','ชวเจริญพันธ์',1,NULL,'2025-10-15 02:22:55','2025-10-15 02:32:01'),(1151,'s6304062616188','$2b$10$FCIi5IfQnctb6DtjsXlLB.Xj.x57MCKWjmH0yp2hunXvbVGEDXlcG','s6304062616188@email.kmutnb.ac.th','student','ปิยวรรณ','แปงนุจา',1,NULL,'2025-10-15 02:22:55','2025-10-15 02:32:06'),(1152,'s6304062616251','$2b$10$eTFbj.n0a.o1Q9GT7CuX3eY9GCW1jfFmNNQMAAJI/njsLwYrTGY9C','s6304062616251@email.kmutnb.ac.th','student','วรพล','บุญลือพันธ์',1,NULL,'2025-10-15 02:22:55','2025-10-15 02:32:12'),(1153,'s6304062616285','$2b$10$a0/GwyNBapn.VCwFpJhfdO4zfyOMXZCncPRSSBVcYzCcVcH8acngG','s6304062616285@email.kmutnb.ac.th','student','สุวิจักขณ์','วิตตินานนท์',1,NULL,'2025-10-15 02:22:56','2025-10-15 02:32:19'),(1154,'s6304062616293','$2b$10$Hi4hjtfC6hC7RFXul.u6Yua6ir7.WI4CA76/kuw.5ZjqsL.63Z8s.','s6304062616293@email.kmutnb.ac.th','student','อนพัทย์','หมั่นการนา',1,NULL,'2025-10-15 02:22:56','2025-10-15 02:32:25'),(1155,'s6304062620061','$2b$10$uYeh0DFN3OTuRcMq2.xjDuqyyAA5lH20acObA89Ag4MZc6QQkACve','s6304062620061@email.kmutnb.ac.th','student','ณัชริกา','กันทะสอน',1,NULL,'2025-10-15 02:22:56','2025-10-15 02:32:30'),(1156,'s6304062630245','$2b$10$0UcDCkIhvFcWNPma.5IuxumLbO3wR7IHd7ignRvAzDHEjM3/zWX7a','s6304062630245@email.kmutnb.ac.th','student','ปาลิตา','บุญเกื้อ',1,NULL,'2025-10-15 02:22:56','2025-10-15 02:32:35'),(1157,'s6304062630351','$2b$10$z6S904KPg9XWeCxMqGtZS.2k7o7l65LW5Lf0s27aTbbBevoXmXTki','s6304062630351@email.kmutnb.ac.th','student','พุฒิพงศ์','ทรัพย์ประสงค์',1,NULL,'2025-10-15 02:22:56','2025-10-15 02:32:41'),(1158,'s6304062630385','$2b$10$0KNuZjF1BMhaPXLF/njNFevQtIYBAu.yFGoWTYg6C.q4Q1JmUucvu','s6304062630385@email.kmutnb.ac.th','student','ภคพล','นงค์จั่น',1,NULL,'2025-10-15 02:22:57','2025-10-15 02:32:54'),(1159,'s6304062636049','$2b$10$dX1/OwGund0LL/lUeiYQJOFDyEbmor.GoCRjuqfZZszqQW0V6TAgW','s6304062636049@email.kmutnb.ac.th','student','คุณนนท์','ลิ่มสุวรรณ์',1,NULL,'2025-10-15 02:22:57','2025-10-15 02:33:00'),(1160,'s6304062636057','$2b$10$Hd9OxH2YOLxjb8ahLJZEL.Xjj7l7K05vQVcJVV4r7jHyOb8G70Imm','s6304062636057@email.kmutnb.ac.th','student','จักรพงษ์','บุญเงิน',1,NULL,'2025-10-15 02:22:57','2025-10-15 02:33:06'),(1161,'s6304062636120','$2b$10$X3RHnl9So8gxyxI/9SNYrezYi24f/oYzCAiSt70eoyRDvzi8kp6m2','s6304062636120@email.kmutnb.ac.th','student','ทรงธรรม','คงสมปราชญ์',1,'2025-11-01 23:05:13','2025-10-15 02:22:57','2025-11-01 16:05:13'),(1162,'s6304062636138','$2b$10$4BaTNaXBNus/YHcX8nbc1.S4TJQO/l9gAGhdHmqF00LWOvCyptFAW','s6304062636138@email.kmutnb.ac.th','student','ทศวรรษ','พูลสวัสดิ์',1,NULL,'2025-10-15 02:22:57','2025-10-15 06:52:38'),(1163,'s6304062636235','$2b$10$SDwiqZAlju/EugDDfp0Ov.MIiG3jVuFmicJZhG0zN.biVQC6/mD7.','s6304062636235@email.kmutnb.ac.th','student','ภานุพงศ์','ปุญเขตต์',1,NULL,'2025-10-15 02:22:57','2025-10-15 02:33:26'),(1164,'s6304062660012','$2b$10$Pl1TszA2d87dfnwRymHHLeNSWGOClEY/oZUqNWQSPlG.WxKzseIyK','s6304062660012@email.kmutnb.ac.th','student','ธีรภัทร์','ศรีบัวพันธุ์',1,NULL,'2025-10-15 02:22:58','2025-10-15 02:33:34'),(1165,'s6304062660039','$2b$10$o4tdtXqGhQE6DBrMHYhqfOgaPWFDXvfgw7bacLVi7UFlE4UzX1Gpq','s6304062660039@email.kmutnb.ac.th','student','กวิน','ไชยธวัช',1,NULL,'2025-10-15 02:22:58','2025-10-15 02:33:42'),(1166,'s6304062660047','$2b$10$6UG.dHbCDisxlXokn/x9oecWDmAa6fzNE5K1lBdeOK/M0VNBhKEe6','s6304062660047@email.kmutnb.ac.th','student','พรพิพัฒน์','อุตมวุฒิกำจร',1,NULL,'2025-10-15 02:22:58','2025-10-15 02:34:25'),(1167,'s6304062660055','$2b$10$TLqZloLED/8ABJclgPLTveY0JgS374oLtJIHB1qAG6fj7u9e/97Ky','s6304062660055@email.kmutnb.ac.th','student','อาภาวุฒิ','รื่นอารมย์',1,NULL,'2025-10-15 02:22:58','2025-10-15 02:34:37'),(1168,'s6304062663054','$2b$10$sdlRwp816x1.p1zHMmfZqup6NmTFFA6eDojhxhcx51YLbtK2jpBGG','s6304062663054@email.kmutnb.ac.th','student','ธานี','ศรีภิรมย์',1,NULL,'2025-10-15 02:22:58','2025-10-15 02:35:04'),(1169,'s6304062663071','$2b$10$ydFo8dP0fsQSF4tsvNqDcOxyuBvWBxFcNuVcXsJYXIPcBPNWnZ8gi','s6304062663071@email.kmutnb.ac.th','student','ภาณุพงศ์','สิงห์ดี',1,NULL,'2025-10-15 02:22:58','2025-10-15 02:35:09'),(1170,'s6204062610067','$2b$10$urNS7oOl4Iy.ldwFDsZ3denZCVolrnke2YPJUlbOJ.umPpE49QJQa','s6204062610067@email.kmutnb.ac.th','student','นครินทร์','สุขแพ',1,NULL,'2025-10-15 02:23:22','2025-10-15 02:29:37'),(1171,'s6204062616031','$2b$10$c1LiPlSIdWT2PIwAWZy8Yuoy7uCS6t4o8HYvnaUikLCxwklbUdm8u','s6204062616031@email.kmutnb.ac.th','student','เจนวิทย์','มุงสูงเนิน',1,NULL,'2025-10-15 02:23:22','2025-10-15 02:29:46'),(1172,'s6204062616201','$2b$10$Py3H8mmGzWAk2UbUedUAsOKqwpu2muIQMIAfFx3LVeir/bgV59iDm','s6204062616201@email.kmutnb.ac.th','student','วริทธิ์ธร','ปรียวัฒนา',1,NULL,'2025-10-15 02:23:23','2025-10-15 02:29:55'),(1173,'s6204062620194','$2b$10$j82gvuEjIoTUuC7N.Z0cX.TwmqY5e9gr2dSNA7fSMGqdm1Y1Bqqym','s6204062620194@email.kmutnb.ac.th','student','จิรสิน','คงศิริ',1,NULL,'2025-10-15 02:23:23','2025-10-15 02:30:02'),(1174,'s6204062630114','$2b$10$xnLtHJsE/ck/Dy85DbO/yuCTkOa4o8kWM0rJdz8HPCYowRBQwBB8u','s6204062630114@email.kmutnb.ac.th','student','พัชรินทร์','คำมะนา',1,NULL,'2025-10-15 02:23:23','2025-10-15 02:30:11'),(1175,'s6204062630157','$2b$10$SeBG..iIxkd24A1u.1DfvOMyx7rpkWhtlANof0XMhRrC5G7IM/PHC','s6204062630157@email.kmutnb.ac.th','student','กิตติมา','มูลอามาตร',1,NULL,'2025-10-15 02:23:23','2025-10-15 02:30:18'),(1176,'s6204062630165','$2b$10$KQRIfaTgFYVaGQrEP5D1ceThh/0lJlkapmTfyUcFSs00FTRvANf1.','s6204062630165@email.kmutnb.ac.th','student','ณัฐมน','มิตตานนท์สกุล',1,NULL,'2025-10-15 02:23:23','2025-10-15 02:30:25'),(1177,'s6204062630301','$2b$10$gxnB1QCdSo7z0PyS.lhho.TEQv5Q8hQOFxtKN.4oHj9JUsgl0sU3W','s6204062630301@email.kmutnb.ac.th','student','อรรณพ','ปั้นม่วงแดง',1,NULL,'2025-10-15 02:23:23','2025-10-15 02:30:32'),(1178,'s6204062630327','$2b$10$yWX7mzC.rt9TGJSYUnbI9eGl7sEGkCuoXTqqFvZ6Xgi3V9UAiuw6O','s6204062630327@email.kmutnb.ac.th','student','สิริอาภา','ปานทอง',1,NULL,'2025-10-15 02:23:24','2025-10-15 02:30:42'),(1179,'s6204062630335','$2b$10$9FLCzQmrqkFZkVu4g/s2cOiGkX5wvBOvI9/IBreyiMdPw0Aj.GNr2','s6204062630335@email.kmutnb.ac.th','student','พีรพัฒน์','ศรียานนท์',1,NULL,'2025-10-15 02:23:24','2025-10-15 02:30:47'),(1180,'s6204062630521','$2b$10$eHPqsu5JJKbBtOXdEGwA7Oa19yU1QoMhoG.CGS4Y7fQo4xz.Qpjti','s6204062630521@email.kmutnb.ac.th','student','อัครชัย','มีศิริ',1,NULL,'2025-10-15 02:23:24','2025-10-15 02:30:54'),(1181,'s6204062630653','$2b$10$or3zCkolnD3cqJR4XtFfrOZQZkHUupxRNhG1jEGlpGHknjaPKX6ni','s6204062630653@email.kmutnb.ac.th','student','ภัทราพร','บรรจงเกตุ',1,NULL,'2025-10-15 02:23:24','2025-10-15 02:31:01'),(1182,'s6204062630777','$2b$10$Oq3mG8OoAacx0tv.kdWiiuRt7CPaQSIvng/VVeosXJkqf6gl2hVs.','s6204062630777@email.kmutnb.ac.th','student','เจษฎาพร','ช้างเผือก',1,NULL,'2025-10-15 02:23:24','2025-10-15 02:31:08'),(1183,'s6204062636058','$2b$10$oI5Eog9qKrS5CS7ez8Yecup1.O11cd8Il3Ql2sGVTLvgGKgUx.9oO','s6204062636058@email.kmutnb.ac.th','student','จุฑามณี','ทัพทวี',1,NULL,'2025-10-15 02:23:24','2025-10-15 02:31:15'),(1184,'s6204062636198','$2b$10$rkiNd6cs9MefglvbjFnMMO8PBYVrx2DIsv8G8KrtMx0BmgKnIMYTW','s6204062636198@email.kmutnb.ac.th','student','ภาคภูมิ','สุวรรณวิจิตร',1,NULL,'2025-10-15 02:23:25','2025-10-15 02:31:21'),(1185,'s6204062636309','$2b$10$v9CGsD8W9nrMxEKFkL1WTevOTNhpCwS5wPSagIjOTdGxqsoMEuaY6','s6204062636309@email.kmutnb.ac.th','student','สุทธิพงษ์','สระแก้ว',1,NULL,'2025-10-15 02:23:25','2025-10-15 02:31:27'),(1186,'s6204062663055','$2b$10$HR5pytDt8v5IO7ddWDzCPOq0STqzdT5uaXGbxYQOhtkrR7Cxkswmm','s6204062663055@email.kmutnb.ac.th','student','บุญธิดา','ภูผาสุข',1,NULL,'2025-10-15 02:23:25','2025-10-15 02:31:33'),(1187,'s6204062663101','$2b$10$p29j0h4YTX/WKb4iavg.D.PG83RV9gnI.ZNe4lZATUkVVSJx/.arG','s6204062663101@email.kmutnb.ac.th','student','วิทย์พงศ์','ภัทรศรีอังควรา',1,NULL,'2025-10-15 02:23:25','2025-10-15 02:31:39'),(1188,'s6104062610017','$2b$10$qWP3WXyHjmk206XuaZjvSuEbRYX.8hWQmWKmfrZGV6I61z3LKEFHu','s6104062610017@email.kmutnb.ac.th','student','ณภชัช','สุจริตจิตร',1,NULL,'2025-10-15 02:23:45','2025-10-15 02:26:02'),(1189,'s6104062610068','$2b$10$oVXP4Fd7iu6g4IZouTx5Q.3sZjuWNUTQ.Dhb6GzT30L7y3ybIIYuO','s6104062610068@email.kmutnb.ac.th','student','ตฤณ','ศรีทอง',1,NULL,'2025-10-15 02:23:45','2025-10-15 02:26:12'),(1190,'s6104062616210','$2b$10$zH2o/SRDpaYLQ0KPitQx0eGfDycwgRztp3wYq5NmgEQ0BANqLDLBu','s6104062616210@email.kmutnb.ac.th','student','เพ็ญพิชชา','จันทา',1,NULL,'2025-10-15 02:23:45','2025-10-15 02:26:22'),(1191,'s6104062616236','$2b$10$H.uMXmRZKI/oLoxlyl/KuOdLMGLeUWXcqNCl7UlDZpryGV3OmowaC','s6104062616236@email.kmutnb.ac.th','student','กรนันท์','คุ้มรักษ์',1,NULL,'2025-10-15 02:23:45','2025-10-15 02:26:28'),(1192,'s6104062630441','$2b$10$bL6e.UZ1WbVdeD6BKfyTUeTHwNzknFqnSBLhyVmh6/GUeQBi/X.Ju','s6104062630441@email.kmutnb.ac.th','student','ณพล','ศรีสุวรรณ',1,NULL,'2025-10-15 02:23:45','2025-10-15 02:26:34'),(1193,'s6104062630590','$2b$10$oIpAuuPWJZX95T3pyqcjyeFgZlZ8KksmZP4KHIPUYE5emmW18t.pC','s6104062630590@email.kmutnb.ac.th','student','จตุรภัทร','จันทรังษ์',1,NULL,'2025-10-15 02:23:45','2025-10-15 02:26:40'),(1194,'s6104062636130','$2b$10$7ccQW/guuWgRMSs1qUVxdOU4UdJFp9aJJKkSIF.V2UK4HXHAvGQVu','s6104062636130@email.kmutnb.ac.th','student','ทีปกร','พุ่มพันธ์',1,NULL,'2025-10-15 02:23:46','2025-10-15 02:29:15'),(1195,'s6104062636300','$2b$10$zYzg8ftUPStWRGRM4v.62.BOWcKUx/On3.wR4foqm7pgoV5Ku9Gsm','s6104062636300@email.kmutnb.ac.th','student','พัชราภรณ์','วีระเพ็ชร์',1,NULL,'2025-10-15 02:23:46','2025-10-15 02:29:32'),(1196,'s6004062616041','$2b$10$q9f8zOIGLTjk8TE8aajF3.pgg9aKJBVBl7uIX6fziypOmWWfYKtre','s6004062616041@email.kmutnb.ac.th','student','ฉันทวัฒน์','มิ่งพิมล',1,NULL,'2025-10-15 02:24:10','2025-10-15 02:25:32'),(1197,'s6004062616245','$2b$10$FcBRgxpr5PvfzHE2pjcEueTASSyOqAXrP3ILLtmQaOXkC6.RGI49i','s6004062616245@email.kmutnb.ac.th','student','สิรภพ','ศรีมณียานนท์',1,NULL,'2025-10-15 02:24:10','2025-10-15 02:25:41'),(1198,'s6004062630329','$2b$10$oMS.CwE/bb9kBBdd4qxNaunvdcXKYltxgsuVQwjeMR.aozXZZ2PoS','s6004062630329@email.kmutnb.ac.th','student','พงษ์พิชญ์','วุฒิวงษ์',1,NULL,'2025-10-15 02:24:10','2025-10-15 02:25:48'),(1199,'s6004062630370','$2b$10$3IMoLUjWgBLAcQjFVnDXuemxJlnEr1tFjLuqFdCN7bD51/0AsDlV.','s6004062630370@email.kmutnb.ac.th','student','พีรณัฐ','ฉันทศิลป',1,NULL,'2025-10-15 02:24:10','2025-10-15 02:25:54'),(1200,'s6404062610031','$2b$10$sW/1IO4siSLTicbHgOnFGub91e3XFNnr7pCIHCDf3mT4tRHvk6qy.','s6404062610031@email.kmutnb.ac.th','student','เขมนันท์','ปราบมาก',1,NULL,'2025-10-15 02:40:45','2025-10-29 08:55:46'),(1201,'s6404062610219','$2b$10$MIqXtdPzcUkpbksU4UN8MO3S2nAMh5Fxivy47WRrW6kP6OVHnT.0i','s6404062610219@email.kmutnb.ac.th','student','อนาวิล','อินหอม',1,NULL,'2025-10-15 05:19:55','2025-10-29 08:55:49'),(1202,'s6404062630252','$2b$10$mSBfxlCNRFQuZnkQtqgNT.CBO8MDOBLxbpUE7t562Ah/HksXHLY4m','s6404062630252@email.kmutnb.ac.th','student','จักรภัทร','บัวทองธนะการ',1,NULL,'2025-10-15 05:29:05','2025-10-29 08:56:01'),(1203,'s6404062630422','$2b$10$Xl1Q6Kym09lRKDIp4rLJAebEFl7v27vsHOBnVTTMrM8eOZAD.9V5a','s6404062630422@email.kmutnb.ac.th','student','นันธการ','โพธิวรรณ',1,NULL,'2025-10-15 05:30:37','2025-10-29 08:56:03'),(1204,'s6404062636374','$2b$10$Pfdkxe39kLSJIZPIVzt6Y./Mub6U9AObtZCJiOQMy2N8id2q/FQfu','s6404062636374@email.kmutnb.ac.th','student','ปัญญาพร','คุ้มมณี',1,NULL,'2025-10-15 05:37:29','2025-10-29 08:56:13'),(1205,'s6404062636412','$2b$10$R8aQzaAj1urfHXJblNA02ujvTusd4ra/p9sFB.JSQVD0sEpcyYA2O','s6404062636412@email.kmutnb.ac.th','student','พิชชากร','อัตตะเปโม',1,NULL,'2025-10-15 05:41:49','2025-10-29 08:56:14'),(1206,'s6404062636480','$2b$10$EGOQIbb7uNCGCM0/D6QCledP3kh0I022Cr9tkMaNJhvyE0i8TrXRm','s6404062636480@email.kmutnb.ac.th','student','วรานุช','อินสุข',1,NULL,'2025-10-15 05:44:05','2025-10-29 08:56:16'),(1207,'s6404062636528','$2b$10$DbW6PL34m9xECb/XL3rxYeQMYuDgvwhuFBREGK6fgdCX6rW3/EBEi','s6404062636528@email.kmutnb.ac.th','student','สมัญญา','แดงเดช',1,'2025-10-29 20:28:30','2025-10-15 05:45:50','2025-10-29 13:28:30'),(1208,'s6104062630425','$2b$10$qd/bDZjtI6FSgWw2y94fgulI/rK5DSYamLcuTDDiNIhgzChummT8a','6104062630425@email.kmutnb.ac.th','student','พงศ์สิริ','มารุต',1,NULL,'2025-10-15 06:55:39','2025-10-15 06:56:03'),(1209,'s6204062636139','$2b$10$1stUDRsf6pyshLoZlPQAB.CfqMUZdrubEdQx3xUJh5tThVh0aOitC','6204062636139@email.kmutnb.ac.th','student','ธนพงษ์','สารเสนา',1,NULL,'2025-10-15 07:07:47','2025-10-15 07:08:56'),(1210,'s6404062610014','$2b$10$JnwD/OI/Et0sDfb.VTVTDuRKOivJ59g3GRhiZ8rEmO/mX/.R8GulO','s6404062610014@email.kmutnb.ac.th','student','กพัสส์','พิรธิติธนันท์',1,NULL,'2025-10-29 08:55:45','2025-10-29 08:55:45'),(1211,'s6404062610022','$2b$10$0QJo.ouXtku5F2y.hZos7ejOB61xI3JpueMPmhnbKFMlda4wzB62W','s6404062610022@email.kmutnb.ac.th','student','กีรติ','มาทอง',1,NULL,'2025-10-29 08:55:46','2025-10-29 08:55:46'),(1212,'s6404062610057','$2b$10$W3MAxlZaasKYmagLNo4ilO0pizmDSKupHsmin4Bo7.kONDo8lJAFm','s6404062610057@email.kmutnb.ac.th','student','ชลวิทย์','ศรีสุภาพ',1,NULL,'2025-10-29 08:55:46','2025-10-29 08:55:46'),(1213,'s6404062610065','$2b$10$RfhmVF/d4z3s5QWY0lM2PuOVpRrTMWGqcy7x8seTNlT0lwDT2tUki','s6404062610065@email.kmutnb.ac.th','student','ชาคริต','กาญจนกิตติไพศาล',1,NULL,'2025-10-29 08:55:46','2025-10-29 08:55:46'),(1214,'s6404062610073','$2b$10$pMpubEOkjKSZHz3RIs1u1O1Xt1FuDdrmXFsUW2CEPtfkqYO4GPVf.','s6404062610073@email.kmutnb.ac.th','student','ณัฐชัย','อรุณกิจเจริญ',1,NULL,'2025-10-29 08:55:47','2025-10-29 08:55:47'),(1215,'s6404062610090','$2b$10$udCjhoPaG5teRRnqc/M9qu9t2jqKG01k.J0VuqwSt0r1KjMQsOuyy','s6404062610090@email.kmutnb.ac.th','student','นันทินี','แสวงโชคพาหะ',1,NULL,'2025-10-29 08:55:47','2025-10-29 08:55:47'),(1216,'s6404062610103','$2b$10$8SE7uEQfX0.z6yLqD8zjHOIBMjAEdBr.UJ77KtadsbCK2HddT4K4O','s6404062610103@email.kmutnb.ac.th','student','บดินทร์ชัย','ปาลิไชยวัฒน์',1,NULL,'2025-10-29 08:55:47','2025-10-29 08:55:47'),(1217,'s6404062610111','$2b$10$uP6u0penUY5Q6H.8.Tp6Wuto0ezgrh3I3Vc.hqh6OIB6zlxb9vKD2','s6404062610111@email.kmutnb.ac.th','student','ปรมินทร์','เอมโกษา',1,NULL,'2025-10-29 08:55:47','2025-10-29 08:55:47'),(1218,'s6404062610138','$2b$10$7vr9nOyUTIZ/cS6qO0tvmu0V1TW/Qyshqc8Jv3.67Y.1LmzlSdb8C','s6404062610138@email.kmutnb.ac.th','student','พชร','เต็มใจ',1,NULL,'2025-10-29 08:55:48','2025-10-29 08:55:48'),(1219,'s6404062610146','$2b$10$FVGXeLUsoKBpV9q9XEwOt.hnEzOTuXu32HiWorYM8aHz1Xe7Kihfq','s6404062610146@email.kmutnb.ac.th','student','พศวัต','วัดวิทยาคุณ',1,NULL,'2025-10-29 08:55:48','2025-10-29 08:55:48'),(1220,'s6404062610154','$2b$10$4bzOWQkAF0d.zTbU9oQ2o..HvHpJBgTBzM8MW4d/m82VuMxUoci4C','s6404062610154@email.kmutnb.ac.th','student','พิสิษฐ์','โกทองเจริญ',1,NULL,'2025-10-29 08:55:48','2025-10-29 08:55:48'),(1221,'s6404062610189','$2b$10$afpEDPpHMqpOQAomHz2sCewaOvcevfTrS3iNvCJAYy77GX1Vt48yu','s6404062610189@email.kmutnb.ac.th','student','ภาณุพันธุ์','ชัยปัญญา',1,NULL,'2025-10-29 08:55:48','2025-10-29 08:55:48'),(1222,'s6404062610197','$2b$10$FSLwerPCy5verl8acSFGPeoorrralZUvp4hX0d1sDX.Cm.Wk4nNsm','s6404062610197@email.kmutnb.ac.th','student','ยุทธการ','อินทรสินธุ์',1,NULL,'2025-10-29 08:55:48','2025-10-29 08:55:48'),(1223,'s6404062610201','$2b$10$u/J0kgECs7cgU79nyBLreORwKALH6g.ALxwoC7Yn9bd4PDfM1rddG','s6404062610201@email.kmutnb.ac.th','student','วุฒิชัย','ตันตระกุล',1,NULL,'2025-10-29 08:55:49','2025-10-29 08:55:49'),(1224,'s6404062610227','$2b$10$SYrY5df1cdQ8PCOoYAoE3eydx2dXPyzR3EMbD/aMIh0pNORvQo18m','s6404062610227@email.kmutnb.ac.th','student','กันตภูมิ','วรัญญาณ',1,NULL,'2025-10-29 08:55:49','2025-10-29 08:55:49'),(1225,'s6404062610235','$2b$10$9aNHfWwQJCZJo06/VJZHO.qrnSb4In3ml74.F7mKU7Avs9tdy5yIq','s6404062610235@email.kmutnb.ac.th','student','จุฑารัตน์','นารถสูงเนิน',1,NULL,'2025-10-29 08:55:49','2025-10-29 08:55:49'),(1226,'s6404062610243','$2b$10$zxldtcjct2XUPkpIZKgpouI6nXaQK9oJGMdd1V9/JRuH2iu/0v64G','s6404062610243@email.kmutnb.ac.th','student','ณัฐนันท์','หาญณรงค์',1,NULL,'2025-10-29 08:55:49','2025-10-29 08:55:49'),(1227,'s6404062610251','$2b$10$WuOqAouI37BcNIuI8Z0jqe9gZjXF9d8prMP6nFh4EBOTAz1jP/AKe','s6404062610251@email.kmutnb.ac.th','student','ณัฐวุฒิ','อาบสา',1,NULL,'2025-10-29 08:55:49','2025-10-29 08:55:49'),(1228,'s6404062610260','$2b$10$WdyF2VqyRJ8imLmGAmS3v..c9bj30pOTTxV2pEjYGU9.tZBzNljvu','s6404062610260@email.kmutnb.ac.th','student','เดชยา','เกิดวาจา',1,NULL,'2025-10-29 08:55:50','2025-10-29 08:55:50'),(1229,'s6404062610286','$2b$10$koldIehxFj63tVKtNPisxe9reWL59lmoBFP.nUPRwChDni8l/15ee','s6404062610286@email.kmutnb.ac.th','student','นพดล','เกียรติศิริ',1,NULL,'2025-10-29 08:55:50','2025-10-29 08:55:50'),(1230,'s6404062610316','$2b$10$KaTYJzw8HcIreeCAECvNfeSnWwXIQvSyM0S2T27LDm/CikVtSZT/C','s6404062610316@email.kmutnb.ac.th','student','ปวิตา','สุภาทิพย์',1,NULL,'2025-10-29 08:55:50','2025-10-29 08:55:50'),(1231,'s6404062610341','$2b$10$y91oLiNB4nrdbHVnlFhF1eFsYY2psna2FRD2s/452zphULHOzDPdK','s6404062610341@email.kmutnb.ac.th','student','มนัสวิน','ดีมา',1,NULL,'2025-10-29 08:55:50','2025-10-29 08:55:50'),(1232,'s6404062610359','$2b$10$PFA4zjxT04rMILhMErV69OX52cYS749ionOzwnVUeaboBewu1IIB2','s6404062610359@email.kmutnb.ac.th','student','รุจรวี','เวชศาสตร์',1,NULL,'2025-10-29 08:55:51','2025-10-29 08:55:51'),(1233,'s6404062610367','$2b$10$Vzd.J8Aq1I223HalyeBUOOkcu64Vqb3TykVrJidLcHW2VuJ2mP2qq','s6404062610367@email.kmutnb.ac.th','student','วิสิฐ','พูลสวัสดิ์',1,NULL,'2025-10-29 08:55:51','2025-10-29 08:55:51'),(1234,'s6404062610308','$2b$10$ViZ71gL3Vb7KkNrso0UuleLbzaz1qpmn/uejZu5JLt5nLm5UpCdJm','s6404062610308@email.kmutnb.ac.th','student','ปรรณวิชญ์','ปูนแสงหิรัญ',1,NULL,'2025-10-29 08:55:51','2025-10-29 08:55:51'),(1235,'s6404062610332','$2b$10$Pq0lU4s.nQ1ptQfRXwfQhuLl3GrkU9Lin7NRccus0h2DaMl3Qnlxi','s6404062610332@email.kmutnb.ac.th','student','พัชรดนัย','สุขสอาด',1,NULL,'2025-10-29 08:55:51','2025-10-29 08:55:51'),(1236,'s6404062610375','$2b$10$xvpMi4W9Fr3aFXe/qqEHP.G4JnAHrVuwL/xHqdhHFdtozQ/J8FUEq','s6404062610375@email.kmutnb.ac.th','student','สราวุธ','จานสิบสี',1,NULL,'2025-10-29 08:55:51','2025-10-29 08:55:51'),(1237,'s6404062610383','$2b$10$2xC4aVn1LZkUM3ktEZbo/esriPkwt96YX8ZhMaK62RNOAGc0ewLn.','s6404062610383@email.kmutnb.ac.th','student','อนันธวัชชัย','ศิริวรรณ',1,NULL,'2025-10-29 08:55:51','2025-10-29 08:55:51'),(1238,'s6404062610391','$2b$10$zqqB13J586fKatHDI.QFdu9PrYOnaId7bT5NP6qzvjnZ4nFQ5UydC','s6404062610391@email.kmutnb.ac.th','student','กรณ์มงคล','ฤสิงห์พิชย์',1,NULL,'2025-10-29 08:55:51','2025-10-29 08:55:51'),(1239,'s6404062610405','$2b$10$i.w9.C5DfQe7M5XEWEDSoO5ryqqjZ/EC78Yk0XHVYwcmRR/HOplyS','s6404062610405@email.kmutnb.ac.th','student','ณภัทร','ภมรสูตร',1,NULL,'2025-10-29 08:55:52','2025-10-29 08:55:52'),(1240,'s6404062610413','$2b$10$fvttVK7OBoAeS0ymyEcmCe81AhzBdXMFM9aG1FKYyZ0CqedpEaiC6','s6404062610413@email.kmutnb.ac.th','student','ณัฐพล','วัฒนเดช',1,NULL,'2025-10-29 08:55:52','2025-10-29 08:55:52'),(1241,'s6404062610421','$2b$10$Rlu7MHi0bDAtEr0CUmCqHeF0meZ8r8gFernmEKm1CF4OP2X6hhZCy','s6404062610421@email.kmutnb.ac.th','student','ภัทชณิดา','ธัญญเจริญ',1,NULL,'2025-10-29 08:55:52','2025-10-29 08:55:52'),(1242,'s6404062610448','$2b$10$thOJ20hIooWPGYhn8/CjzeivXHJ3IZSq.PpFaXeX/E5MX8MYUpDY.','s6404062610448@email.kmutnb.ac.th','student','หุสนา','สาและ',1,NULL,'2025-10-29 08:55:52','2025-10-29 08:55:52'),(1243,'s6404062610456','$2b$10$gU3Uedl4NhoWs5WNjGDuPO58Hrl2E82T.PYfoSyZcUgFh8rrpSn.G','s6404062610456@email.kmutnb.ac.th','student','กันต์ธี','จิตรแก้ว',1,NULL,'2025-10-29 08:55:53','2025-10-29 08:55:53'),(1244,'s6404062610472','$2b$10$tR.Qt4lm7dDoKONF9FYl3.kbSWM0z4W//wx7YOYLqdT3h/FFU1qGO','s6404062610472@email.kmutnb.ac.th','student','ณัฐเมศร์','วงศ์ธนิตเลิศ',1,NULL,'2025-10-29 08:55:53','2025-10-29 08:55:53'),(1245,'s6404062610499','$2b$10$NZnNDUu2dFcY4VM40HSSAOSxWrmo7GQhMuC0cfeVuDmHOYH0sh.FK','s6404062610499@email.kmutnb.ac.th','student','หิรัญ','สุขสมรัตน์',1,NULL,'2025-10-29 08:55:53','2025-10-29 08:55:53'),(1246,'s6404062620010','$2b$10$3THKVjwNfp4Wqe32/moG3.Yu6bb4M1dphxQ3F1.vlAdj9TISy7HBi','s6404062620010@email.kmutnb.ac.th','student','ปรเมษฐ์','พกุลานนท์',1,NULL,'2025-10-29 08:55:54','2025-10-29 08:55:54'),(1247,'s6404062620036','$2b$10$o1/gziXppOWbnU2nmjXdX.Vf9FuVZW4ywFd2L1d6aWO.TJavAffA.','s6404062620036@email.kmutnb.ac.th','student','กฤษนัส','เหล็กดี',1,NULL,'2025-10-29 08:55:54','2025-10-29 08:55:54'),(1248,'s6404062620044','$2b$10$Tf8OF195WNqaKFSIIgrBa.Hz5GryDID6KV0ZBj17N1EJWogko4Y76','s6404062620044@email.kmutnb.ac.th','student','ณัฏฐกิตติ์','ขอนทอง',1,NULL,'2025-10-29 08:55:55','2025-10-29 08:55:55'),(1249,'s6404062620052','$2b$10$rAZyNsrv2mqdrsPkO8.bauMGp5dp1wETRkCYMrb6oAYNHvXHUCUL2','s6404062620052@email.kmutnb.ac.th','student','อริซ่า กัลญา','ทริปป์',1,NULL,'2025-10-29 08:55:55','2025-10-29 08:55:55'),(1250,'s6404062620061','$2b$10$dRDdvO0JBDKI15OCHEzVGOw6NPFj3g.JK3siX3H/uFXUjr8lEMI5e','s6404062620061@email.kmutnb.ac.th','student','สุรินพร','ศิลอุดม',1,NULL,'2025-10-29 08:55:55','2025-10-29 08:55:55'),(1251,'s6404062620079','$2b$10$u2sP3MmkO.6uZQqjrFem0.p4txyA8tMsWnwd5jPy/feSvTJrbkHVi','s6404062620079@email.kmutnb.ac.th','student','วรรณวิสาข์','หนูคง',1,NULL,'2025-10-29 08:55:55','2025-10-29 08:55:55'),(1252,'s6404062620087','$2b$10$zfY3g31QyFuT6fZErkyesus3wXzGNjeNVyKKT10qvaNElByj5S/Ci','s6404062620087@email.kmutnb.ac.th','student','ธีระพัทธ์','สุทธิประภา',1,NULL,'2025-10-29 08:55:55','2025-10-29 08:55:55'),(1253,'s6404062620095','$2b$10$/8w5Kq2MU20Ub1AFr8FeAOH4f33Gz2DVeZdF5k3mjgbuAjctKUQSu','s6404062620095@email.kmutnb.ac.th','student','ณัฐธยาน์','จันทร์สีนาค',1,NULL,'2025-10-29 08:55:55','2025-10-29 08:55:55'),(1254,'s6404062620117','$2b$10$GbqFw6wpNgfikMmy3yauz.Rs.mLqC.OtvTCTvrZZvSvfwNIvJ61i6','s6404062620117@email.kmutnb.ac.th','student','วีรชัย','ปฐมสุนทรชัย',1,NULL,'2025-10-29 08:55:56','2025-10-29 08:55:56'),(1255,'s6404062620133','$2b$10$ey5S6Kf6wNLiLAycu7e0MOqpY2Rg4ZBVLxGXYkVQTGW87VkwNfno6','s6404062620133@email.kmutnb.ac.th','student','กิตติคุณ','ทัพวัง',1,NULL,'2025-10-29 08:55:56','2025-10-29 08:55:56'),(1256,'s6404062620150','$2b$10$470sgWii9nSsrZJSDXgfC.rt2eBYs48Jtz1B2aXIVZ16nrnjzboAm','s6404062620150@email.kmutnb.ac.th','student','รุ่งสิทธิ์','ประทีปะเสน',1,'2025-10-30 22:03:18','2025-10-29 08:55:56','2025-10-30 15:03:18'),(1257,'s6404062620168','$2b$10$eEw7aewIsetyN2/48mMaGOPIs/9Oa2nLg.6q9VJD8tBJnjIfg85sa','s6404062620168@email.kmutnb.ac.th','student','พรวิภา','กรสุวรรณ',1,NULL,'2025-10-29 08:55:56','2025-10-29 08:55:56'),(1258,'s6404062620176','$2b$10$ljd6bq0OafTB3oCHEfbJNOtWjPass8mE1Qa43pr.YP9L5LIOcP4D6','s6404062620176@email.kmutnb.ac.th','student','กฤติภัทร','ไชยประณิธาน',1,NULL,'2025-10-29 08:55:57','2025-10-29 08:55:57'),(1259,'s6404062620184','$2b$10$Ut4.AXiZthuUCLanTX6sAuzo5SyECIDBJPJHc/WTTYl4DvrQ45d6K','s6404062620184@email.kmutnb.ac.th','student','ศุภกฤต','จุฬามณี',1,NULL,'2025-10-29 08:55:57','2025-10-29 08:55:57'),(1260,'s6404062620192','$2b$10$9zxBMdDAxcIZAsI2XvYUw.UwUlsa7ZoXUpg36edxeafQ0M2mPNvoS','s6404062620192@email.kmutnb.ac.th','student','พิยดา','สุขนิมิตร',1,NULL,'2025-10-29 08:55:57','2025-10-29 08:55:57'),(1261,'s6404062620206','$2b$10$Q2I80829uIgc3nBv8zatk.nY.AX6ZyZn43o1Ms5CZtkp7tt9PEjjy','s6404062620206@email.kmutnb.ac.th','student','ชนกนาถ','วิเศษชลธาร',1,NULL,'2025-10-29 08:55:57','2025-10-29 08:55:57'),(1262,'s6404062630015','$2b$10$Chmfa4Bc0XSfsgpdFIkHy.OiWAHiZIshG9Nt8ToUxHVk1k0rsIQku','s6404062630015@email.kmutnb.ac.th','student','กิตตินันท์','อกอุ่น',1,NULL,'2025-10-29 08:55:57','2025-10-30 12:00:55'),(1263,'s6404062630023','$2b$10$FCWlCphKmyBHFb448jdAsesLmrlHPvDm14HHSd.WiHjZBLMJ8OG.q','s6404062630023@email.kmutnb.ac.th','student','คณิศร','พานิชผล',1,NULL,'2025-10-29 08:55:57','2025-10-29 08:55:57'),(1264,'s6404062630031','$2b$10$if2C21XHkF0OL4qmJU6GbePrGtws7jz81TFAh9Zdn4Ich3HH9ku5K','s6404062630031@email.kmutnb.ac.th','student','จารุวรรณ','วงสุกร',1,NULL,'2025-10-29 08:55:58','2025-10-29 08:55:58'),(1265,'s6404062630040','$2b$10$iJx3dV9ac87yAVQYvFHi1uSnNMQAXUnH8Oe979yHgkzTBr.0mCcOC','s6404062630040@email.kmutnb.ac.th','student','ชลนที','โชติพนัส',1,NULL,'2025-10-29 08:55:58','2025-10-29 08:55:58'),(1266,'s6404062630058','$2b$10$DZmzNFOwIhvCwnfB0DHIAut6Xs6PdsOYehRlT1PYrs4DpxBCfriry','s6404062630058@email.kmutnb.ac.th','student','ชารีฟ','เปาะจิ',1,NULL,'2025-10-29 08:55:58','2025-10-29 08:55:58'),(1267,'s6404062630066','$2b$10$HacLFr5KM3yIO2efIb3YAuWXRFEeO7clhJR01fFbAsZ8E2tUnRqS6','s6404062630066@email.kmutnb.ac.th','student','ณัชภัค','จริงดี',1,NULL,'2025-10-29 08:55:58','2025-10-29 08:55:58'),(1268,'s6404062630082','$2b$10$BzrIghpfLcXcc1V/4Yspv.eUhrGS2yhym59lwj4/2UDx7YdcGX33u','s6404062630082@email.kmutnb.ac.th','student','ทยิดา','ชุมสงค์',1,NULL,'2025-10-29 08:55:58','2025-10-29 08:55:58'),(1269,'s6404062630091','$2b$10$X7aZ90A65hPdo./YkNvT8uXPr3Cp.B57hMaZ7OTGYyT0e0JaxTILO','s6404062630091@email.kmutnb.ac.th','student','ธนนันท์','จอมจินดารัตน์',1,NULL,'2025-10-29 08:55:59','2025-10-29 08:55:59'),(1270,'s6404062630121','$2b$10$NEpCY1UxWMrWnFBRwBo3/OBbr2jpT7gZRfqSbarI1JY5G3aiNpto6','s6404062630121@email.kmutnb.ac.th','student','พัฒนกาญจน์','สาโรจน์',1,NULL,'2025-10-29 08:55:59','2025-10-29 08:55:59'),(1271,'s6404062630155','$2b$10$A2fbBq2YTLN4XGcUxjLjMO8E99wxapX8EyfI6vrib.OuwOA3x22Ya','s6404062630155@email.kmutnb.ac.th','student','วิชญาดา','พรมเสนศร',1,NULL,'2025-10-29 08:55:59','2025-10-29 08:55:59'),(1272,'s6404062630163','$2b$10$tL61SDL6OFbsIS/JPuvFeewB28/zcO17rr/I.IlbEJ0sfNCs7m9DW','s6404062630163@email.kmutnb.ac.th','student','ศิวกร','ทัฬหสิรินาถ',1,NULL,'2025-10-29 08:56:00','2025-10-29 08:56:00'),(1273,'s6404062630171','$2b$10$1u5ak.MzXpcEBHGx7mVHs.auQ3FvevADr3GQaWRLejn.321HkAeKa','s6404062630171@email.kmutnb.ac.th','student','ศุภวิชญ์','คงเจริญ',1,'2025-10-30 19:29:47','2025-10-29 08:56:00','2025-10-30 12:29:47'),(1274,'s6404062630112','$2b$10$ZNBrForZrYUZ58ita7JxBuRxeGD52XeTZNMjuBn4RBnvIXUSh2WyW','s6404062630112@email.kmutnb.ac.th','student','นิติพล','ชุณหปัญญาเวช',1,NULL,'2025-10-29 08:56:00','2025-10-29 08:56:00'),(1275,'s6404062630198','$2b$10$n6/IJdAvDCUtBUJ39ryHze2L.2KZT2eBxCeCtOoyG0xB.vFSgbo5K','s6404062630198@email.kmutnb.ac.th','student','อนุเทพ','คุ้มเสม',1,NULL,'2025-10-29 08:56:00','2025-10-29 08:56:00'),(1276,'s6404062630201','$2b$10$tboeCsZWdrmCwNKILoc16udK/a.ZTx6Wh.GIfrNH3bxJmk7vVw446','s6404062630201@email.kmutnb.ac.th','student','อัครวินท์','เชาวน์รุ่งเมธี',1,NULL,'2025-10-29 08:56:00','2025-10-29 08:56:00'),(1277,'s6404062630228','$2b$10$g6ao7d05pP9xm2Dgtf5A.eupgMEXu9L4gqZ26xJ3CqeQJpCnKcb.O','s6404062630228@email.kmutnb.ac.th','student','กัญญาลักษณ์','ส่องสี',1,NULL,'2025-10-29 08:56:00','2025-10-29 08:56:00'),(1278,'s6404062630261','$2b$10$X5byzNQG1JUd/F2cBBegBOL.TifWXtmtsWCzyJ6BgwX5zxbxkG3me','s6404062630261@email.kmutnb.ac.th','student','ชนณ์ทิฏฐ์ตา','จินาวงษ์',1,NULL,'2025-10-29 08:56:01','2025-10-29 08:56:01'),(1279,'s6404062630279','$2b$10$jzw8x8RM6hyrJKLJTjiKDupoZLpxXCs7vY7v2U3qb9Vqz8tKF.T2a','s6404062630279@email.kmutnb.ac.th','student','ชนาภา','ภู่เปี่ยม',1,NULL,'2025-10-29 08:56:01','2025-10-29 08:56:01'),(1280,'s6404062630287','$2b$10$V3xwxuTx4UtGpNOhl78aA.Cwu65k7zoWgO3SMzvwJJahsa1fQQPZS','s6404062630287@email.kmutnb.ac.th','student','ชัชวาลย์','แตงเจริญ',1,NULL,'2025-10-29 08:56:01','2025-10-29 08:56:01'),(1281,'s6404062630309','$2b$10$2Jw0MWay33fUwbTXnyiO5O97.t2lucLbOT7elq29otOZb9f9811cK','s6404062630309@email.kmutnb.ac.th','student','ญาณิศา','ศรีบรม',1,NULL,'2025-10-29 08:56:01','2025-10-29 08:56:01'),(1282,'s6404062630317','$2b$10$YLy5ir6XRqUXcVHXCEcMce1PH6hCIA8OY5RnhmlyVp.e2l19ijSP2','s6404062630317@email.kmutnb.ac.th','student','ณภัทร','แม่นศร',1,NULL,'2025-10-29 08:56:02','2025-10-29 08:56:02'),(1283,'s6404062630236','$2b$10$45iR/FkHkzH9jdjvA/3YgemJwVp2OGxuEy6HQTXGhI4vvjO6QBsBq','s6404062630236@email.kmutnb.ac.th','student','กิตติพิชญ์','เจริญปัญญาปราชญ์',1,NULL,'2025-10-29 08:56:02','2025-10-29 08:56:02'),(1284,'s6404062630325','$2b$10$hPOfpPJqZskwC2fBQho0Q.APcKLXceuBkjOSmfQfHcHEJeNXI9oNG','s6404062630325@email.kmutnb.ac.th','student','ณัฐพร','ชุมทอง',1,NULL,'2025-10-29 08:56:02','2025-10-29 08:56:02'),(1285,'s6404062630350','$2b$10$dMqqvFIOucE0A.TfX0XJaeQ3TF4lrs1cjb4LN8jMl4Bwaqh.2wy.O','s6404062630350@email.kmutnb.ac.th','student','เดชา','บุญมาพาทรัพย์',1,NULL,'2025-10-29 08:56:02','2025-10-29 08:56:02'),(1286,'s6404062630368','$2b$10$DgWrSbTVljzzfnjsPIrEBeXOGmLh6AAiqtE0YsI.BPRqk7JXHqhHa','s6404062630368@email.kmutnb.ac.th','student','ตาฟา','นิยมเดชา',1,NULL,'2025-10-29 08:56:02','2025-10-29 08:56:02'),(1287,'s6404062630376','$2b$10$xZhsoAlslIBcDtnXkQ//uOMi/Pk9TaAAa5AFxG5I9DiTuTLI5N5zm','s6404062630376@email.kmutnb.ac.th','student','ทักษพร','ญาณสังวร',1,NULL,'2025-10-29 08:56:02','2025-10-29 08:56:02'),(1288,'s6404062630384','$2b$10$xkfbaAzG7UD3SPjSNkuDgu4YuTtsUXNHkZ0TbFES.UtbirWA6mm2K','s6404062630384@email.kmutnb.ac.th','student','ธนภรณ์','จอมจินดารัตน์',1,NULL,'2025-10-29 08:56:03','2025-10-29 08:56:03'),(1289,'s6404062630392','$2b$10$io7n3ud3TBDnsqR.ihVp9O1Pz9QK.ZkFNECcb9eQ0N6ZzUQohDMRO','s6404062630392@email.kmutnb.ac.th','student','ธนวัฒน์','โอภางค์กูร',1,NULL,'2025-10-29 08:56:03','2025-10-29 08:56:03'),(1290,'s6404062630406','$2b$10$DdGFc1YR5WCqZi9WCTw5DOmEx6Elc5czdQTjy9vqysI71czL4rRrm','s6404062630406@email.kmutnb.ac.th','student','ธนัชชัย','สารคุณ',1,NULL,'2025-10-29 08:56:03','2025-10-29 08:56:03'),(1291,'s6404062630414','$2b$10$9ZySoYTd/0BZhYli3TbHY.3Cm41mGJmdlqi.r7MDCWBDEmtUUcZMq','s6404062630414@email.kmutnb.ac.th','student','นภัสสร','แผ้วพันธ์ชู',1,NULL,'2025-10-29 08:56:03','2025-10-29 08:56:03'),(1292,'s6404062630431','$2b$10$01ocIJDuZfxFKLZp8oLmZOUCWfS6zTEaOWlRiOQgjAoNAeErgYhf6','s6404062630431@email.kmutnb.ac.th','student','ปาลิตา','เลิศศักดิ์ศรีสกุล',1,NULL,'2025-10-29 08:56:04','2025-10-29 08:56:04'),(1293,'s6404062630449','$2b$10$CFFoUzPntwfRMQQpjcXwbOIwdwVgES2ahVZrxccsGMCuYs0yk0.ua','s6404062630449@email.kmutnb.ac.th','student','ปุณณกันต์','ปานคง',1,NULL,'2025-10-29 08:56:04','2025-10-29 08:56:04'),(1294,'s6404062630341','$2b$10$hxffnaIb8FBdLG0TmdAEK.VFs7GXWRK4SV8JNrzlDyt/b1vswrbfe','s6404062630341@email.kmutnb.ac.th','student','ดีน่า','รื่นสุข',1,NULL,'2025-10-29 08:56:04','2025-10-29 08:56:04'),(1295,'s6404062630473','$2b$10$52/99roBIBvY6YGyQQy/auMRQFbvx3ug94wQSQHfIIOu8EjO89NjK','s6404062630473@email.kmutnb.ac.th','student','พิชญาพร','นพพะแก้ว',1,NULL,'2025-10-29 08:56:05','2025-10-29 08:56:05'),(1296,'s6404062630481','$2b$10$5uMoIVhhQKmMMBO3KvPOR.tb1QDUYlSZiFE1BCPfFoLdPE.stf0mO','s6404062630481@email.kmutnb.ac.th','student','พิมพกานต์','บานแย้ม',1,NULL,'2025-10-29 08:56:05','2025-10-29 08:56:05'),(1297,'s6404062630503','$2b$10$U99ggvhV7qzSV0nvM6Mt7eDLb/gib3.mROd3KHQKa8Bexl6/Unet6','s6404062630503@email.kmutnb.ac.th','student','ภีมวิจน์','ยิ้มถิน',1,NULL,'2025-10-29 08:56:05','2025-10-29 08:56:05'),(1298,'s6404062630511','$2b$10$Gk6bKcq4FlRaLKFhHxZ.U.RgiYKdPmWenaOMFYZYNPt9Y2kXuFMXa','s6404062630511@email.kmutnb.ac.th','student','ภูริณัฐ','ผดุงญาณ',1,NULL,'2025-10-29 08:56:05','2025-10-29 08:56:05'),(1299,'s6404062630520','$2b$10$M/3B568meHUvXMasjH5vt.ULXG9d9tXDRxc4.oJa3wxhpD.98v0ba','s6404062630520@email.kmutnb.ac.th','student','ยศวดี','สุกรีฑา',1,NULL,'2025-10-29 08:56:05','2025-10-29 08:56:05'),(1300,'s6404062630546','$2b$10$TefX4GAUvb9H8mvRIsvnzOdCzt/19e6QuFD3oJytPxWKyEZjRRR6K','s6404062630546@email.kmutnb.ac.th','student','วชิรญาณ์','พรรณา',1,NULL,'2025-10-29 08:56:06','2025-10-29 08:56:06'),(1301,'s6404062630554','$2b$10$qwtGbkwKfbhDOElQK7pJje9TlTkTLnucEaiV7ItFYJlvY2NFMfY4y','s6404062630554@email.kmutnb.ac.th','student','วิทวัส','โอศิริวัฒนกุล',1,NULL,'2025-10-29 08:56:06','2025-10-29 08:56:06'),(1302,'s6404062630562','$2b$10$bCTJqLqnFt4nHXEtdRUe3OpYXTEVrzLbVOYTOHYx5Dd0a3EEjkqdS','s6404062630562@email.kmutnb.ac.th','student','ศรุดา','พลมณี',1,NULL,'2025-10-29 08:56:06','2025-10-29 08:56:06'),(1303,'s6404062630571','$2b$10$Fk6APTrD21wdJnDvhMZpw.zzsnoGiGRdrcynHWpd4VPE.aJaozCra','s6404062630571@email.kmutnb.ac.th','student','ศศิกานต์','กุลชาติ',1,NULL,'2025-10-29 08:56:06','2025-10-29 08:56:06'),(1304,'s6404062630589','$2b$10$cDwAHFfV1d.WCGFd8K.uKeEksn4niQ2wjzSaeUZRpgIWjq1U5sNf.','s6404062630589@email.kmutnb.ac.th','student','สุรเชษฐ์','พูนสินโภคทรัพย์',1,NULL,'2025-10-29 08:56:06','2025-10-29 08:56:06'),(1305,'s6404062630601','$2b$10$Ahn/Qb74VpQrXGCJHgTgxulZMri0De1RNXg4/cHjTO/emCO4CI2zy','s6404062630601@email.kmutnb.ac.th','student','อิงกมล','ชาตรี',1,NULL,'2025-10-29 08:56:06','2025-10-29 08:56:06'),(1306,'s6404062630597','$2b$10$3nkhLOxHv/KBprb6N7fNqu7o6W2ZEQrJo6v/R9313dj1mRAthNdlq','s6404062630597@email.kmutnb.ac.th','student','อติกานต์','นิยมประสิทธิ์',1,NULL,'2025-10-29 08:56:07','2025-10-29 08:56:07'),(1307,'s6404062636081','$2b$10$WScvdMTB6NiKFlUdNRPgGesSCZVbEdAvQn4e5mvup5OugaDt.85DK','s6404062636081@email.kmutnb.ac.th','student','ปวริศ','ศิริเกิด',1,NULL,'2025-10-29 08:56:08','2025-10-29 08:56:08'),(1308,'s6404062636099','$2b$10$x6bOUMOviz.RN44/xT.2V.Q1WIJIrEhtX5uaCpEEavdgWDW9HOyyS','s6404062636099@email.kmutnb.ac.th','student','พัชฎาภรณ์','กมลดี',1,NULL,'2025-10-29 08:56:08','2025-10-29 08:56:08'),(1309,'s6404062636111','$2b$10$tz70BOY5GZSQ3KJYJqG9RexEbkBffc0Y5sGzo6Tobte./PjEd2CQG','s6404062636111@email.kmutnb.ac.th','student','ภูริณัฐ','ต้นยวด',1,NULL,'2025-10-29 08:56:08','2025-10-29 08:56:08'),(1310,'s6404062636056','$2b$10$xOXL9CsP9VMsL6sAXGxtNeiYQp/gbbpYgmPgfaWj7Gg45xP4hLV3W','s6404062636056@email.kmutnb.ac.th','student','ธนกฤต','ดวงเพ็ชร',1,NULL,'2025-10-29 08:56:08','2025-10-29 08:56:08'),(1311,'s6404062636129','$2b$10$F4Gtwyq6cfkOJfi2VaTerufYySHo80R8H7FvmWs7vBsN8CUQyhcNu','s6404062636129@email.kmutnb.ac.th','student','วงศกร','หอมสูง',1,NULL,'2025-10-29 08:56:09','2025-10-29 08:56:09'),(1312,'s6404062636137','$2b$10$mm44TW2hjNgexAKoJrnvYej1ql7ZCBas6JP6Lq0YIRtz5zyyPMb/i','s6404062636137@email.kmutnb.ac.th','student','วีรลักษณ์','จิณวุฒิ',1,NULL,'2025-10-29 08:56:09','2025-10-29 08:56:09'),(1313,'s6404062636145','$2b$10$UQXJlnsH4kmUg69j1qzZ3eG42UONVtrzCZ2h3uRoWMcWdfuVxGMrC','s6404062636145@email.kmutnb.ac.th','student','สิรภพ','หล่อกาญจนกุล',1,NULL,'2025-10-29 08:56:09','2025-10-29 08:56:09'),(1314,'s6404062636161','$2b$10$a1D1O2GnD9qvQYqPo2n0fuRQaiaHHICBLGRXJHrD8OXJ6wEpQnnCC','s6404062636161@email.kmutnb.ac.th','student','สุรยุทธ','อาจปรุ',1,NULL,'2025-10-29 08:56:09','2025-10-29 08:56:09'),(1315,'s6404062636170','$2b$10$/Z0OZMl6QVHspHbmTBjMpO2Hd.iK1j.m0rb7rZ9pGKYJRBKC5srIq','s6404062636170@email.kmutnb.ac.th','student','กริชเพชร','ใจมั่น',1,NULL,'2025-10-29 08:56:09','2025-10-29 08:56:09'),(1316,'s6404062636196','$2b$10$gmev3DklIl0tE18/TL/PWOjELlgPqgj6vJJsi.Bg2r4V2bTTCaGW6','s6404062636196@email.kmutnb.ac.th','student','กิตติพัทธ์','มิลาวรรณ์',1,NULL,'2025-10-29 08:56:10','2025-10-29 08:56:10'),(1317,'s6404062636200','$2b$10$QUv08UalQ1LOxmCcyIba9.UbGMfrTlB9NixCTE8wGmItk3diAHvRK','s6404062636200@email.kmutnb.ac.th','student','จตุรวิทย์','ใจมนต์',1,NULL,'2025-10-29 08:56:10','2025-10-29 08:56:10'),(1318,'s6404062636226','$2b$10$AfL5hDyB2sCINNgFiJ0QweWa2BKyhLirZ1Xc7GEW6fmKfDuc/kBcq','s6404062636226@email.kmutnb.ac.th','student','ชนาธิป','วุฒินันท์',1,NULL,'2025-10-29 08:56:10','2025-10-29 08:56:10'),(1319,'s6404062636242','$2b$10$qvTmQYdA0qJo9D2Si9prS.WUqOvJLbRf07DMeZSs5RpNdTFGKedvG','s6404062636242@email.kmutnb.ac.th','student','ฐานิดา','ขจรสิทธินพคุณ',1,NULL,'2025-10-29 08:56:10','2025-10-29 08:56:10'),(1320,'s6404062636218','$2b$10$LsKNHUAcfwKWQe.tTOUhK.ACX9JlLbZDDyU4K0GRtli8USgOEvVjy','s6404062636218@email.kmutnb.ac.th','student','จิรัสย์','ใหม่เอี่ยม',1,NULL,'2025-10-29 08:56:10','2025-10-29 08:56:10'),(1321,'s6404062636251','$2b$10$mpJ0L7RnPYUSXgl06r3Xd.F5OBoByztBJbrCfJ3jVUyq1edydrUui','s6404062636251@email.kmutnb.ac.th','student','ตฤณ','รัตนศิริ',1,NULL,'2025-10-29 08:56:11','2025-10-29 08:56:11'),(1322,'s6404062636269','$2b$10$XGDmqeA6DlCiD0bGdGr//edQN.YHScVuBJgGQyIqN9cMNeOx7SyZq','s6404062636269@email.kmutnb.ac.th','student','ทอทอง','เทพอารักษ์',1,NULL,'2025-10-29 08:56:11','2025-10-29 08:56:11'),(1323,'s6404062636277','$2b$10$b6VL/rTn/OF65uL5kz4chOFCOI4N1W1.J0kyHmvDEwJwwguOsWp9.','s6404062636277@email.kmutnb.ac.th','student','ธนกร','มัทมิฬ',1,NULL,'2025-10-29 08:56:11','2025-10-29 08:56:11'),(1324,'s6404062636285','$2b$10$z5kKxtuWbnLNtuPDSTaEIuN4e/sn25WuTUsT/fNS8Y341a6UG4jpS','s6404062636285@email.kmutnb.ac.th','student','ธนทร','เกษมสุข',1,NULL,'2025-10-29 08:56:11','2025-10-29 08:56:11'),(1325,'s6404062636293','$2b$10$2enaQF4MFVKltwvEGwsJne1WqSHnhOaj8aLXibWSR7SlTwBZKJX52','s6404062636293@email.kmutnb.ac.th','student','ธรณินทร์','กันทะเสน',1,NULL,'2025-10-29 08:56:11','2025-10-29 08:56:11'),(1326,'s6404062636307','$2b$10$Ik3M.DLdpuz/HrpdEjG3/OTqbf3SFjaI4l4bxBMwbZtuywTTP0WXS','s6404062636307@email.kmutnb.ac.th','student','ธรรมนูญ','แก้วโชติหิรัญ',1,NULL,'2025-10-29 08:56:12','2025-10-29 08:56:12'),(1327,'s6404062636315','$2b$10$DNLmsbsdnROj5iztC/Gb0.zFxwBVBbf5LUGWriKCajKXW9Gea3GCe','s6404062636315@email.kmutnb.ac.th','student','ธีรภัทร์','วราสุวรรณ',1,NULL,'2025-10-29 08:56:12','2025-10-29 08:56:12'),(1328,'s6404062636331','$2b$10$UAzLmqcC3jHIjMWFkVOxue.ibYpBv1wRcUFIwiU26RUo.voeD3D3e','s6404062636331@email.kmutnb.ac.th','student','บุญวัตร','หิรัญโรจน์',1,NULL,'2025-10-29 08:56:12','2025-10-29 08:56:12'),(1329,'s6404062636382','$2b$10$lRsxpjlZBxKJTBv3Y599iu6kDKCo173IZcHOiLVZ9FHywWzsBiaEW','s6404062636382@email.kmutnb.ac.th','student','พงศภัทร์','พฤทธิพงศ์พันธุ์',1,NULL,'2025-10-29 08:56:13','2025-10-29 08:56:13'),(1330,'s6404062636391','$2b$10$HHCC0qBpf/c0aRp3K7Y6y.EsvR49268ggnl41k9BIZnk/5BmbSEYa','s6404062636391@email.kmutnb.ac.th','student','พลอยชนก','ทองสิงห์',1,NULL,'2025-10-29 08:56:13','2025-10-29 08:56:13'),(1331,'s6404062636404','$2b$10$LjMEOtfT2NCLPDAL8ezmV.qZTSEvVScYD8Vif/T.KDnqNJLaiiGyK','s6404062636404@email.kmutnb.ac.th','student','พัชรพล','มากพร้อม',1,NULL,'2025-10-29 08:56:13','2025-10-29 08:56:13'),(1332,'s6404062636421','$2b$10$nS/udFRb1E..em9Dv94zvOLQQ1s49jMP17XJoM/XwYIp9gwa6zgEi','s6404062636421@email.kmutnb.ac.th','student','ภานรินทร์','ชมนา',1,NULL,'2025-10-29 08:56:14','2025-10-29 08:56:14'),(1333,'s6404062636463','$2b$10$7w9601crw.khuVRHI4oCtOc6/HARYCAqY9LfGEVhtd0djWQ2iZiV6','s6404062636463@email.kmutnb.ac.th','student','วรพิชญา','ธีราทร',1,NULL,'2025-10-29 08:56:14','2025-10-29 08:56:14'),(1334,'s6404062636510','$2b$10$mEdtUNgWdW3xiI6Z2rL3te8PozqJEaOp7k.2BQYWJI9pkUrW7mj5u','s6404062636510@email.kmutnb.ac.th','student','ศุภกฤต','นาคกุลวัฒน์',1,NULL,'2025-10-29 08:56:15','2025-10-29 08:56:15'),(1335,'s6404062636561','$2b$10$N9/LXfwWQunmcSQH0oSk1Os64uYpj4wS56lxaQ14oFIadxdmkGtHu','s6404062636561@email.kmutnb.ac.th','student','อรรถพล','วงษ์แพทย์',1,NULL,'2025-10-29 08:56:15','2025-10-29 08:56:15'),(1336,'s6404062636498','$2b$10$6yqva.6JOVRV0ClriCZw/OJtdA8e8wwGTcJd4UyAwIWWgXF4qC7Sq','s6404062636498@email.kmutnb.ac.th','student','วิล','กิจวัฒนานุสนธิ์',1,NULL,'2025-10-29 08:56:16','2025-10-29 08:56:16'),(1337,'s6404062660011','$2b$10$YjAhmdGY5Nm8FeBTa6qluOmHABEaHqakGgSzduvJSB3Sz2vBSY9..','s6404062660011@email.kmutnb.ac.th','student','ปธานิน','ทองส่งโสม',1,NULL,'2025-10-29 08:56:16','2025-10-29 08:56:16'),(1338,'s6404062660020','$2b$10$FeJVv7nPUIwSgijwTtEk.urG5rskZD5PtdelsKLqEEhyF6Q8X3U9y','s6404062660020@email.kmutnb.ac.th','student','นาณัฐภาส','สุวรรณจินดา',1,NULL,'2025-10-29 08:56:16','2025-10-29 08:56:16'),(1339,'s6404062663045','$2b$10$f2nIAQuEENoILiYe3limvewnPYubGyY.UI64q.bheIK5zyqxpKhuK','s6404062663045@email.kmutnb.ac.th','student','ชูเกียรติ','แป้นเพชร',1,NULL,'2025-10-29 08:56:17','2025-10-29 08:56:17'),(1340,'s6404062663096','$2b$10$m4f1DAHKrpp8e7gS23a9sOBpYMnfxCN/mYI30Z8LAbyYvOUhzryn6','s6404062663096@email.kmutnb.ac.th','student','สาธิดา','แป้นจันทร์',1,NULL,'2025-10-29 08:56:18','2025-10-29 08:56:18'),(1341,'s6404062663100','$2b$10$gf96c/cZb/0CLSHWgTHlkeqAkH0PS/2mafujaIakSrVNA9iEGLH9m','s6404062663100@email.kmutnb.ac.th','student','กิตติธัช','พูนนายม',1,NULL,'2025-10-29 08:56:18','2025-10-29 08:56:18'),(1342,'s6404062663126','$2b$10$pe9gFOeQgeckM0vcG09s8.gt1EtKUbBBtuhW7Ia2UAzyJdLixjabq','s6404062663126@email.kmutnb.ac.th','student','จิรภัทร','ศิลรักษา',1,NULL,'2025-10-29 08:56:18','2025-10-29 08:56:18'),(1343,'s6404062663053','$2b$10$oq/rOzRzdeDfzi5eUvAnZuVe2i.yG448xbbBw7Xc2iN31gN/Wunu2','s6404062663053@email.kmutnb.ac.th','student','ธนพล','รัตนวรสุทธิ์',1,NULL,'2025-10-29 08:56:18','2025-10-29 08:56:18'),(1344,'s6404062663142','$2b$10$SbkBagNiaqsOOC/K3eFj3edy70Kiwh1t3YsFOVZsVUCPeyIVx5Eue','s6404062663142@email.kmutnb.ac.th','student','ทัตพงศ์','เพียรเจริญ',1,NULL,'2025-10-29 08:56:19','2025-10-29 08:56:19'),(1345,'s6404062663151','$2b$10$6Ma/ipQoojALC/jYu96JrO/XgIJ33zGWIgpZfuo4N.ARAHvbqOgyi','s6404062663151@email.kmutnb.ac.th','student','ทิวัตถ์','ฟุ้งธรรมสาร',1,NULL,'2025-10-29 08:56:19','2025-10-29 08:56:19'),(1346,'s6404062663169','$2b$10$IQJHlZlnEJHpPf6TqSZZ..syBIWco1lB.39Dc.HCvQYWT85Wlhw72','s6404062663169@email.kmutnb.ac.th','student','ธนภัทร','ตกูลภักดีชุมพล',1,NULL,'2025-10-29 08:56:19','2025-10-29 08:56:19'),(1347,'s6404062663185','$2b$10$44zAUh954iITnfb1zMY7MuKdYDGRowlaDppJM8EfYtDBvApc2CKru','s6404062663185@email.kmutnb.ac.th','student','ธนากร','ฉายพระภักตร์',1,NULL,'2025-10-29 08:56:19','2025-10-29 08:56:19'),(1348,'s6404062663207','$2b$10$XMLn5x4HP3nvZ1ozQw//R.2oKynX6wx5S1aFLpIG528uKO37iye/.','s6404062663207@email.kmutnb.ac.th','student','นิธิศ','กูบโคกกรวด',1,NULL,'2025-10-29 08:56:19','2025-10-29 08:56:19'),(1349,'s6404062663223','$2b$10$9Zcx1Y2A53RRel.9HTlI9.qYaG6sDNwzMbBl8c/FM0mgQc58ZD5ke','s6404062663223@email.kmutnb.ac.th','student','ภรัณยู','อนกิจบำรุง',1,NULL,'2025-10-29 08:56:20','2025-10-29 08:56:20'),(1350,'s6404062663240','$2b$10$mIe.I1PYo.eKVKYwyFgo0.hyztaWZZpwvIzap1CdJi5ka0TgYBJCy','s6404062663240@email.kmutnb.ac.th','student','ภูริวัชร์','หนูบุญ',1,NULL,'2025-10-29 08:56:20','2025-10-29 08:56:20'),(1351,'s6404062663177','$2b$10$XB5HYN.eF8PcHOuaBvbX5ux/UTZNODn17Vux9l6BT35WfV7rAchdq','s6404062663177@email.kmutnb.ac.th','student','ธนวัฒน์','หลีมานัน',1,NULL,'2025-10-29 08:56:20','2025-10-29 08:56:20'),(1352,'s6404062663274','$2b$10$lD0qhMoF3IcGpVJ6tRB/EuZqJAcldAiaZiC8J0zLm8I2Zoot3L29a','s6404062663274@email.kmutnb.ac.th','student','ศุภวิชญ์','เพชรฉิม',1,NULL,'2025-10-29 08:56:20','2025-10-29 08:56:20'),(1353,'s6404062636102','$2b$10$9eO4Mf9FtuhuwGTB28QLJuQIPmIQYl5YqOWbpimv0d5rYL.IB7PW6','s6404062636102@email.kmutnb.ac.th','student','ภัทรพล','ภัทรชัยยาคุปต์',1,NULL,'2025-10-29 08:56:22','2025-10-29 08:56:22'),(1354,'s6504062610021','$2b$10$07XQW37Se.77wvMHJSgf.uvn5KGabRawjYss3wlEkBoeJLGn2/ZDi','s6504062610021@email.kmutnb.ac.th','student','กันตณัฐ','สิงหเดโช',1,NULL,'2025-10-29 08:57:13','2025-11-02 18:03:34'),(1355,'s6504062610064','$2b$10$uCAHHHW5f5vF08HfNSC9sOV0jHhqdoh/EArhfIKO9OVU0q6SHmnHq','s6504062610064@email.kmutnb.ac.th','student','ณภัทร','ศรีเกษม',1,NULL,'2025-10-29 08:57:14','2025-10-29 08:57:14'),(1356,'s6504062610129','$2b$10$YACE6hEttS4tHy4Llh0iw.ZouK6KeriV9kNsovvGQ1xQAnzoI1Mna','s6504062610129@email.kmutnb.ac.th','student','ธนภูมิ','สาธิตวาณิชย์เจริญ',1,NULL,'2025-10-29 08:57:15','2025-10-29 08:57:15'),(1357,'s6504062610251','$2b$10$zVayG3vZzd.Bp8rilEYKtuSldS.h5azgNuSA8Z2KIqFy.mx4cjmde','s6504062610251@email.kmutnb.ac.th','student','ศักดิธัช','อินทร์ทอง',1,NULL,'2025-10-29 08:57:17','2025-10-29 08:57:17'),(1358,'s6504062610285','$2b$10$ffjBwqqvfVTYv1zkii6Osugz4gVBHw1w8p.nTwBz2tnp/A2MsNqmq','s6504062610285@email.kmutnb.ac.th','student','สิรภพ','คชเวช',1,NULL,'2025-10-29 08:57:18','2025-10-29 08:57:18'),(1359,'s6504062610323','$2b$10$DbpNgSvE9W.LCMDf/iqfx.r07JYg6ZhVUoAx6IkV.x3MYdoI.GDMm','s6504062610323@email.kmutnb.ac.th','student','อาทินันท์','ยางเอน',1,NULL,'2025-10-29 08:57:18','2025-10-29 08:57:18'),(1360,'s6504062616020','$2b$10$kCmCNZzdlhj6N1uL2jHWeePm7Cb9n96bdaofsGZv1uFgJ65BGXE/S','s6504062616020@email.kmutnb.ac.th','student','เบญจพล','อักษรกลาง',1,NULL,'2025-10-29 08:57:19','2025-10-29 08:57:19'),(1361,'s6504062616046','$2b$10$B3QTT/bCs/fJB9Bk92ZmoOdgPst44xox1AiSH2ww8VoSUIcEMwSvO','s6504062616046@email.kmutnb.ac.th','student','อนุรักษ์','นาคปาน',1,NULL,'2025-10-29 08:57:19','2025-10-29 08:57:19'),(1362,'s6504062616054','$2b$10$fu7bD/kQlMZgH/ueBM6GJeJ4f.5zScxJjRJgplCyR9ejfVty8/FUi','s6504062616054@email.kmutnb.ac.th','student','อภิวัฒน์','ศิวะโกเศศ',1,NULL,'2025-10-29 08:57:19','2025-10-29 08:57:19'),(1363,'s6504062616089','$2b$10$GR1GAVgZPcLwW3ZpNfEYkOorvszn9En8SJlhNt3N4blL2K/xyWfqu','s6504062616089@email.kmutnb.ac.th','student','เปียมสิริ','สัตย์ซ้ำ',1,NULL,'2025-10-29 08:57:20','2025-10-29 08:57:20'),(1364,'s6504062620124','$2b$10$D9bZn/xaubeHFsFZZJ6b6etNINax1opP4rHUfy4idRJu1Fg8pu6Ny','s6504062620124@email.kmutnb.ac.th','student','ศุภวิชญ์','หอมแก่นจันทร์',1,NULL,'2025-10-29 08:57:22','2025-10-29 08:57:22'),(1365,'s6504062620141','$2b$10$jgUrR9Fim3D9SliPm8H/lu/JRR9DfYQxc59VLqhBuyNV7pN7H0zKu','s6504062620141@email.kmutnb.ac.th','student','อธิชา','ช้างศรี',1,NULL,'2025-10-29 08:57:22','2025-10-29 08:57:22'),(1366,'s6504062620183','$2b$10$j/8aKoZUywhbl8i6fcfrsuYvu8LDmmpGaD4sTDE5o4HWeZgQqS626','s6504062620183@email.kmutnb.ac.th','student','ประดิภาส','อุตทาสา',1,NULL,'2025-10-29 08:57:23','2025-10-29 08:57:23'),(1367,'s6504062620205','$2b$10$PVhJBAS/.jxoCzGMOx1F8eCU6Yz2OuWD9wQZ/HS6d/KISYztigFFa','s6504062620205@email.kmutnb.ac.th','student','สุทธรา','พรเลิศสว่างสุข',1,NULL,'2025-10-29 08:57:23','2025-10-29 08:57:23'),(1368,'s6504062620213','$2b$10$rUuSekruJR0NGsucq2duluAa1.Gx/cDLVqmmzMei1uX7RKkh15nSm','s6504062620213@email.kmutnb.ac.th','student','ยุทธนา','ทองใสพร',1,NULL,'2025-10-29 08:57:24','2025-10-29 08:57:24'),(1369,'s6504062630316','$2b$10$5quD9IBT2YdfQAGYXrL1g.rpLlyHAqyadQv59EoPDbqrQsDQX54zS','s6504062630316@email.kmutnb.ac.th','student','สุณัฐธิดา','วิไลสุวรรณศักดิ์',1,NULL,'2025-10-29 08:57:28','2025-10-29 08:57:28'),(1370,'s6504062630324','$2b$10$5zNB4U/OdSwIc56CSLzj/u41h9jQfBhoBdDDFNKQzn.l6wbWWOBCm','s6504062630324@email.kmutnb.ac.th','student','สุรเกียรติ','ทิพย์มนตรี',1,NULL,'2025-10-29 08:57:28','2025-10-29 08:57:28'),(1371,'s6504062630341','$2b$10$xlcVyuraKhlhLdEoVG7wp.RIOVZ3trDntGaD59J76tNH7K7RKllnm','s6504062630341@email.kmutnb.ac.th','student','เสฏฐศักดิ์','สุวรรณแพทย์',1,NULL,'2025-10-29 08:57:28','2025-10-29 08:57:28'),(1372,'s6504062636047','$2b$10$LUheb2wS60mGuv69Lrnum.cZx.03SHCHP2kXNXL7QrJiUsaWviDW.','s6504062636047@email.kmutnb.ac.th','student','ฉิติภูมิ','วงค์ผาบุตร',1,NULL,'2025-10-29 08:57:30','2025-10-29 08:57:30'),(1373,'s6504062636063','$2b$10$JHX2i4EOUeXpF6F4epFmHOBt6QwVeQXTNcNdNGQtCIi5r0TsS4KL2','s6504062636063@email.kmutnb.ac.th','student','ชวกร','เลียดรักษ์',1,NULL,'2025-10-29 08:57:30','2025-10-29 08:57:30'),(1374,'s6504062636071','$2b$10$lKbe9rxNa6Alpux6b7QtrORnJOh1zCrvCgTIDwoFrhfi69My8tVmG','s6504062636071@email.kmutnb.ac.th','student','ชุติพนธ์','คงบาล',1,NULL,'2025-10-29 08:57:30','2025-10-29 08:57:30'),(1375,'s6504062636080','$2b$10$d3rPnJsCdyhwE0TpbhJs8uvGZYj4JQh/QwPURvonAHQnekt4pg/0O','s6504062636080@email.kmutnb.ac.th','student','ไชยวัฒน์','จารัตน์',1,NULL,'2025-10-29 08:57:30','2025-10-29 08:57:30'),(1376,'s6504062636144','$2b$10$wA7q.s2Lqu5LHYf2HRlT5uLlhaRzLSBGTuEULCsXQ5crZjjFvHq9a','s6504062636144@email.kmutnb.ac.th','student','ณัฐวรรณ','แสงพราว',1,NULL,'2025-10-29 08:57:31','2025-10-29 08:57:31'),(1377,'s6504062636161','$2b$10$AY8B0QYGhTXQpooqdDxr.O/N.9brF4a1pFiDVdLV6UfTSGaseQXom','s6504062636161@email.kmutnb.ac.th','student','บารมี','อ่วมอ่อง',1,NULL,'2025-10-29 08:57:31','2025-10-29 08:57:31'),(1378,'s6504062636217','$2b$10$/.lXFX9Dtek8p4b9OiVwQen6NJ9Pa5jYvgU5qRE1knhM0x7Wv0PGK','s6504062636217@email.kmutnb.ac.th','student','พานทองแท้','รัตนชมภู',1,NULL,'2025-10-29 08:57:32','2025-10-29 08:57:32'),(1379,'s6504062636225','$2b$10$UJZxp9HgsRB6mpxI3M8swOU8QZs.XsH98B0sHx1PNSDPahPo8e5me','s6504062636225@email.kmutnb.ac.th','student','พิชิตชัย','เย็นประเสริฐ',1,NULL,'2025-10-29 08:57:32','2025-10-29 08:57:32'),(1380,'s6504062636241','$2b$10$JydwM/PYlyC5.vLUnMl.c.UENYS33wNTSyh6AUvWN1zqJw2hegY5K','s6504062636241@email.kmutnb.ac.th','student','ภาคิน','ไกรธนสอน',1,NULL,'2025-10-29 08:57:33','2025-10-29 08:57:33'),(1381,'s6504062636250','$2b$10$sAzHK5J4ZLBsMquMC8cmb.6qW77HrckbviouFWmF3la75K2yL.DgG','s6504062636250@email.kmutnb.ac.th','student','ภาธรธฤต','เจนอาวุธ',1,NULL,'2025-10-29 08:57:33','2025-10-29 08:57:33'),(1382,'s6504062636306','$2b$10$Dxf5HsicIM49LVwObBE4wekOivxef7wBfn1V4zMjo6Nih8YGumHnS','s6504062636306@email.kmutnb.ac.th','student','วิชชาคม','หนองบัว',1,NULL,'2025-10-29 08:57:34','2025-10-29 08:57:34'),(1383,'s6504062636322','$2b$10$RDgBSHAgSJyRAxx/vok2auZym/A4hFBqnQORx5ZeY.krZq6oL/bgu','s6504062636322@email.kmutnb.ac.th','student','วีรภัทร','เรือนสุข',1,NULL,'2025-10-29 08:57:34','2025-10-29 08:57:34'),(1384,'s6504062636331','$2b$10$h0HA7WY040bZQgH8on1M2.Qk/egMhSfwxW3KFD714.aLbnSUhzxh2','s6504062636331@email.kmutnb.ac.th','student','ศรัญญา','จอกเงิน',1,NULL,'2025-10-29 08:57:34','2025-10-29 08:57:34'),(1385,'s6504062636373','$2b$10$2Hq7fxwWGubVC6jUB4RLAetOjvJA3UPjs78.dicec6TSr00RVuUt6','s6504062636373@email.kmutnb.ac.th','student','อธิป','แสนภักดี',1,NULL,'2025-10-29 08:57:35','2025-10-29 08:57:35'),(1386,'s6504062636390','$2b$10$xcDhUsQAfqEbBH0UwhPG8.VpXwJIa1wsRzVohdj1HbrG5BzJx5bzK','s6504062636390@email.kmutnb.ac.th','student','อภิสิทธิ์','ด่านเจ้าแดง',1,NULL,'2025-10-29 08:57:35','2025-10-29 08:57:35'),(1387,'s6504062636187','$2b$10$QADQKTO3ZOtDmovo3JSqsua7bsx6iE5EXW2Zeny7YyrJL9CiEzjUO','s6504062636187@email.kmutnb.ac.th','student','ปฏิพล','จันทร์บุญ',1,NULL,'2025-10-29 08:57:35','2025-10-29 08:57:35'),(1388,'s6504062660037','$2b$10$KCyVEKQ5gcFdu6Ks7SW08.3aoNun4ghIj.cG2q0o/sHTwfHx0GphC','s6504062660037@email.kmutnb.ac.th','student','ริวดล','สังข์ทอง',1,NULL,'2025-10-29 08:57:36','2025-10-29 08:57:36'),(1389,'s6504062660045','$2b$10$Dkmzj3I71pDRBuIK6rWsMeUF6KhHQqZd9drT6L/yVXks4loS.f5Ha','s6504062660045@email.kmutnb.ac.th','student','วณิชชา','เอกเจริญ',1,NULL,'2025-10-29 08:57:36','2025-10-29 08:57:36'),(1390,'s6504062663010','$2b$10$t4PpiT6ewOCvNNlnapTKdu53unQTkD3JofPC5rWY/a.ZjAhwbRnvK','s6504062663010@email.kmutnb.ac.th','student','กฤษฏิ์ธนทัต','ปาลกะวงศ์ ณ อยุธยา',1,NULL,'2025-10-29 08:57:37','2025-10-29 08:57:37'),(1391,'s6504062663036','$2b$10$2oC5WgAy1NFreC5aC2nQpu.3ksGg7o3QsM7xjHhY4LByDSAJA8qGm','s6504062663036@email.kmutnb.ac.th','student','กันตพิชญ์','จนิษฐ',1,NULL,'2025-10-29 08:57:37','2025-10-29 08:57:37'),(1392,'s6504062663052','$2b$10$8nchIse/ADdXE8JhyYfHCuSZLTZU9OFgbE3i03JDCuzg6fKFWHjvu','s6504062663052@email.kmutnb.ac.th','student','จิรวัฒน์','จิระปฐมไท',1,NULL,'2025-10-29 08:57:37','2025-10-29 08:57:37'),(1393,'s6504062663109','$2b$10$CPRHZ2xda0yqHwTedSY62ulP5zKkuIi8NLPpauIYMbYjJz2TN6WWe','s6504062663109@email.kmutnb.ac.th','student','นภดล','เกตุสุริวงค์',1,NULL,'2025-10-29 08:57:38','2025-10-29 08:57:38'),(1394,'s6504062663125','$2b$10$D/7g0wnxWm7EFsmNhKaTkeSc1dgFrAqR2nW43CaXZzQz6k2Yfb18y','s6504062663125@email.kmutnb.ac.th','student','นันท์นภัสสร','ยางศิลา',1,NULL,'2025-10-29 08:57:38','2025-10-29 08:57:38'),(1395,'s6504062663168','$2b$10$Oz49nBn6gcS.2QWEY95xJ.P5fu/Z2gJ2NjUEUw57ihW4Upf1uj56y','s6504062663168@email.kmutnb.ac.th','student','พัชรพงศ์','หลาซุน',1,NULL,'2025-10-29 08:57:39','2025-10-29 08:57:39'),(1396,'s6504062663176','$2b$10$..AF/3KQF9N5YpfOfR0kuuNmbbpZPJD/zAtHwSOrQI2IWOR0U4grS','s6504062663176@email.kmutnb.ac.th','student','พัฒนไชย','แข่งขัน',1,NULL,'2025-10-29 08:57:39','2025-10-29 08:57:39'),(1397,'s6504062663206','$2b$10$/bE9IEDwuJjC0cWpR0nA/.5e4utTenTvAzBFdFZtooEk4.2huO58e','s6504062663206@email.kmutnb.ac.th','student','ภาวิดา','ใจน้อย',1,NULL,'2025-10-29 08:57:39','2025-10-29 08:57:39'),(1398,'s6504062663214','$2b$10$8rbwQ0k20fz2mxZGRRT9FOXIFEmAYJNEM.eOqOHgqUWtvpk4QVu6a','s6504062663214@email.kmutnb.ac.th','student','ภาวินีย์','รัชฎาเมธีพัฒน์',1,NULL,'2025-10-29 08:57:39','2025-10-29 08:57:39'),(1399,'s6504062663231','$2b$10$yssCF5d4bejE5Z/5s2k6xuHaAAOsPrKIZWgzMcFQA9datXP.zh0aG','s6504062663231@email.kmutnb.ac.th','student','มัชฌิมา','ยอดเดชา',1,NULL,'2025-10-29 08:57:40','2025-10-29 08:57:40'),(1400,'s6504062663257','$2b$10$2rA3QG1QQd5nOrglONkKYO1RJRYoywWQ4jKJaz75X9OGf0pTWyQHe','s6504062663257@email.kmutnb.ac.th','student','ศุทธวีร์','เสือโต',1,NULL,'2025-10-29 08:57:40','2025-10-29 08:57:40'),(1401,'s6504062663265','$2b$10$.XjT61uC3QNs8vW2gVOdROVZ9ndsljWgfxzmzRl0PvuTPjeKoek4.','s6504062663265@email.kmutnb.ac.th','student','สุรเชษฐ์','ศรีพงษ์',1,NULL,'2025-10-29 08:57:40','2025-10-29 08:57:40'),(1402,'s6504062663044','$2b$10$21hM8UHJYAuIB2rAe.He6.9cOw97Yoa/p1c2gTDiJb/qj9ONpzG/6','s6504062663044@email.kmutnb.ac.th','student','จักรภัทร','ถาวรรัตน์',1,NULL,'2025-10-29 08:57:41','2025-10-29 08:57:41'),(1403,'s6504062630457','$2b$10$qqssyDhMQB/8frL7vc2Pe.F72JlWtW8OGi8S47Y7R6BzFGr7trpgm','s6504062630457@email.kmutnb.ac.th','student','พงศพล','ตากเกษม',1,NULL,'2025-10-29 08:57:43','2025-10-29 08:57:43'),(1432,'s6604062600001','$2b$10$TKJMNLrPRMehcqDcOdY.6.0w/lpoe06J4An6NvzT01Cnq3FiL7ai.','s6604062600001@email.kmutnb.ac.th','student','ทดสอบ1','คำร้อง1',1,'2025-11-06 09:25:33','2025-11-01 07:25:22','2025-11-06 02:25:33'),(1435,'s6604062600004','$2b$10$sPMPTRMQ.O2/QfK7scpXhOTui1a8s6Ui44ssvKDaCCMFTQf9uT.J2','s6604062600004@email.kmutnb.ac.th','student','ทดสอบ4','บันทึกลงเวลา1',1,'2025-11-06 03:52:10','2025-11-01 07:55:42','2025-11-05 20:52:10'),(1436,'s6604062600005','$2b$10$RbpdBFZAaDwJIGUwPLIl2.jW4F155K11RlFq8rKnI2zVoOpFvl.4C','s6604062600005@email.kmutnb.ac.th','student','ทดสอบ5','บันทึกลงเวลา2',1,'2025-11-06 03:53:33','2025-11-01 07:59:40','2025-11-05 20:53:33'),(1437,'s6604062600002','$2b$10$PhOcyIfvlOqhYmSYrlaKyuMdlLq/OrO2.Pvn5JNfygeT4cROMOe5i','s6604062600002@email.kmutnb.ac.th','student','ทดสอบ2','คำร้อง2',1,'2025-11-06 09:26:44','2025-11-01 08:03:25','2025-11-06 02:26:44'),(1438,'s6604062600003','$2b$10$4tHVBl/bprDJsBfiQP3eIemKWWAg.EGQntLkToqKsk2JyX0zN8ouK','s6604062600003@email.kmutnb.ac.th','student','ทดสอบ3','คำร้อง3',1,'2025-11-03 18:51:37','2025-11-01 08:05:38','2025-11-03 11:51:37'),(1439,'s6604062600006','$2b$10$tJJW2yTrj17z9xu1NjJ5qeyp3Iz8SUW0W7CbYPojXe42EqtVUQJm.','s6604062600006@email.kmutnb.ac.th','student','ทดสอบ6','บันทึกลงเวลา3',1,'2025-11-02 17:40:09','2025-11-01 09:19:59','2025-11-02 15:30:36'),(1440,'s6604062600007','$2b$10$QhirE/8vIBEcw0B0egXDkeEHDmmbGV61m084d3iHPGoMgGV5rfWXa','s6604062600007@email.kmutnb.ac.th','student','ทดสอบ7','บันทึกลงเวลา4',1,'2025-11-05 02:09:23','2025-11-01 09:19:59','2025-11-04 19:09:23'),(1441,'s6604062600000','$2b$10$tA3LqFVKmnui8u.8VsIFOehugxVbkAqwMdXZQtFYUVda8BtOzkcWa','s6604062600000@email.kmutnb.ac.th','student','ทดสอบ','สำหรับกรอก คพ05',1,'2025-11-06 10:44:36','2025-11-01 15:14:14','2025-11-06 03:44:36'),(1444,'kchaos1150','$2b$10$SV3u3ofdHKN5vNetOEYHHuAMYQ2jW4gSdCd2UlrXx5miOKcY9GqiG','kchaos1150@gmail.com','teacher','ทดสอบ','อาจารย์',1,'2025-11-05 22:57:48','2025-11-02 14:19:21','2025-11-05 15:57:48'),(1445,'s6504062600001','$2b$10$FFTrvd3IyhvK7Ng2ccd4LOMbj0Bw0kzpR57s7D2jxBa24QJjoQSxC','6504062600001@email.kmutnb.ac.th','student','ทดสอบ1','โครงานพิเศษ1',1,'2025-11-04 00:42:32','2025-11-02 14:26:08','2025-11-03 17:42:32'),(1446,'s6504062600002','$2b$10$IjPdRZeBd5/Ce7Gu2Fi0Hu4HRf9LW9EGqD4dkPKi1COPWAjhm9Y3a','6504062600002@email.kmutnb.ac.th','student','ทดสอบ2','โครงานพิเศษ1',1,NULL,'2025-11-02 14:48:18','2025-11-02 15:47:24'),(1447,'s6504062600003','$2b$10$Ehbh/JP1AZ572dswQ7vrU.2sXZ1j8eGad8k0WQEwbUxH.WLt1jvQq','6504062600003@email.kmutnb.ac.th','student','ทดสอบ3','ขอทดสอบระบบ',1,'2025-11-04 00:42:55','2025-11-02 16:21:54','2025-11-03 17:42:55'),(1448,'s6504062600004','$2b$10$vEj11GmexrPx8K4Wll0I/umZFxgQzsJMpqRt03CuBx1wjs4bIvCSu','6504062600004@email.kmutnb.ac.th','student','ทดสอบ4','ขอทดสอบระบบ',1,NULL,'2025-11-02 16:24:55','2025-11-02 16:25:26'),(1449,'s6504062600005','$2b$10$67m4zuXKUJlsOJtBqzc7dejth3iKS1ddOPACGosvtz4NyO9aZpxSm','6504062600005@email.kmutnb.ac.th','student','ทดสอบ5','โครงานพิเศษ2',1,'2025-11-05 22:57:31','2025-11-02 16:31:14','2025-11-05 15:57:31'),(1450,'s6504062600006','$2b$10$h4lU7eVLmHNRg1qkfJjeeOFisteHFLXR1a8J6HDlEH36kHnVeyBuO','6504062600006@email.kmutnb.ac.th','student','ทดสอบ6','โครงานพิเศษ2',1,'2025-11-05 22:58:35','2025-11-02 16:31:56','2025-11-05 15:58:35'),(1451,'s6504062600007','$2b$10$/e5WmXd054crcYFY1Z7oOuoCCfQXfgRT4a1pKz0ccsZkA7GCZKb0u','6504062600007@email.kmutnb.ac.th','student','ทดสอบ7','กรณีคู่โปรเจคข้ามชั้นปี',1,'2025-11-05 02:18:29','2025-11-02 20:12:53','2025-11-04 19:18:29'),(1452,'s6404062600007','$2b$10$uF6xr8Aucxo/pZrGeqlrj.8.jjx7xRHJnEOfBcI3dGipmIK3l5PTK','6404062600007@email.kmutnb.ac.th','student','ทดสอบ8','กรณีคู่โปรเจคข้ามชั้นปี',1,'2025-11-06 03:47:29','2025-11-03 14:54:18','2025-11-05 20:47:29'),(1453,'s6504062600008','$2b$10$wrn8kzjUEAk428DF82CWGel2IZJqZIWM7b1cguq8DGuov1dg7OUrC','s6504062600008@email.kmutnb.ac.th','student','ผู้ใช้งาน','กรณีมีที่ปรึกษาร่วม',1,'2025-11-06 09:42:16','2025-11-05 08:31:16','2025-11-06 02:42:16'),(1454,'s6504062600009','$2b$10$mDLYn8ICweyLkX/ipFmTMOwjRfSfS6YbBHQIqiyBmu3yAF20fC0ZW','s6504062600009@email.kmutnb.ac.th','student','ผู้ใช้งาน','กรณีมีที่ปรึกษาร่วม',1,'2025-11-06 09:33:48','2025-11-05 08:31:16','2025-11-06 02:33:48'),(1455,'s6504062600010','$2b$10$gupzIDvKsx2uqQZ3mU5dsetYUYrvo/TYB4ANfXrrZNc2/g2FZ/2LS','s6504062600010@email.kmutnb.ac.th','student','ผู้ใช้งาน','ทดสอบ',1,'2025-11-05 17:10:48','2025-11-05 08:31:16','2025-11-05 10:10:48'),(1456,'s6504062600011','$2b$10$9IxJrYxrFmKcjlnOeky0TeBV5yWQBGDmy8O94VvGbVoinHuRSHgmC','s6504062600011@email.kmutnb.ac.th','student','ผู้ใช้งาน','ทดสอบ',1,'2025-11-05 17:08:50','2025-11-05 08:31:16','2025-11-05 10:08:50'),(1457,'s6604062600008','$2b$10$uQbE.n1I0WkOtuZM4XmnseEOKxFSsqykiT5H6Tgu54ArXsVbMkGoi','s6604062600008@email.kmutnb.ac.th','student','ผู้ใช้งาน','กรณีฝึกงานแล้วอยากกลับ',1,'2025-11-05 22:24:38','2025-11-05 08:31:16','2025-11-05 15:24:38'),(1458,'s6604062600009','$2b$10$jpxaL1BQNMn9GqY3rxbjBu7Hv7ca471rI5l47ldRwPpOdUVxxclVi','s6604062600009@email.kmutnb.ac.th','student','ผู้ใช้งาน','ทดสอบ',1,'2025-11-06 09:40:56','2025-11-05 08:31:16','2025-11-06 02:40:56'),(1459,'s6604062600010','$2b$10$Wu.w.HJRe2QwFBNNgstXZuwTU3I2EowSFp1X5V1doXoASyRB2N/hC','s6604062600010@email.kmutnb.ac.th','student','ผู้ใช้งาน','ทดสอบ',1,NULL,'2025-11-05 08:31:16','2025-11-05 08:33:44'),(1460,'s6604062600011','$2b$10$3hB1GZi1rQ3X4QUVfI57AOeLEITVA38GQtAHC4mzr5u5UGh5InWSy','s6604062600011@email.kmutnb.ac.th','student','ผู้ใช้งาน','ทดสอบ',1,NULL,'2025-11-05 08:31:17','2025-11-05 08:33:44'),(1461,'test.s','$2b$10$hPJmPikcdXXMfJpwiuk8FOqpzaRGEjkxZuobaacNSHnNPz8hva5KW','test.s@gmail.com','teacher','ทดสอบ','อาจารย์ที่ปรึกษาร่วม',1,'2025-11-06 07:15:55','2025-11-05 08:45:46','2025-11-06 00:15:55'),(1462,'s6504062600012','$2b$10$yGYAqZZASox//FRQ2X9EGu3qQiJmeWHMHkojl9zrSfjsn7ssfZqD2','s6504062600012@email.kmutnb.ac.th','student','ผู้ใช้งาน','ทดสอบ',1,NULL,'2025-11-06 02:51:57','2025-11-06 02:54:27'),(1463,'s6504062600013','$2b$10$oAyJkzFKSVTcEOFLM9H2TuqZj7weuaXjrqopvRZRh4z85YL2vO8km','s6504062600013@email.kmutnb.ac.th','student','ผู้ใช้งาน','ทดสอบ',1,NULL,'2025-11-06 02:51:57','2025-11-06 02:54:41'),(1464,'s6504062600014','$2b$10$A7r6UftAZmTFkasYi4rqku8pYSnRK77D/BTYyyZfnwyjXcooU9KaC','s6504062600014@email.kmutnb.ac.th','student','ผู้ใช้งาน','ทดสอบ',1,NULL,'2025-11-06 02:51:57','2025-11-06 02:52:25'),(1465,'s6504062600015','$2b$10$WFSXDHaceAtQe.sMgWSoy.tCcvFBZ/t5AqTkUyjV99AFaqXaIVaY.','s6504062600015@email.kmutnb.ac.th','student','ผู้ใช้งาน','ทดสอบ',1,NULL,'2025-11-06 02:51:57','2025-11-06 02:52:25'),(1466,'s6504062600016','$2b$10$J/rxkD/oGEkxVMuYp0yFRuIHkaqL/y0uHym0MBzt8WGxZtLigI8a.','s6504062600016@email.kmutnb.ac.th','student','ผู้ใช้งาน','ทดสอบ',1,NULL,'2025-11-06 02:51:57','2025-11-06 02:52:26'),(1467,'s6504062600017','$2b$10$cxeTKs12K8jmzjHtAs.riu9/G5WO8NTzHWTf5PGN308Q9O7O/0mya','s6504062600017@email.kmutnb.ac.th','student','ผู้ใช้งาน','ทดสอบ',1,NULL,'2025-11-06 02:51:58','2025-11-06 02:52:26');
/*!40000 ALTER TABLE `users` ENABLE KEYS */;
UNLOCK TABLES;

--
-- Table structure for table `workflow_step_definitions`
--

DROP TABLE IF EXISTS `workflow_step_definitions`;
/*!40101 SET @saved_cs_client     = @@character_set_client */;
/*!50503 SET character_set_client = utf8mb4 */;
CREATE TABLE `workflow_step_definitions` (
  `step_id` int NOT NULL AUTO_INCREMENT,
  `workflow_type` enum('internship','project1','project2') NOT NULL,
  `step_key` varchar(255) NOT NULL,
  `step_order` int NOT NULL,
  `title` varchar(255) NOT NULL,
  `description_template` text,
  `created_at` datetime NOT NULL DEFAULT CURRENT_TIMESTAMP,
  `updated_at` datetime NOT NULL DEFAULT CURRENT_TIMESTAMP,
  PRIMARY KEY (`step_id`),
  UNIQUE KEY `uq_workflow_type_step_key` (`workflow_type`,`step_key`),
  KEY `idx_workflow_type_step_order` (`workflow_type`,`step_order`)
) ENGINE=InnoDB AUTO_INCREMENT=28 DEFAULT CHARSET=utf8mb4 COLLATE=utf8mb4_0900_ai_ci;
/*!40101 SET character_set_client = @saved_cs_client */;

--
-- Dumping data for table `workflow_step_definitions`
--

LOCK TABLES `workflow_step_definitions` WRITE;
/*!40000 ALTER TABLE `workflow_step_definitions` DISABLE KEYS */;
/*!40000 ALTER TABLE `workflow_step_definitions` ENABLE KEYS */;
UNLOCK TABLES;
/*!40103 SET TIME_ZONE=@OLD_TIME_ZONE */;

/*!40101 SET SQL_MODE=@OLD_SQL_MODE */;
/*!40014 SET FOREIGN_KEY_CHECKS=@OLD_FOREIGN_KEY_CHECKS */;
/*!40014 SET UNIQUE_CHECKS=@OLD_UNIQUE_CHECKS */;
/*!40101 SET CHARACTER_SET_CLIENT=@OLD_CHARACTER_SET_CLIENT */;
/*!40101 SET CHARACTER_SET_RESULTS=@OLD_CHARACTER_SET_RESULTS */;
/*!40101 SET COLLATION_CONNECTION=@OLD_COLLATION_CONNECTION */;
/*!40111 SET SQL_NOTES=@OLD_SQL_NOTES */;

-- Dump completed on 2025-12-04 12:47:19
